nohup: ignoring input
listening...
{
  "from": 164906676,
  "to": 4294967295,
  "decoded": {
    "portnum": "TELEMETRY_APP",
    "payload": "b'\\r\\xae\\x0c\\x00\\x00\\x12\\x14\\x08e\\x15\\xf0\\xa7\\x92@\\x1d\\x00\\x00\\x00\\x00%\\x00\\x00\\x00\\x00(\\xf0\\x18'",
    "telemetry": {
      "time": 3246,
      "deviceMetrics": {
        "batteryLevel": 101,
        "voltage": 4.583,
        "channelUtilization": 0.0,
        "airUtilTx": 0.0,
        "uptimeSeconds": 3184
      },
      "raw": "time: 3246\ndevice_metrics {\n  battery_level: 101\n  voltage: 4.583\n  channel_utilization: 0\n  air_util_tx: 0\n  uptime_seconds: 3184\n}\n"
    }
  },
  "id": 3737216644,
  "hopLimit": 3,
  "priority": "BACKGROUND",
  "raw": "from: 164906676\nto: 4294967295\ndecoded {\n  portnum: TELEMETRY_APP\n  payload: \"\\r\\256\\014\\000\\000\\022\\024\\010e\\025\\360\\247\\222@\\035\\000\\000\\000\\000%\\000\\000\\000\\000(\\360\\030\"\n}\nid: 3737216644\nhop_limit: 3\npriority: BACKGROUND\n",
  "fromId": "!09d446b4",
  "toId": "^all"
}
============================================================
{
  "from": 164906676,
  "to": 4294967295,
  "decoded": {
    "portnum": "TELEMETRY_APP",
    "payload": "b'\\r\\xea\\x0c\\x00\\x00\\x12\\x14\\x08e\\x15+\\x87\\x92@\\x1d\\x00\\x00\\x00\\x00%\\x00\\x00\\x00\\x00(\\xac\\x19'",
    "telemetry": {
      "time": 3306,
      "deviceMetrics": {
        "batteryLevel": 101,
        "voltage": 4.579,
        "channelUtilization": 0.0,
        "airUtilTx": 0.0,
        "uptimeSeconds": 3244
      },
      "raw": "time: 3306\ndevice_metrics {\n  battery_level: 101\n  voltage: 4.579\n  channel_utilization: 0\n  air_util_tx: 0\n  uptime_seconds: 3244\n}\n"
    }
  },
  "id": 257659525,
  "hopLimit": 3,
  "priority": "BACKGROUND",
  "raw": "from: 164906676\nto: 4294967295\ndecoded {\n  portnum: TELEMETRY_APP\n  payload: \"\\r\\352\\014\\000\\000\\022\\024\\010e\\025+\\207\\222@\\035\\000\\000\\000\\000%\\000\\000\\000\\000(\\254\\031\"\n}\nid: 257659525\nhop_limit: 3\npriority: BACKGROUND\n",
  "fromId": "!09d446b4",
  "toId": "^all"
}
============================================================
{
  "from": 164906676,
  "to": 4294967295,
  "decoded": {
    "portnum": "TELEMETRY_APP",
    "payload": "b'\\r&\\r\\x00\\x00\\x12\\x14\\x08e\\x15\\x7fj\\x94@\\x1d\\x00\\x00\\x00\\x00%\\x00\\x00\\x00\\x00(\\xe8\\x19'",
    "telemetry": {
      "time": 3366,
      "deviceMetrics": {
        "batteryLevel": 101,
        "voltage": 4.638,
        "channelUtilization": 0.0,
        "airUtilTx": 0.0,
        "uptimeSeconds": 3304
      },
      "raw": "time: 3366\ndevice_metrics {\n  battery_level: 101\n  voltage: 4.638\n  channel_utilization: 0\n  air_util_tx: 0\n  uptime_seconds: 3304\n}\n"
    }
  },
  "id": 1552795270,
  "hopLimit": 3,
  "priority": "BACKGROUND",
  "raw": "from: 164906676\nto: 4294967295\ndecoded {\n  portnum: TELEMETRY_APP\n  payload: \"\\r&\\r\\000\\000\\022\\024\\010e\\025\\177j\\224@\\035\\000\\000\\000\\000%\\000\\000\\000\\000(\\350\\031\"\n}\nid: 1552795270\nhop_limit: 3\npriority: BACKGROUND\n",
  "fromId": "!09d446b4",
  "toId": "^all"
}
============================================================
{
  "from": 164906676,
  "to": 4294967295,
  "decoded": {
    "portnum": "TELEMETRY_APP",
    "payload": "b'\\rb\\r\\x00\\x00\\x12\\x14\\x08e\\x15\\x87\\x16\\x95@\\x1d\\x00\\x00\\x00\\x00%\\x00\\x00\\x00\\x00(\\xa4\\x1a'",
    "telemetry": {
      "time": 3426,
      "deviceMetrics": {
        "batteryLevel": 101,
        "voltage": 4.659,
        "channelUtilization": 0.0,
        "airUtilTx": 0.0,
        "uptimeSeconds": 3364
      },
      "raw": "time: 3426\ndevice_metrics {\n  battery_level: 101\n  voltage: 4.659\n  channel_utilization: 0\n  air_util_tx: 0\n  uptime_seconds: 3364\n}\n"
    }
  },
  "id": 781508231,
  "hopLimit": 3,
  "priority": "BACKGROUND",
  "raw": "from: 164906676\nto: 4294967295\ndecoded {\n  portnum: TELEMETRY_APP\n  payload: \"\\rb\\r\\000\\000\\022\\024\\010e\\025\\207\\026\\225@\\035\\000\\000\\000\\000%\\000\\000\\000\\000(\\244\\032\"\n}\nid: 781508231\nhop_limit: 3\npriority: BACKGROUND\n",
  "fromId": "!09d446b4",
  "toId": "^all"
}
============================================================
{
  "from": 164906676,
  "to": 4294967295,
  "decoded": {
    "portnum": "TELEMETRY_APP",
    "payload": "b'\\r\\x9e\\r\\x00\\x00\\x12\\x14\\x08e\\x15\\xac\\x1c\\x92@\\x1d\\x00\\x00\\x00\\x00%\\x00\\x00\\x00\\x00(\\xe0\\x1a'",
    "telemetry": {
      "time": 3486,
      "deviceMetrics": {
        "batteryLevel": 101,
        "voltage": 4.566,
        "channelUtilization": 0.0,
        "airUtilTx": 0.0,
        "uptimeSeconds": 3424
      },
      "raw": "time: 3486\ndevice_metrics {\n  battery_level: 101\n  voltage: 4.566\n  channel_utilization: 0\n  air_util_tx: 0\n  uptime_seconds: 3424\n}\n"
    }
  },
  "id": 1014100616,
  "hopLimit": 3,
  "priority": "BACKGROUND",
  "raw": "from: 164906676\nto: 4294967295\ndecoded {\n  portnum: TELEMETRY_APP\n  payload: \"\\r\\236\\r\\000\\000\\022\\024\\010e\\025\\254\\034\\222@\\035\\000\\000\\000\\000%\\000\\000\\000\\000(\\340\\032\"\n}\nid: 1014100616\nhop_limit: 3\npriority: BACKGROUND\n",
  "fromId": "!09d446b4",
  "toId": "^all"
}
============================================================
{
  "from": 164906676,
  "to": 4294967295,
  "decoded": {
    "portnum": "TELEMETRY_APP",
    "payload": "b'\\r\\xda\\r\\x00\\x00\\x12\\x14\\x08e\\x15w\\xbe\\x93@\\x1d\\x00\\x00\\x00\\x00%\\x00\\x00\\x00\\x00(\\x9c\\x1b'",
    "telemetry": {
      "time": 3546,
      "deviceMetrics": {
        "batteryLevel": 101,
        "voltage": 4.617,
        "channelUtilization": 0.0,
        "airUtilTx": 0.0,
        "uptimeSeconds": 3484
      },
      "raw": "time: 3546\ndevice_metrics {\n  battery_level: 101\n  voltage: 4.617\n  channel_utilization: 0\n  air_util_tx: 0\n  uptime_seconds: 3484\n}\n"
    }
  },
  "id": 4137325193,
  "hopLimit": 3,
  "priority": "BACKGROUND",
  "raw": "from: 164906676\nto: 4294967295\ndecoded {\n  portnum: TELEMETRY_APP\n  payload: \"\\r\\332\\r\\000\\000\\022\\024\\010e\\025w\\276\\223@\\035\\000\\000\\000\\000%\\000\\000\\000\\000(\\234\\033\"\n}\nid: 4137325193\nhop_limit: 3\npriority: BACKGROUND\n",
  "fromId": "!09d446b4",
  "toId": "^all"
}
============================================================
{
  "from": 164906676,
  "to": 4294967295,
  "decoded": {
    "portnum": "TELEMETRY_APP",
    "payload": "b'\\r\\x16\\x0e\\x00\\x00\\x12\\x14\\x08e\\x15{\\x14\\x96@\\x1d\\x00\\x00\\x00\\x00%\\x00\\x00\\x00\\x00(\\xd8\\x1b'",
    "telemetry": {
      "time": 3606,
      "deviceMetrics": {
        "batteryLevel": 101,
        "voltage": 4.69,
        "channelUtilization": 0.0,
        "airUtilTx": 0.0,
        "uptimeSeconds": 3544
      },
      "raw": "time: 3606\ndevice_metrics {\n  battery_level: 101\n  voltage: 4.69\n  channel_utilization: 0\n  air_util_tx: 0\n  uptime_seconds: 3544\n}\n"
    }
  },
  "id": 2271563402,
  "hopLimit": 3,
  "priority": "BACKGROUND",
  "raw": "from: 164906676\nto: 4294967295\ndecoded {\n  portnum: TELEMETRY_APP\n  payload: \"\\r\\026\\016\\000\\000\\022\\024\\010e\\025{\\024\\226@\\035\\000\\000\\000\\000%\\000\\000\\000\\000(\\330\\033\"\n}\nid: 2271563402\nhop_limit: 3\npriority: BACKGROUND\n",
  "fromId": "!09d446b4",
  "toId": "^all"
}
============================================================
{
  "from": 164906676,
  "to": 4294967295,
  "decoded": {
    "portnum": "TELEMETRY_APP",
    "payload": "b'\\rR\\x0e\\x00\\x00\\x12\\x14\\x08e\\x15\\xe7\\xfb\\x95@\\x1d\\x00\\x00\\x00\\x00%\\x00\\x00\\x00\\x00(\\x94\\x1c'",
    "telemetry": {
      "time": 3666,
      "deviceMetrics": {
        "batteryLevel": 101,
        "voltage": 4.687,
        "channelUtilization": 0.0,
        "airUtilTx": 0.0,
        "uptimeSeconds": 3604
      },
      "raw": "time: 3666\ndevice_metrics {\n  battery_level: 101\n  voltage: 4.687\n  channel_utilization: 0\n  air_util_tx: 0\n  uptime_seconds: 3604\n}\n"
    }
  },
  "id": 3494527627,
  "hopLimit": 3,
  "priority": "BACKGROUND",
  "raw": "from: 164906676\nto: 4294967295\ndecoded {\n  portnum: TELEMETRY_APP\n  payload: \"\\rR\\016\\000\\000\\022\\024\\010e\\025\\347\\373\\225@\\035\\000\\000\\000\\000%\\000\\000\\000\\000(\\224\\034\"\n}\nid: 3494527627\nhop_limit: 3\npriority: BACKGROUND\n",
  "fromId": "!09d446b4",
  "toId": "^all"
}
============================================================
{
  "from": 164906676,
  "to": 4294967295,
  "decoded": {
    "portnum": "TELEMETRY_APP",
    "payload": "b'\\r\\x8e\\x0e\\x00\\x00\\x12\\x14\\x08e\\x15u\\x93\\x94@\\x1d\\x00\\x00\\x00\\x00%\\x00\\x00\\x00\\x00(\\xd0\\x1c'",
    "telemetry": {
      "time": 3726,
      "deviceMetrics": {
        "batteryLevel": 101,
        "voltage": 4.643,
        "channelUtilization": 0.0,
        "airUtilTx": 0.0,
        "uptimeSeconds": 3664
      },
      "raw": "time: 3726\ndevice_metrics {\n  battery_level: 101\n  voltage: 4.643\n  channel_utilization: 0\n  air_util_tx: 0\n  uptime_seconds: 3664\n}\n"
    }
  },
  "id": 2698788492,
  "hopLimit": 3,
  "priority": "BACKGROUND",
  "raw": "from: 164906676\nto: 4294967295\ndecoded {\n  portnum: TELEMETRY_APP\n  payload: \"\\r\\216\\016\\000\\000\\022\\024\\010e\\025u\\223\\224@\\035\\000\\000\\000\\000%\\000\\000\\000\\000(\\320\\034\"\n}\nid: 2698788492\nhop_limit: 3\npriority: BACKGROUND\n",
  "fromId": "!09d446b4",
  "toId": "^all"
}
============================================================
{
  "from": 164906676,
  "to": 4294967295,
  "decoded": {
    "portnum": "TELEMETRY_APP",
    "payload": "b'\\r\\x8e\\x0e\\x00\\x002\\x1e\\x08\\xd0\\x1c(\\x030\\x038\\x01@\\x01`\\xb0\\x9a\\x0fh\\xc8\\xd4\\x04x\\x9a\\xff\\xff\\xff\\xff\\xff\\xff\\xff\\xff\\x01'",
    "telemetry": {
      "time": 3726,
      "localStats": {
        "uptimeSeconds": 3664,
        "numPacketsRx": 3,
        "numPacketsRxBad": 3,
        "numOnlineNodes": 1,
        "numTotalNodes": 1,
        "heapTotalBytes": 249136,
        "heapFreeBytes": 76360,
        "noiseFloor": -102
      },
      "raw": "time: 3726\nlocal_stats {\n  uptime_seconds: 3664\n  num_packets_rx: 3\n  num_packets_rx_bad: 3\n  num_online_nodes: 1\n  num_total_nodes: 1\n  heap_total_bytes: 249136\n  heap_free_bytes: 76360\n  noise_floor: -102\n}\n"
    }
  },
  "id": 2506072717,
  "hopLimit": 3,
  "priority": "BACKGROUND",
  "raw": "from: 164906676\nto: 4294967295\ndecoded {\n  portnum: TELEMETRY_APP\n  payload: \"\\r\\216\\016\\000\\0002\\036\\010\\320\\034(\\0030\\0038\\001@\\001`\\260\\232\\017h\\310\\324\\004x\\232\\377\\377\\377\\377\\377\\377\\377\\377\\001\"\n}\nid: 2506072717\nhop_limit: 3\npriority: BACKGROUND\n",
  "fromId": "!09d446b4",
  "toId": "^all"
}
============================================================
{
  "from": 164906676,
  "to": 4294967295,
  "decoded": {
    "portnum": "TELEMETRY_APP",
    "payload": "b'\\r\\xca\\x0e\\x00\\x00\\x12\\x14\\x08e\\x15B`\\x91@\\x1d\\x00\\x00\\x00\\x00%\\x00\\x00\\x00\\x00(\\x8c\\x1d'",
    "telemetry": {
      "time": 3786,
      "deviceMetrics": {
        "batteryLevel": 101,
        "voltage": 4.543,
        "channelUtilization": 0.0,
        "airUtilTx": 0.0,
        "uptimeSeconds": 3724
      },
      "raw": "time: 3786\ndevice_metrics {\n  battery_level: 101\n  voltage: 4.543\n  channel_utilization: 0\n  air_util_tx: 0\n  uptime_seconds: 3724\n}\n"
    }
  },
  "id": 3596976782,
  "hopLimit": 3,
  "priority": "BACKGROUND",
  "raw": "from: 164906676\nto: 4294967295\ndecoded {\n  portnum: TELEMETRY_APP\n  payload: \"\\r\\312\\016\\000\\000\\022\\024\\010e\\025B`\\221@\\035\\000\\000\\000\\000%\\000\\000\\000\\000(\\214\\035\"\n}\nid: 3596976782\nhop_limit: 3\npriority: BACKGROUND\n",
  "fromId": "!09d446b4",
  "toId": "^all"
}
============================================================
{
  "from": 164906676,
  "to": 4294967295,
  "decoded": {
    "portnum": "TELEMETRY_APP",
    "payload": "b'\\r\\x06\\x0f\\x00\\x00\\x12\\x14\\x08e\\x15R\\xb8\\x92@\\x1d\\x00\\x00\\x00\\x00%\\x00\\x00\\x00\\x00(\\xc8\\x1d'",
    "telemetry": {
      "time": 3846,
      "deviceMetrics": {
        "batteryLevel": 101,
        "voltage": 4.585,
        "channelUtilization": 0.0,
        "airUtilTx": 0.0,
        "uptimeSeconds": 3784
      },
      "raw": "time: 3846\ndevice_metrics {\n  battery_level: 101\n  voltage: 4.585\n  channel_utilization: 0\n  air_util_tx: 0\n  uptime_seconds: 3784\n}\n"
    }
  },
  "id": 1312936591,
  "hopLimit": 3,
  "priority": "BACKGROUND",
  "raw": "from: 164906676\nto: 4294967295\ndecoded {\n  portnum: TELEMETRY_APP\n  payload: \"\\r\\006\\017\\000\\000\\022\\024\\010e\\025R\\270\\222@\\035\\000\\000\\000\\000%\\000\\000\\000\\000(\\310\\035\"\n}\nid: 1312936591\nhop_limit: 3\npriority: BACKGROUND\n",
  "fromId": "!09d446b4",
  "toId": "^all"
}
============================================================
{
  "from": 164906676,
  "to": 4294967295,
  "decoded": {
    "portnum": "TELEMETRY_APP",
    "payload": "b'\\rB\\x0f\\x00\\x00\\x12\\x14\\x08e\\x15j\\xbc\\x94@\\x1d\\x00\\x00\\x00\\x00%\\x00\\x00\\x00\\x00(\\x84\\x1e'",
    "telemetry": {
      "time": 3906,
      "deviceMetrics": {
        "batteryLevel": 101,
        "voltage": 4.648,
        "channelUtilization": 0.0,
        "airUtilTx": 0.0,
        "uptimeSeconds": 3844
      },
      "raw": "time: 3906\ndevice_metrics {\n  battery_level: 101\n  voltage: 4.648\n  channel_utilization: 0\n  air_util_tx: 0\n  uptime_seconds: 3844\n}\n"
    }
  },
  "id": 3154854544,
  "hopLimit": 3,
  "priority": "BACKGROUND",
  "raw": "from: 164906676\nto: 4294967295\ndecoded {\n  portnum: TELEMETRY_APP\n  payload: \"\\rB\\017\\000\\000\\022\\024\\010e\\025j\\274\\224@\\035\\000\\000\\000\\000%\\000\\000\\000\\000(\\204\\036\"\n}\nid: 3154854544\nhop_limit: 3\npriority: BACKGROUND\n",
  "fromId": "!09d446b4",
  "toId": "^all"
}
============================================================
{
  "from": 164906676,
  "to": 4294967295,
  "decoded": {
    "portnum": "TELEMETRY_APP",
    "payload": "b'\\r~\\x0f\\x00\\x00\\x12\\x14\\x08e\\x15\\x98n\\x96@\\x1d\\x00\\x00\\x00\\x00%\\x00\\x00\\x00\\x00(\\xc0\\x1e'",
    "telemetry": {
      "time": 3966,
      "deviceMetrics": {
        "batteryLevel": 101,
        "voltage": 4.701,
        "channelUtilization": 0.0,
        "airUtilTx": 0.0,
        "uptimeSeconds": 3904
      },
      "raw": "time: 3966\ndevice_metrics {\n  battery_level: 101\n  voltage: 4.701\n  channel_utilization: 0\n  air_util_tx: 0\n  uptime_seconds: 3904\n}\n"
    }
  },
  "id": 1925480081,
  "hopLimit": 3,
  "priority": "BACKGROUND",
  "raw": "from: 164906676\nto: 4294967295\ndecoded {\n  portnum: TELEMETRY_APP\n  payload: \"\\r~\\017\\000\\000\\022\\024\\010e\\025\\230n\\226@\\035\\000\\000\\000\\000%\\000\\000\\000\\000(\\300\\036\"\n}\nid: 1925480081\nhop_limit: 3\npriority: BACKGROUND\n",
  "fromId": "!09d446b4",
  "toId": "^all"
}
============================================================
{
  "from": 164906676,
  "to": 4294967295,
  "decoded": {
    "portnum": "TELEMETRY_APP",
    "payload": "b'\\r\\xba\\x0f\\x00\\x00\\x12\\x14\\x08e\\x15\\x9a\\x99\\x91@\\x1d\\x00\\x00\\x00\\x00%\\x00\\x00\\x00\\x00(\\xfc\\x1e'",
    "telemetry": {
      "time": 4026,
      "deviceMetrics": {
        "batteryLevel": 101,
        "voltage": 4.55,
        "channelUtilization": 0.0,
        "airUtilTx": 0.0,
        "uptimeSeconds": 3964
      },
      "raw": "time: 4026\ndevice_metrics {\n  battery_level: 101\n  voltage: 4.55\n  channel_utilization: 0\n  air_util_tx: 0\n  uptime_seconds: 3964\n}\n"
    }
  },
  "id": 3707227794,
  "hopLimit": 3,
  "priority": "BACKGROUND",
  "raw": "from: 164906676\nto: 4294967295\ndecoded {\n  portnum: TELEMETRY_APP\n  payload: \"\\r\\272\\017\\000\\000\\022\\024\\010e\\025\\232\\231\\221@\\035\\000\\000\\000\\000%\\000\\000\\000\\000(\\374\\036\"\n}\nid: 3707227794\nhop_limit: 3\npriority: BACKGROUND\n",
  "fromId": "!09d446b4",
  "toId": "^all"
}
============================================================
{
  "from": 164906676,
  "to": 4294967295,
  "decoded": {
    "portnum": "TELEMETRY_APP",
    "payload": "b'\\r\\xf6\\x0f\\x00\\x00\\x12\\x14\\x08e\\x15\\xa6\\x9b\\x94@\\x1d\\x00\\x00\\x00\\x00%\\x00\\x00\\x00\\x00(\\xb8\\x1f'",
    "telemetry": {
      "time": 4086,
      "deviceMetrics": {
        "batteryLevel": 101,
        "voltage": 4.644,
        "channelUtilization": 0.0,
        "airUtilTx": 0.0,
        "uptimeSeconds": 4024
      },
      "raw": "time: 4086\ndevice_metrics {\n  battery_level: 101\n  voltage: 4.644\n  channel_utilization: 0\n  air_util_tx: 0\n  uptime_seconds: 4024\n}\n"
    }
  },
  "id": 2103840403,
  "hopLimit": 3,
  "priority": "BACKGROUND",
  "raw": "from: 164906676\nto: 4294967295\ndecoded {\n  portnum: TELEMETRY_APP\n  payload: \"\\r\\366\\017\\000\\000\\022\\024\\010e\\025\\246\\233\\224@\\035\\000\\000\\000\\000%\\000\\000\\000\\000(\\270\\037\"\n}\nid: 2103840403\nhop_limit: 3\npriority: BACKGROUND\n",
  "fromId": "!09d446b4",
  "toId": "^all"
}
============================================================
{
  "from": 164906676,
  "to": 4294967295,
  "decoded": {
    "portnum": "TELEMETRY_APP",
    "payload": "b'\\r2\\x10\\x00\\x00\\x12\\x14\\x08e\\x15\\xfa~\\x96@\\x1d\\x00\\x00\\x00\\x00%\\x00\\x00\\x00\\x00(\\xf4\\x1f'",
    "telemetry": {
      "time": 4146,
      "deviceMetrics": {
        "batteryLevel": 101,
        "voltage": 4.703,
        "channelUtilization": 0.0,
        "airUtilTx": 0.0,
        "uptimeSeconds": 4084
      },
      "raw": "time: 4146\ndevice_metrics {\n  battery_level: 101\n  voltage: 4.703\n  channel_utilization: 0\n  air_util_tx: 0\n  uptime_seconds: 4084\n}\n"
    }
  },
  "id": 662048404,
  "hopLimit": 3,
  "priority": "BACKGROUND",
  "raw": "from: 164906676\nto: 4294967295\ndecoded {\n  portnum: TELEMETRY_APP\n  payload: \"\\r2\\020\\000\\000\\022\\024\\010e\\025\\372~\\226@\\035\\000\\000\\000\\000%\\000\\000\\000\\000(\\364\\037\"\n}\nid: 662048404\nhop_limit: 3\npriority: BACKGROUND\n",
  "fromId": "!09d446b4",
  "toId": "^all"
}
============================================================
{
  "from": 164906676,
  "to": 4294967295,
  "decoded": {
    "portnum": "TELEMETRY_APP",
    "payload": "b'\\ro\\x10\\x00\\x00\\x12\\x14\\x08e\\x15+\\x87\\x96@\\x1d\\x00\\x00\\x00\\x00%\\x00\\x00\\x00\\x00(\\xb0 '",
    "telemetry": {
      "time": 4207,
      "deviceMetrics": {
        "batteryLevel": 101,
        "voltage": 4.704,
        "channelUtilization": 0.0,
        "airUtilTx": 0.0,
        "uptimeSeconds": 4144
      },
      "raw": "time: 4207\ndevice_metrics {\n  battery_level: 101\n  voltage: 4.704\n  channel_utilization: 0\n  air_util_tx: 0\n  uptime_seconds: 4144\n}\n"
    }
  },
  "id": 1633036949,
  "hopLimit": 3,
  "priority": "BACKGROUND",
  "raw": "from: 164906676\nto: 4294967295\ndecoded {\n  portnum: TELEMETRY_APP\n  payload: \"\\ro\\020\\000\\000\\022\\024\\010e\\025+\\207\\226@\\035\\000\\000\\000\\000%\\000\\000\\000\\000(\\260 \"\n}\nid: 1633036949\nhop_limit: 3\npriority: BACKGROUND\n",
  "fromId": "!09d446b4",
  "toId": "^all"
}
============================================================
{
  "from": 164906676,
  "to": 4294967295,
  "decoded": {
    "portnum": "TELEMETRY_APP",
    "payload": "b'\\r\\xab\\x10\\x00\\x00\\x12\\x14\\x08e\\x15\\xf2\\xd2\\x95@\\x1d\\x00\\x00\\x00\\x00%\\x00\\x00\\x00\\x00(\\xec '",
    "telemetry": {
      "time": 4267,
      "deviceMetrics": {
        "batteryLevel": 101,
        "voltage": 4.682,
        "channelUtilization": 0.0,
        "airUtilTx": 0.0,
        "uptimeSeconds": 4204
      },
      "raw": "time: 4267\ndevice_metrics {\n  battery_level: 101\n  voltage: 4.682\n  channel_utilization: 0\n  air_util_tx: 0\n  uptime_seconds: 4204\n}\n"
    }
  },
  "id": 4015522454,
  "hopLimit": 3,
  "priority": "BACKGROUND",
  "raw": "from: 164906676\nto: 4294967295\ndecoded {\n  portnum: TELEMETRY_APP\n  payload: \"\\r\\253\\020\\000\\000\\022\\024\\010e\\025\\362\\322\\225@\\035\\000\\000\\000\\000%\\000\\000\\000\\000(\\354 \"\n}\nid: 4015522454\nhop_limit: 3\npriority: BACKGROUND\n",
  "fromId": "!09d446b4",
  "toId": "^all"
}
============================================================
{
  "from": 164906676,
  "to": 4294967295,
  "decoded": {
    "portnum": "TELEMETRY_APP",
    "payload": "b'\\r\\xe7\\x10\\x00\\x00\\x12\\x14\\x08e\\x15\\xf4\\xfd\\x94@\\x1d\\x00\\x00\\x00\\x00%\\x00\\x00\\x00\\x00(\\xa8!'",
    "telemetry": {
      "time": 4327,
      "deviceMetrics": {
        "batteryLevel": 101,
        "voltage": 4.656,
        "channelUtilization": 0.0,
        "airUtilTx": 0.0,
        "uptimeSeconds": 4264
      },
      "raw": "time: 4327\ndevice_metrics {\n  battery_level: 101\n  voltage: 4.656\n  channel_utilization: 0\n  air_util_tx: 0\n  uptime_seconds: 4264\n}\n"
    }
  },
  "id": 1069996695,
  "hopLimit": 3,
  "priority": "BACKGROUND",
  "raw": "from: 164906676\nto: 4294967295\ndecoded {\n  portnum: TELEMETRY_APP\n  payload: \"\\r\\347\\020\\000\\000\\022\\024\\010e\\025\\364\\375\\224@\\035\\000\\000\\000\\000%\\000\\000\\000\\000(\\250!\"\n}\nid: 1069996695\nhop_limit: 3\npriority: BACKGROUND\n",
  "fromId": "!09d446b4",
  "toId": "^all"
}
============================================================
{
  "from": 164906676,
  "to": 4294967295,
  "decoded": {
    "portnum": "TELEMETRY_APP",
    "payload": "b'\\r#\\x11\\x00\\x00\\x12\\x14\\x08e\\x15b\\x10\\x94@\\x1d\\x00\\x00\\x00\\x00%\\x00\\x00\\x00\\x00(\\xe5!'",
    "telemetry": {
      "time": 4387,
      "deviceMetrics": {
        "batteryLevel": 101,
        "voltage": 4.627,
        "channelUtilization": 0.0,
        "airUtilTx": 0.0,
        "uptimeSeconds": 4325
      },
      "raw": "time: 4387\ndevice_metrics {\n  battery_level: 101\n  voltage: 4.627\n  channel_utilization: 0\n  air_util_tx: 0\n  uptime_seconds: 4325\n}\n"
    }
  },
  "id": 3356222104,
  "hopLimit": 3,
  "priority": "BACKGROUND",
  "raw": "from: 164906676\nto: 4294967295\ndecoded {\n  portnum: TELEMETRY_APP\n  payload: \"\\r#\\021\\000\\000\\022\\024\\010e\\025b\\020\\224@\\035\\000\\000\\000\\000%\\000\\000\\000\\000(\\345!\"\n}\nid: 3356222104\nhop_limit: 3\npriority: BACKGROUND\n",
  "fromId": "!09d446b4",
  "toId": "^all"
}
============================================================
{
  "from": 164906676,
  "to": 4294967295,
  "decoded": {
    "portnum": "TELEMETRY_APP",
    "payload": "b'\\r_\\x11\\x00\\x00\\x12\\x14\\x08e\\x15\\x8f\\xc2\\x91@\\x1d\\x00\\x00\\x00\\x00%\\x00\\x00\\x00\\x00(\\xa1\"'",
    "telemetry": {
      "time": 4447,
      "deviceMetrics": {
        "batteryLevel": 101,
        "voltage": 4.555,
        "channelUtilization": 0.0,
        "airUtilTx": 0.0,
        "uptimeSeconds": 4385
      },
      "raw": "time: 4447\ndevice_metrics {\n  battery_level: 101\n  voltage: 4.555\n  channel_utilization: 0\n  air_util_tx: 0\n  uptime_seconds: 4385\n}\n"
    }
  },
  "id": 2756969113,
  "hopLimit": 3,
  "priority": "BACKGROUND",
  "raw": "from: 164906676\nto: 4294967295\ndecoded {\n  portnum: TELEMETRY_APP\n  payload: \"\\r_\\021\\000\\000\\022\\024\\010e\\025\\217\\302\\221@\\035\\000\\000\\000\\000%\\000\\000\\000\\000(\\241\\\"\"\n}\nid: 2756969113\nhop_limit: 3\npriority: BACKGROUND\n",
  "fromId": "!09d446b4",
  "toId": "^all"
}
============================================================
{
  "from": 164906676,
  "to": 4294967295,
  "decoded": {
    "portnum": "TELEMETRY_APP",
    "payload": "b'\\r\\x9b\\x11\\x00\\x00\\x12\\x14\\x08e\\x15\\x8f\\xc2\\x91@\\x1d\\x00\\x00\\x00\\x00%\\x00\\x00\\x00\\x00(\\xdd\"'",
    "telemetry": {
      "time": 4507,
      "deviceMetrics": {
        "batteryLevel": 101,
        "voltage": 4.555,
        "channelUtilization": 0.0,
        "airUtilTx": 0.0,
        "uptimeSeconds": 4445
      },
      "raw": "time: 4507\ndevice_metrics {\n  battery_level: 101\n  voltage: 4.555\n  channel_utilization: 0\n  air_util_tx: 0\n  uptime_seconds: 4445\n}\n"
    }
  },
  "id": 3876329114,
  "hopLimit": 3,
  "priority": "BACKGROUND",
  "raw": "from: 164906676\nto: 4294967295\ndecoded {\n  portnum: TELEMETRY_APP\n  payload: \"\\r\\233\\021\\000\\000\\022\\024\\010e\\025\\217\\302\\221@\\035\\000\\000\\000\\000%\\000\\000\\000\\000(\\335\\\"\"\n}\nid: 3876329114\nhop_limit: 3\npriority: BACKGROUND\n",
  "fromId": "!09d446b4",
  "toId": "^all"
}
============================================================
{
  "from": 164906676,
  "to": 4294967295,
  "decoded": {
    "portnum": "TELEMETRY_APP",
    "payload": "b'\\r\\xd7\\x11\\x00\\x00\\x12\\x14\\x08e\\x15\\xa4p\\x95@\\x1d\\x00\\x00\\x00\\x00%\\x00\\x00\\x00\\x00(\\x99#'",
    "telemetry": {
      "time": 4567,
      "deviceMetrics": {
        "batteryLevel": 101,
        "voltage": 4.67,
        "channelUtilization": 0.0,
        "airUtilTx": 0.0,
        "uptimeSeconds": 4505
      },
      "raw": "time: 4567\ndevice_metrics {\n  battery_level: 101\n  voltage: 4.67\n  channel_utilization: 0\n  air_util_tx: 0\n  uptime_seconds: 4505\n}\n"
    }
  },
  "id": 1507555995,
  "hopLimit": 3,
  "priority": "BACKGROUND",
  "raw": "from: 164906676\nto: 4294967295\ndecoded {\n  portnum: TELEMETRY_APP\n  payload: \"\\r\\327\\021\\000\\000\\022\\024\\010e\\025\\244p\\225@\\035\\000\\000\\000\\000%\\000\\000\\000\\000(\\231#\"\n}\nid: 1507555995\nhop_limit: 3\npriority: BACKGROUND\n",
  "fromId": "!09d446b4",
  "toId": "^all"
}
============================================================
{
  "from": 164906676,
  "to": 4294967295,
  "decoded": {
    "portnum": "TELEMETRY_APP",
    "payload": "b'\\r\\x13\\x12\\x00\\x00\\x12\\x14\\x08e\\x15\\xe9&\\x95@\\x1d\\x00\\x00\\x00\\x00%\\x00\\x00\\x00\\x00(\\xd5#'",
    "telemetry": {
      "time": 4627,
      "deviceMetrics": {
        "batteryLevel": 101,
        "voltage": 4.661,
        "channelUtilization": 0.0,
        "airUtilTx": 0.0,
        "uptimeSeconds": 4565
      },
      "raw": "time: 4627\ndevice_metrics {\n  battery_level: 101\n  voltage: 4.661\n  channel_utilization: 0\n  air_util_tx: 0\n  uptime_seconds: 4565\n}\n"
    }
  },
  "id": 1997646492,
  "hopLimit": 3,
  "priority": "BACKGROUND",
  "raw": "from: 164906676\nto: 4294967295\ndecoded {\n  portnum: TELEMETRY_APP\n  payload: \"\\r\\023\\022\\000\\000\\022\\024\\010e\\025\\351&\\225@\\035\\000\\000\\000\\000%\\000\\000\\000\\000(\\325#\"\n}\nid: 1997646492\nhop_limit: 3\npriority: BACKGROUND\n",
  "fromId": "!09d446b4",
  "toId": "^all"
}
============================================================
{
  "from": 164906676,
  "to": 4294967295,
  "decoded": {
    "portnum": "TELEMETRY_APP",
    "payload": "b'\\r\\x13\\x12\\x00\\x002\\x1e\\x08\\xd5#(\\x030\\x038\\x01@\\x01`\\xb0\\x9a\\x0fh\\xc8\\xd4\\x04x\\x9b\\xff\\xff\\xff\\xff\\xff\\xff\\xff\\xff\\x01'",
    "telemetry": {
      "time": 4627,
      "localStats": {
        "uptimeSeconds": 4565,
        "numPacketsRx": 3,
        "numPacketsRxBad": 3,
        "numOnlineNodes": 1,
        "numTotalNodes": 1,
        "heapTotalBytes": 249136,
        "heapFreeBytes": 76360,
        "noiseFloor": -101
      },
      "raw": "time: 4627\nlocal_stats {\n  uptime_seconds: 4565\n  num_packets_rx: 3\n  num_packets_rx_bad: 3\n  num_online_nodes: 1\n  num_total_nodes: 1\n  heap_total_bytes: 249136\n  heap_free_bytes: 76360\n  noise_floor: -101\n}\n"
    }
  },
  "id": 2732395165,
  "hopLimit": 3,
  "priority": "BACKGROUND",
  "raw": "from: 164906676\nto: 4294967295\ndecoded {\n  portnum: TELEMETRY_APP\n  payload: \"\\r\\023\\022\\000\\0002\\036\\010\\325#(\\0030\\0038\\001@\\001`\\260\\232\\017h\\310\\324\\004x\\233\\377\\377\\377\\377\\377\\377\\377\\377\\001\"\n}\nid: 2732395165\nhop_limit: 3\npriority: BACKGROUND\n",
  "fromId": "!09d446b4",
  "toId": "^all"
}
============================================================
{
  "from": 164906676,
  "to": 4294967295,
  "decoded": {
    "portnum": "TELEMETRY_APP",
    "payload": "b'\\rO\\x12\\x00\\x00\\x12\\x14\\x08e\\x15\\xbct\\x93@\\x1d\\x00\\x00\\x00\\x00%\\x00\\x00\\x00\\x00(\\x91$'",
    "telemetry": {
      "time": 4687,
      "deviceMetrics": {
        "batteryLevel": 101,
        "voltage": 4.608,
        "channelUtilization": 0.0,
        "airUtilTx": 0.0,
        "uptimeSeconds": 4625
      },
      "raw": "time: 4687\ndevice_metrics {\n  battery_level: 101\n  voltage: 4.608\n  channel_utilization: 0\n  air_util_tx: 0\n  uptime_seconds: 4625\n}\n"
    }
  },
  "id": 3101120158,
  "hopLimit": 3,
  "priority": "BACKGROUND",
  "raw": "from: 164906676\nto: 4294967295\ndecoded {\n  portnum: TELEMETRY_APP\n  payload: \"\\rO\\022\\000\\000\\022\\024\\010e\\025\\274t\\223@\\035\\000\\000\\000\\000%\\000\\000\\000\\000(\\221$\"\n}\nid: 3101120158\nhop_limit: 3\npriority: BACKGROUND\n",
  "fromId": "!09d446b4",
  "toId": "^all"
}
============================================================
{
  "from": 164906676,
  "to": 4294967295,
  "decoded": {
    "portnum": "TELEMETRY_APP",
    "payload": "b'\\r\\x8b\\x12\\x00\\x00\\x12\\x14\\x08e\\x15y\\xe9\\x92@\\x1d\\x00\\x00\\x00\\x00%\\x00\\x00\\x00\\x00(\\xcd$'",
    "telemetry": {
      "time": 4747,
      "deviceMetrics": {
        "batteryLevel": 101,
        "voltage": 4.591,
        "channelUtilization": 0.0,
        "airUtilTx": 0.0,
        "uptimeSeconds": 4685
      },
      "raw": "time: 4747\ndevice_metrics {\n  battery_level: 101\n  voltage: 4.591\n  channel_utilization: 0\n  air_util_tx: 0\n  uptime_seconds: 4685\n}\n"
    }
  },
  "id": 1617313439,
  "hopLimit": 3,
  "priority": "BACKGROUND",
  "raw": "from: 164906676\nto: 4294967295\ndecoded {\n  portnum: TELEMETRY_APP\n  payload: \"\\r\\213\\022\\000\\000\\022\\024\\010e\\025y\\351\\222@\\035\\000\\000\\000\\000%\\000\\000\\000\\000(\\315$\"\n}\nid: 1617313439\nhop_limit: 3\npriority: BACKGROUND\n",
  "fromId": "!09d446b4",
  "toId": "^all"
}
============================================================
{
  "from": 164906676,
  "to": 4294967295,
  "decoded": {
    "portnum": "TELEMETRY_APP",
    "payload": "b'\\r\\xc7\\x12\\x00\\x00\\x12\\x14\\x08e\\x15y\\xe9\\x92@\\x1d\\x00\\x00\\x00\\x00%\\x00\\x00\\x00\\x00(\\x89%'",
    "telemetry": {
      "time": 4807,
      "deviceMetrics": {
        "batteryLevel": 101,
        "voltage": 4.591,
        "channelUtilization": 0.0,
        "airUtilTx": 0.0,
        "uptimeSeconds": 4745
      },
      "raw": "time: 4807\ndevice_metrics {\n  battery_level: 101\n  voltage: 4.591\n  channel_utilization: 0\n  air_util_tx: 0\n  uptime_seconds: 4745\n}\n"
    }
  },
  "id": 1847825056,
  "hopLimit": 3,
  "priority": "BACKGROUND",
  "raw": "from: 164906676\nto: 4294967295\ndecoded {\n  portnum: TELEMETRY_APP\n  payload: \"\\r\\307\\022\\000\\000\\022\\024\\010e\\025y\\351\\222@\\035\\000\\000\\000\\000%\\000\\000\\000\\000(\\211%\"\n}\nid: 1847825056\nhop_limit: 3\npriority: BACKGROUND\n",
  "fromId": "!09d446b4",
  "toId": "^all"
}
============================================================
{
  "from": 164906676,
  "to": 4294967295,
  "decoded": {
    "portnum": "TELEMETRY_APP",
    "payload": "b'\\r\\x03\\x13\\x00\\x00\\x12\\x14\\x08e\\x15\\xa0\\x1a\\x93@\\x1d\\x00\\x00\\x00\\x00%\\x00\\x00\\x00\\x00(\\xc5%'",
    "telemetry": {
      "time": 4867,
      "deviceMetrics": {
        "batteryLevel": 101,
        "voltage": 4.597,
        "channelUtilization": 0.0,
        "airUtilTx": 0.0,
        "uptimeSeconds": 4805
      },
      "raw": "time: 4867\ndevice_metrics {\n  battery_level: 101\n  voltage: 4.597\n  channel_utilization: 0\n  air_util_tx: 0\n  uptime_seconds: 4805\n}\n"
    }
  },
  "id": 4008454817,
  "hopLimit": 3,
  "priority": "BACKGROUND",
  "raw": "from: 164906676\nto: 4294967295\ndecoded {\n  portnum: TELEMETRY_APP\n  payload: \"\\r\\003\\023\\000\\000\\022\\024\\010e\\025\\240\\032\\223@\\035\\000\\000\\000\\000%\\000\\000\\000\\000(\\305%\"\n}\nid: 4008454817\nhop_limit: 3\npriority: BACKGROUND\n",
  "fromId": "!09d446b4",
  "toId": "^all"
}
============================================================
{
  "from": 164906676,
  "to": 4294967295,
  "decoded": {
    "portnum": "TELEMETRY_APP",
    "payload": "b'\\r?\\x13\\x00\\x00\\x12\\x14\\x08e\\x15)\\\\\\x93@\\x1d\\x00\\x00\\x00\\x00%\\x00\\x00\\x00\\x00(\\x81&'",
    "telemetry": {
      "time": 4927,
      "deviceMetrics": {
        "batteryLevel": 101,
        "voltage": 4.605,
        "channelUtilization": 0.0,
        "airUtilTx": 0.0,
        "uptimeSeconds": 4865
      },
      "raw": "time: 4927\ndevice_metrics {\n  battery_level: 101\n  voltage: 4.605\n  channel_utilization: 0\n  air_util_tx: 0\n  uptime_seconds: 4865\n}\n"
    }
  },
  "id": 3303624354,
  "hopLimit": 3,
  "priority": "BACKGROUND",
  "raw": "from: 164906676\nto: 4294967295\ndecoded {\n  portnum: TELEMETRY_APP\n  payload: \"\\r?\\023\\000\\000\\022\\024\\010e\\025)\\\\\\223@\\035\\000\\000\\000\\000%\\000\\000\\000\\000(\\201&\"\n}\nid: 3303624354\nhop_limit: 3\npriority: BACKGROUND\n",
  "fromId": "!09d446b4",
  "toId": "^all"
}
============================================================
{
  "from": 164906676,
  "to": 4294967295,
  "decoded": {
    "portnum": "TELEMETRY_APP",
    "payload": "b'\\r{\\x13\\x00\\x00\\x12\\x14\\x08e\\x15\\xa8\\xc6\\x93@\\x1d\\x00\\x00\\x00\\x00%\\x00\\x00\\x00\\x00(\\xbd&'",
    "telemetry": {
      "time": 4987,
      "deviceMetrics": {
        "batteryLevel": 101,
        "voltage": 4.618,
        "channelUtilization": 0.0,
        "airUtilTx": 0.0,
        "uptimeSeconds": 4925
      },
      "raw": "time: 4987\ndevice_metrics {\n  battery_level: 101\n  voltage: 4.618\n  channel_utilization: 0\n  air_util_tx: 0\n  uptime_seconds: 4925\n}\n"
    }
  },
  "id": 1429582499,
  "hopLimit": 3,
  "priority": "BACKGROUND",
  "raw": "from: 164906676\nto: 4294967295\ndecoded {\n  portnum: TELEMETRY_APP\n  payload: \"\\r{\\023\\000\\000\\022\\024\\010e\\025\\250\\306\\223@\\035\\000\\000\\000\\000%\\000\\000\\000\\000(\\275&\"\n}\nid: 1429582499\nhop_limit: 3\npriority: BACKGROUND\n",
  "fromId": "!09d446b4",
  "toId": "^all"
}
============================================================
{
  "from": 164906676,
  "to": 4294967295,
  "decoded": {
    "portnum": "TELEMETRY_APP",
    "payload": "b'\\r\\xb7\\x13\\x00\\x00\\x12\\x14\\x08e\\x15\\x8f\\xc2\\x91@\\x1d\\x00\\x00\\x00\\x00%\\x00\\x00\\x00\\x00(\\xf9&'",
    "telemetry": {
      "time": 5047,
      "deviceMetrics": {
        "batteryLevel": 101,
        "voltage": 4.555,
        "channelUtilization": 0.0,
        "airUtilTx": 0.0,
        "uptimeSeconds": 4985
      },
      "raw": "time: 5047\ndevice_metrics {\n  battery_level: 101\n  voltage: 4.555\n  channel_utilization: 0\n  air_util_tx: 0\n  uptime_seconds: 4985\n}\n"
    }
  },
  "id": 1538638500,
  "hopLimit": 3,
  "priority": "BACKGROUND",
  "raw": "from: 164906676\nto: 4294967295\ndecoded {\n  portnum: TELEMETRY_APP\n  payload: \"\\r\\267\\023\\000\\000\\022\\024\\010e\\025\\217\\302\\221@\\035\\000\\000\\000\\000%\\000\\000\\000\\000(\\371&\"\n}\nid: 1538638500\nhop_limit: 3\npriority: BACKGROUND\n",
  "fromId": "!09d446b4",
  "toId": "^all"
}
============================================================
{
  "from": 164906676,
  "to": 4294967295,
  "decoded": {
    "portnum": "TELEMETRY_APP",
    "payload": "b\"\\r\\xf3\\x13\\x00\\x00\\x12\\x14\\x08e\\x15-\\xb2\\x91@\\x1d\\x00\\x00\\x00\\x00%\\x00\\x00\\x00\\x00(\\xb5'\"",
    "telemetry": {
      "time": 5107,
      "deviceMetrics": {
        "batteryLevel": 101,
        "voltage": 4.553,
        "channelUtilization": 0.0,
        "airUtilTx": 0.0,
        "uptimeSeconds": 5045
      },
      "raw": "time: 5107\ndevice_metrics {\n  battery_level: 101\n  voltage: 4.553\n  channel_utilization: 0\n  air_util_tx: 0\n  uptime_seconds: 5045\n}\n"
    }
  },
  "id": 1747582629,
  "hopLimit": 3,
  "priority": "BACKGROUND",
  "raw": "from: 164906676\nto: 4294967295\ndecoded {\n  portnum: TELEMETRY_APP\n  payload: \"\\r\\363\\023\\000\\000\\022\\024\\010e\\025-\\262\\221@\\035\\000\\000\\000\\000%\\000\\000\\000\\000(\\265\\'\"\n}\nid: 1747582629\nhop_limit: 3\npriority: BACKGROUND\n",
  "fromId": "!09d446b4",
  "toId": "^all"
}
============================================================
{
  "from": 164906676,
  "to": 4294967295,
  "decoded": {
    "portnum": "TELEMETRY_APP",
    "payload": "b\"\\r/\\x14\\x00\\x00\\x12\\x14\\x08e\\x15\\x0e-\\x92@\\x1d\\x00\\x00\\x00\\x00%\\x00\\x00\\x00\\x00(\\xf1'\"",
    "telemetry": {
      "time": 5167,
      "deviceMetrics": {
        "batteryLevel": 101,
        "voltage": 4.568,
        "channelUtilization": 0.0,
        "airUtilTx": 0.0,
        "uptimeSeconds": 5105
      },
      "raw": "time: 5167\ndevice_metrics {\n  battery_level: 101\n  voltage: 4.568\n  channel_utilization: 0\n  air_util_tx: 0\n  uptime_seconds: 5105\n}\n"
    }
  },
  "id": 2289912486,
  "hopLimit": 3,
  "priority": "BACKGROUND",
  "raw": "from: 164906676\nto: 4294967295\ndecoded {\n  portnum: TELEMETRY_APP\n  payload: \"\\r/\\024\\000\\000\\022\\024\\010e\\025\\016-\\222@\\035\\000\\000\\000\\000%\\000\\000\\000\\000(\\361\\'\"\n}\nid: 2289912486\nhop_limit: 3\npriority: BACKGROUND\n",
  "fromId": "!09d446b4",
  "toId": "^all"
}
============================================================
{
  "from": 164906676,
  "to": 4294967295,
  "decoded": {
    "portnum": "TELEMETRY_APP",
    "payload": "b'\\rk\\x14\\x00\\x00\\x12\\x14\\x08e\\x15\\xe9&\\x91@\\x1d\\x00\\x00\\x00\\x00%\\x00\\x00\\x00\\x00(\\xad('",
    "telemetry": {
      "time": 5227,
      "deviceMetrics": {
        "batteryLevel": 101,
        "voltage": 4.536,
        "channelUtilization": 0.0,
        "airUtilTx": 0.0,
        "uptimeSeconds": 5165
      },
      "raw": "time: 5227\ndevice_metrics {\n  battery_level: 101\n  voltage: 4.536\n  channel_utilization: 0\n  air_util_tx: 0\n  uptime_seconds: 5165\n}\n"
    }
  },
  "id": 4016828071,
  "hopLimit": 3,
  "priority": "BACKGROUND",
  "raw": "from: 164906676\nto: 4294967295\ndecoded {\n  portnum: TELEMETRY_APP\n  payload: \"\\rk\\024\\000\\000\\022\\024\\010e\\025\\351&\\221@\\035\\000\\000\\000\\000%\\000\\000\\000\\000(\\255(\"\n}\nid: 4016828071\nhop_limit: 3\npriority: BACKGROUND\n",
  "fromId": "!09d446b4",
  "toId": "^all"
}
============================================================
{
  "from": 164906676,
  "to": 4294967295,
  "decoded": {
    "portnum": "TELEMETRY_APP",
    "payload": "b'\\r\\xa7\\x14\\x00\\x00\\x12\\x14\\x08e\\x15\\xaeG\\x95@\\x1d\\x00\\x00\\x00\\x00%\\x00\\x00\\x00\\x00(\\xe9('",
    "telemetry": {
      "time": 5287,
      "deviceMetrics": {
        "batteryLevel": 101,
        "voltage": 4.665,
        "channelUtilization": 0.0,
        "airUtilTx": 0.0,
        "uptimeSeconds": 5225
      },
      "raw": "time: 5287\ndevice_metrics {\n  battery_level: 101\n  voltage: 4.665\n  channel_utilization: 0\n  air_util_tx: 0\n  uptime_seconds: 5225\n}\n"
    }
  },
  "id": 2484523688,
  "hopLimit": 3,
  "priority": "BACKGROUND",
  "raw": "from: 164906676\nto: 4294967295\ndecoded {\n  portnum: TELEMETRY_APP\n  payload: \"\\r\\247\\024\\000\\000\\022\\024\\010e\\025\\256G\\225@\\035\\000\\000\\000\\000%\\000\\000\\000\\000(\\351(\"\n}\nid: 2484523688\nhop_limit: 3\npriority: BACKGROUND\n",
  "fromId": "!09d446b4",
  "toId": "^all"
}
============================================================
{
  "from": 164906676,
  "to": 4294967295,
  "decoded": {
    "portnum": "TELEMETRY_APP",
    "payload": "b'\\r\\xe3\\x14\\x00\\x00\\x12\\x14\\x08e\\x15B`\\x95@\\x1d\\x00\\x00\\x00\\x00%\\x00\\x00\\x00\\x00(\\xa5)'",
    "telemetry": {
      "time": 5347,
      "deviceMetrics": {
        "batteryLevel": 101,
        "voltage": 4.668,
        "channelUtilization": 0.0,
        "airUtilTx": 0.0,
        "uptimeSeconds": 5285
      },
      "raw": "time: 5347\ndevice_metrics {\n  battery_level: 101\n  voltage: 4.668\n  channel_utilization: 0\n  air_util_tx: 0\n  uptime_seconds: 5285\n}\n"
    }
  },
  "id": 1119150761,
  "hopLimit": 3,
  "priority": "BACKGROUND",
  "raw": "from: 164906676\nto: 4294967295\ndecoded {\n  portnum: TELEMETRY_APP\n  payload: \"\\r\\343\\024\\000\\000\\022\\024\\010e\\025B`\\225@\\035\\000\\000\\000\\000%\\000\\000\\000\\000(\\245)\"\n}\nid: 1119150761\nhop_limit: 3\npriority: BACKGROUND\n",
  "fromId": "!09d446b4",
  "toId": "^all"
}
============================================================
{
  "from": 164906676,
  "to": 4294967295,
  "decoded": {
    "portnum": "TELEMETRY_APP",
    "payload": "b'\\r\\x1f\\x15\\x00\\x00\\x12\\x14\\x08e\\x15\\xd9\\xce\\x93@\\x1d\\x00\\x00\\x00\\x00%\\x00\\x00\\x00\\x00(\\xe1)'",
    "telemetry": {
      "time": 5407,
      "deviceMetrics": {
        "batteryLevel": 101,
        "voltage": 4.619,
        "channelUtilization": 0.0,
        "airUtilTx": 0.0,
        "uptimeSeconds": 5345
      },
      "raw": "time: 5407\ndevice_metrics {\n  battery_level: 101\n  voltage: 4.619\n  channel_utilization: 0\n  air_util_tx: 0\n  uptime_seconds: 5345\n}\n"
    }
  },
  "id": 4113877674,
  "hopLimit": 3,
  "priority": "BACKGROUND",
  "raw": "from: 164906676\nto: 4294967295\ndecoded {\n  portnum: TELEMETRY_APP\n  payload: \"\\r\\037\\025\\000\\000\\022\\024\\010e\\025\\331\\316\\223@\\035\\000\\000\\000\\000%\\000\\000\\000\\000(\\341)\"\n}\nid: 4113877674\nhop_limit: 3\npriority: BACKGROUND\n",
  "fromId": "!09d446b4",
  "toId": "^all"
}
============================================================
{
  "from": 164906676,
  "to": 4294967295,
  "decoded": {
    "portnum": "TELEMETRY_APP",
    "payload": "b'\\r[\\x15\\x00\\x00\\x12\\x14\\x08e\\x15\\x0e-\\x92@\\x1d\\x00\\x00\\x00\\x00%\\x00\\x00\\x00\\x00(\\x9d*'",
    "telemetry": {
      "time": 5467,
      "deviceMetrics": {
        "batteryLevel": 101,
        "voltage": 4.568,
        "channelUtilization": 0.0,
        "airUtilTx": 0.0,
        "uptimeSeconds": 5405
      },
      "raw": "time: 5467\ndevice_metrics {\n  battery_level: 101\n  voltage: 4.568\n  channel_utilization: 0\n  air_util_tx: 0\n  uptime_seconds: 5405\n}\n"
    }
  },
  "id": 2426878635,
  "hopLimit": 3,
  "priority": "BACKGROUND",
  "raw": "from: 164906676\nto: 4294967295\ndecoded {\n  portnum: TELEMETRY_APP\n  payload: \"\\r[\\025\\000\\000\\022\\024\\010e\\025\\016-\\222@\\035\\000\\000\\000\\000%\\000\\000\\000\\000(\\235*\"\n}\nid: 2426878635\nhop_limit: 3\npriority: BACKGROUND\n",
  "fromId": "!09d446b4",
  "toId": "^all"
}
============================================================
{
  "from": 164906676,
  "to": 4294967295,
  "decoded": {
    "portnum": "TELEMETRY_APP",
    "payload": "b'\\r\\x98\\x15\\x00\\x00\\x12\\x14\\x08e\\x15`\\xe5\\x90@\\x1d\\x00\\x00\\x00\\x00%\\x00\\x00\\x00\\x00(\\xd9*'",
    "telemetry": {
      "time": 5528,
      "deviceMetrics": {
        "batteryLevel": 101,
        "voltage": 4.528,
        "channelUtilization": 0.0,
        "airUtilTx": 0.0,
        "uptimeSeconds": 5465
      },
      "raw": "time: 5528\ndevice_metrics {\n  battery_level: 101\n  voltage: 4.528\n  channel_utilization: 0\n  air_util_tx: 0\n  uptime_seconds: 5465\n}\n"
    }
  },
  "id": 79415980,
  "hopLimit": 3,
  "priority": "BACKGROUND",
  "raw": "from: 164906676\nto: 4294967295\ndecoded {\n  portnum: TELEMETRY_APP\n  payload: \"\\r\\230\\025\\000\\000\\022\\024\\010e\\025`\\345\\220@\\035\\000\\000\\000\\000%\\000\\000\\000\\000(\\331*\"\n}\nid: 79415980\nhop_limit: 3\npriority: BACKGROUND\n",
  "fromId": "!09d446b4",
  "toId": "^all"
}
============================================================
{
  "from": 164906676,
  "to": 4294967295,
  "decoded": {
    "portnum": "TELEMETRY_APP",
    "payload": "b'\\r\\x98\\x15\\x00\\x002\\x1e\\x08\\xd9*(\\x030\\x038\\x01@\\x01`\\xb0\\x9a\\x0fh\\xc8\\xd4\\x04x\\x9b\\xff\\xff\\xff\\xff\\xff\\xff\\xff\\xff\\x01'",
    "telemetry": {
      "time": 5528,
      "localStats": {
        "uptimeSeconds": 5465,
        "numPacketsRx": 3,
        "numPacketsRxBad": 3,
        "numOnlineNodes": 1,
        "numTotalNodes": 1,
        "heapTotalBytes": 249136,
        "heapFreeBytes": 76360,
        "noiseFloor": -101
      },
      "raw": "time: 5528\nlocal_stats {\n  uptime_seconds: 5465\n  num_packets_rx: 3\n  num_packets_rx_bad: 3\n  num_online_nodes: 1\n  num_total_nodes: 1\n  heap_total_bytes: 249136\n  heap_free_bytes: 76360\n  noise_floor: -101\n}\n"
    }
  },
  "id": 566586029,
  "hopLimit": 3,
  "priority": "BACKGROUND",
  "raw": "from: 164906676\nto: 4294967295\ndecoded {\n  portnum: TELEMETRY_APP\n  payload: \"\\r\\230\\025\\000\\0002\\036\\010\\331*(\\0030\\0038\\001@\\001`\\260\\232\\017h\\310\\324\\004x\\233\\377\\377\\377\\377\\377\\377\\377\\377\\001\"\n}\nid: 566586029\nhop_limit: 3\npriority: BACKGROUND\n",
  "fromId": "!09d446b4",
  "toId": "^all"
}
============================================================
{
  "from": 164906676,
  "to": 4294967295,
  "decoded": {
    "portnum": "TELEMETRY_APP",
    "payload": "b'\\r\\xd4\\x15\\x00\\x00\\x12\\x14\\x08e\\x15`\\xe5\\x94@\\x1d\\x00\\x00\\x00\\x00%\\x00\\x00\\x00\\x00(\\x95+'",
    "telemetry": {
      "time": 5588,
      "deviceMetrics": {
        "batteryLevel": 101,
        "voltage": 4.653,
        "channelUtilization": 0.0,
        "airUtilTx": 0.0,
        "uptimeSeconds": 5525
      },
      "raw": "time: 5588\ndevice_metrics {\n  battery_level: 101\n  voltage: 4.653\n  channel_utilization: 0\n  air_util_tx: 0\n  uptime_seconds: 5525\n}\n"
    }
  },
  "id": 2636826286,
  "hopLimit": 3,
  "priority": "BACKGROUND",
  "raw": "from: 164906676\nto: 4294967295\ndecoded {\n  portnum: TELEMETRY_APP\n  payload: \"\\r\\324\\025\\000\\000\\022\\024\\010e\\025`\\345\\224@\\035\\000\\000\\000\\000%\\000\\000\\000\\000(\\225+\"\n}\nid: 2636826286\nhop_limit: 3\npriority: BACKGROUND\n",
  "fromId": "!09d446b4",
  "toId": "^all"
}
============================================================
{
  "from": 164906676,
  "to": 4294967295,
  "decoded": {
    "portnum": "TELEMETRY_APP",
    "payload": "b'\\r\\x10\\x16\\x00\\x00\\x12\\x14\\x08e\\x15\\x98n\\x96@\\x1d\\x00\\x00\\x00\\x00%\\x00\\x00\\x00\\x00(\\xd2+'",
    "telemetry": {
      "time": 5648,
      "deviceMetrics": {
        "batteryLevel": 101,
        "voltage": 4.701,
        "channelUtilization": 0.0,
        "airUtilTx": 0.0,
        "uptimeSeconds": 5586
      },
      "raw": "time: 5648\ndevice_metrics {\n  battery_level: 101\n  voltage: 4.701\n  channel_utilization: 0\n  air_util_tx: 0\n  uptime_seconds: 5586\n}\n"
    }
  },
  "id": 3009404591,
  "hopLimit": 3,
  "priority": "BACKGROUND",
  "raw": "from: 164906676\nto: 4294967295\ndecoded {\n  portnum: TELEMETRY_APP\n  payload: \"\\r\\020\\026\\000\\000\\022\\024\\010e\\025\\230n\\226@\\035\\000\\000\\000\\000%\\000\\000\\000\\000(\\322+\"\n}\nid: 3009404591\nhop_limit: 3\npriority: BACKGROUND\n",
  "fromId": "!09d446b4",
  "toId": "^all"
}
============================================================
{
  "from": 164906676,
  "to": 4294967295,
  "decoded": {
    "portnum": "TELEMETRY_APP",
    "payload": "b'\\rL\\x16\\x00\\x00\\x12\\x14\\x08e\\x15\\xe5\\xd0\\x96@\\x1d\\x00\\x00\\x00\\x00%\\x00\\x00\\x00\\x00(\\x8e,'",
    "telemetry": {
      "time": 5708,
      "deviceMetrics": {
        "batteryLevel": 101,
        "voltage": 4.713,
        "channelUtilization": 0.0,
        "airUtilTx": 0.0,
        "uptimeSeconds": 5646
      },
      "raw": "time: 5708\ndevice_metrics {\n  battery_level: 101\n  voltage: 4.713\n  channel_utilization: 0\n  air_util_tx: 0\n  uptime_seconds: 5646\n}\n"
    }
  },
  "id": 3541883568,
  "hopLimit": 3,
  "priority": "BACKGROUND",
  "raw": "from: 164906676\nto: 4294967295\ndecoded {\n  portnum: TELEMETRY_APP\n  payload: \"\\rL\\026\\000\\000\\022\\024\\010e\\025\\345\\320\\226@\\035\\000\\000\\000\\000%\\000\\000\\000\\000(\\216,\"\n}\nid: 3541883568\nhop_limit: 3\npriority: BACKGROUND\n",
  "fromId": "!09d446b4",
  "toId": "^all"
}
============================================================
{
  "from": 164906676,
  "to": 4294967295,
  "decoded": {
    "portnum": "TELEMETRY_APP",
    "payload": "b'\\r\\x88\\x16\\x00\\x00\\x12\\x14\\x08e\\x15\\x0e-\\x96@\\x1d\\x00\\x00\\x00\\x00%\\x00\\x00\\x00\\x00(\\xca,'",
    "telemetry": {
      "time": 5768,
      "deviceMetrics": {
        "batteryLevel": 101,
        "voltage": 4.693,
        "channelUtilization": 0.0,
        "airUtilTx": 0.0,
        "uptimeSeconds": 5706
      },
      "raw": "time: 5768\ndevice_metrics {\n  battery_level: 101\n  voltage: 4.693\n  channel_utilization: 0\n  air_util_tx: 0\n  uptime_seconds: 5706\n}\n"
    }
  },
  "id": 1679980209,
  "hopLimit": 3,
  "priority": "BACKGROUND",
  "raw": "from: 164906676\nto: 4294967295\ndecoded {\n  portnum: TELEMETRY_APP\n  payload: \"\\r\\210\\026\\000\\000\\022\\024\\010e\\025\\016-\\226@\\035\\000\\000\\000\\000%\\000\\000\\000\\000(\\312,\"\n}\nid: 1679980209\nhop_limit: 3\npriority: BACKGROUND\n",
  "fromId": "!09d446b4",
  "toId": "^all"
}
============================================================
{
  "from": 164906676,
  "to": 4294967295,
  "decoded": {
    "portnum": "TELEMETRY_APP",
    "payload": "b'\\r\\xc4\\x16\\x00\\x00\\x12\\x14\\x08e\\x15^\\xba\\x95@\\x1d\\x00\\x00\\x00\\x00%\\x00\\x00\\x00\\x00(\\x86-'",
    "telemetry": {
      "time": 5828,
      "deviceMetrics": {
        "batteryLevel": 101,
        "voltage": 4.679,
        "channelUtilization": 0.0,
        "airUtilTx": 0.0,
        "uptimeSeconds": 5766
      },
      "raw": "time: 5828\ndevice_metrics {\n  battery_level: 101\n  voltage: 4.679\n  channel_utilization: 0\n  air_util_tx: 0\n  uptime_seconds: 5766\n}\n"
    }
  },
  "id": 172120754,
  "hopLimit": 3,
  "priority": "BACKGROUND",
  "raw": "from: 164906676\nto: 4294967295\ndecoded {\n  portnum: TELEMETRY_APP\n  payload: \"\\r\\304\\026\\000\\000\\022\\024\\010e\\025^\\272\\225@\\035\\000\\000\\000\\000%\\000\\000\\000\\000(\\206-\"\n}\nid: 172120754\nhop_limit: 3\npriority: BACKGROUND\n",
  "fromId": "!09d446b4",
  "toId": "^all"
}
============================================================
{
  "from": 164906676,
  "to": 4294967295,
  "decoded": {
    "portnum": "TELEMETRY_APP",
    "payload": "b'\\r\\x00\\x17\\x00\\x00\\x12\\x14\\x08e\\x15\\x1b/\\x95@\\x1d\\x00\\x00\\x00\\x00%\\x00\\x00\\x00\\x00(\\xc2-'",
    "telemetry": {
      "time": 5888,
      "deviceMetrics": {
        "batteryLevel": 101,
        "voltage": 4.662,
        "channelUtilization": 0.0,
        "airUtilTx": 0.0,
        "uptimeSeconds": 5826
      },
      "raw": "time: 5888\ndevice_metrics {\n  battery_level: 101\n  voltage: 4.662\n  channel_utilization: 0\n  air_util_tx: 0\n  uptime_seconds: 5826\n}\n"
    }
  },
  "id": 3840937651,
  "hopLimit": 3,
  "priority": "BACKGROUND",
  "raw": "from: 164906676\nto: 4294967295\ndecoded {\n  portnum: TELEMETRY_APP\n  payload: \"\\r\\000\\027\\000\\000\\022\\024\\010e\\025\\033/\\225@\\035\\000\\000\\000\\000%\\000\\000\\000\\000(\\302-\"\n}\nid: 3840937651\nhop_limit: 3\npriority: BACKGROUND\n",
  "fromId": "!09d446b4",
  "toId": "^all"
}
============================================================
{
  "from": 164906676,
  "to": 4294967295,
  "decoded": {
    "portnum": "TELEMETRY_APP",
    "payload": "b'\\r<\\x17\\x00\\x00\\x12\\x14\\x08e\\x15\\xa6\\x9b\\x94@\\x1d\\x00\\x00\\x00\\x00%\\x00\\x00\\x00\\x00(\\xfe-'",
    "telemetry": {
      "time": 5948,
      "deviceMetrics": {
        "batteryLevel": 101,
        "voltage": 4.644,
        "channelUtilization": 0.0,
        "airUtilTx": 0.0,
        "uptimeSeconds": 5886
      },
      "raw": "time: 5948\ndevice_metrics {\n  battery_level: 101\n  voltage: 4.644\n  channel_utilization: 0\n  air_util_tx: 0\n  uptime_seconds: 5886\n}\n"
    }
  },
  "id": 2149843636,
  "hopLimit": 3,
  "priority": "BACKGROUND",
  "raw": "from: 164906676\nto: 4294967295\ndecoded {\n  portnum: TELEMETRY_APP\n  payload: \"\\r<\\027\\000\\000\\022\\024\\010e\\025\\246\\233\\224@\\035\\000\\000\\000\\000%\\000\\000\\000\\000(\\376-\"\n}\nid: 2149843636\nhop_limit: 3\npriority: BACKGROUND\n",
  "fromId": "!09d446b4",
  "toId": "^all"
}
============================================================
{
  "from": 164906676,
  "to": 4294967295,
  "decoded": {
    "portnum": "TELEMETRY_APP",
    "payload": "b'\\rx\\x17\\x00\\x00\\x12\\x14\\x08e\\x15\\xb0r\\x94@\\x1d\\x00\\x00\\x00\\x00%\\x00\\x00\\x00\\x00(\\xba.'",
    "telemetry": {
      "time": 6008,
      "deviceMetrics": {
        "batteryLevel": 101,
        "voltage": 4.639,
        "channelUtilization": 0.0,
        "airUtilTx": 0.0,
        "uptimeSeconds": 5946
      },
      "raw": "time: 6008\ndevice_metrics {\n  battery_level: 101\n  voltage: 4.639\n  channel_utilization: 0\n  air_util_tx: 0\n  uptime_seconds: 5946\n}\n"
    }
  },
  "id": 600051381,
  "hopLimit": 3,
  "priority": "BACKGROUND",
  "raw": "from: 164906676\nto: 4294967295\ndecoded {\n  portnum: TELEMETRY_APP\n  payload: \"\\rx\\027\\000\\000\\022\\024\\010e\\025\\260r\\224@\\035\\000\\000\\000\\000%\\000\\000\\000\\000(\\272.\"\n}\nid: 600051381\nhop_limit: 3\npriority: BACKGROUND\n",
  "fromId": "!09d446b4",
  "toId": "^all"
}
============================================================
{
  "from": 164906676,
  "to": 4294967295,
  "decoded": {
    "portnum": "TELEMETRY_APP",
    "payload": "b'\\r\\xb4\\x17\\x00\\x00\\x12\\x14\\x08e\\x15\\xac\\x1c\\x92@\\x1d\\x00\\x00\\x00\\x00%\\x00\\x00\\x00\\x00(\\xf6.'",
    "telemetry": {
      "time": 6068,
      "deviceMetrics": {
        "batteryLevel": 101,
        "voltage": 4.566,
        "channelUtilization": 0.0,
        "airUtilTx": 0.0,
        "uptimeSeconds": 6006
      },
      "raw": "time: 6068\ndevice_metrics {\n  battery_level: 101\n  voltage: 4.566\n  channel_utilization: 0\n  air_util_tx: 0\n  uptime_seconds: 6006\n}\n"
    }
  },
  "id": 781352630,
  "hopLimit": 3,
  "priority": "BACKGROUND",
  "raw": "from: 164906676\nto: 4294967295\ndecoded {\n  portnum: TELEMETRY_APP\n  payload: \"\\r\\264\\027\\000\\000\\022\\024\\010e\\025\\254\\034\\222@\\035\\000\\000\\000\\000%\\000\\000\\000\\000(\\366.\"\n}\nid: 781352630\nhop_limit: 3\npriority: BACKGROUND\n",
  "fromId": "!09d446b4",
  "toId": "^all"
}
============================================================
{
  "from": 164906676,
  "to": 4294967295,
  "decoded": {
    "portnum": "TELEMETRY_APP",
    "payload": "b'\\r\\xf0\\x17\\x00\\x00\\x12\\x14\\x08e\\x15-\\xb2\\x95@\\x1d\\x00\\x00\\x00\\x00%\\x00\\x00\\x00\\x00(\\xb2/'",
    "telemetry": {
      "time": 6128,
      "deviceMetrics": {
        "batteryLevel": 101,
        "voltage": 4.678,
        "channelUtilization": 0.0,
        "airUtilTx": 0.0,
        "uptimeSeconds": 6066
      },
      "raw": "time: 6128\ndevice_metrics {\n  battery_level: 101\n  voltage: 4.678\n  channel_utilization: 0\n  air_util_tx: 0\n  uptime_seconds: 6066\n}\n"
    }
  },
  "id": 4239793847,
  "hopLimit": 3,
  "priority": "BACKGROUND",
  "raw": "from: 164906676\nto: 4294967295\ndecoded {\n  portnum: TELEMETRY_APP\n  payload: \"\\r\\360\\027\\000\\000\\022\\024\\010e\\025-\\262\\225@\\035\\000\\000\\000\\000%\\000\\000\\000\\000(\\262/\"\n}\nid: 4239793847\nhop_limit: 3\npriority: BACKGROUND\n",
  "fromId": "!09d446b4",
  "toId": "^all"
}
============================================================
{
  "from": 164906676,
  "to": 4294967295,
  "decoded": {
    "portnum": "TELEMETRY_APP",
    "payload": "b'\\r,\\x18\\x00\\x00\\x12\\x14\\x08e\\x15\\xe9&\\x95@\\x1d\\x00\\x00\\x00\\x00%\\x00\\x00\\x00\\x00(\\xee/'",
    "telemetry": {
      "time": 6188,
      "deviceMetrics": {
        "batteryLevel": 101,
        "voltage": 4.661,
        "channelUtilization": 0.0,
        "airUtilTx": 0.0,
        "uptimeSeconds": 6126
      },
      "raw": "time: 6188\ndevice_metrics {\n  battery_level: 101\n  voltage: 4.661\n  channel_utilization: 0\n  air_util_tx: 0\n  uptime_seconds: 6126\n}\n"
    }
  },
  "id": 2097902264,
  "hopLimit": 3,
  "priority": "BACKGROUND",
  "raw": "from: 164906676\nto: 4294967295\ndecoded {\n  portnum: TELEMETRY_APP\n  payload: \"\\r,\\030\\000\\000\\022\\024\\010e\\025\\351&\\225@\\035\\000\\000\\000\\000%\\000\\000\\000\\000(\\356/\"\n}\nid: 2097902264\nhop_limit: 3\npriority: BACKGROUND\n",
  "fromId": "!09d446b4",
  "toId": "^all"
}
============================================================
{
  "from": 164906676,
  "to": 4294967295,
  "decoded": {
    "portnum": "TELEMETRY_APP",
    "payload": "b'\\rh\\x18\\x00\\x00\\x12\\x14\\x08e\\x15d;\\x93@\\x1d\\x00\\x00\\x00\\x00%\\x00\\x00\\x00\\x00(\\xaa0'",
    "telemetry": {
      "time": 6248,
      "deviceMetrics": {
        "batteryLevel": 101,
        "voltage": 4.601,
        "channelUtilization": 0.0,
        "airUtilTx": 0.0,
        "uptimeSeconds": 6186
      },
      "raw": "time: 6248\ndevice_metrics {\n  battery_level: 101\n  voltage: 4.601\n  channel_utilization: 0\n  air_util_tx: 0\n  uptime_seconds: 6186\n}\n"
    }
  },
  "id": 4289273529,
  "hopLimit": 3,
  "priority": "BACKGROUND",
  "raw": "from: 164906676\nto: 4294967295\ndecoded {\n  portnum: TELEMETRY_APP\n  payload: \"\\rh\\030\\000\\000\\022\\024\\010e\\025d;\\223@\\035\\000\\000\\000\\000%\\000\\000\\000\\000(\\2520\"\n}\nid: 4289273529\nhop_limit: 3\npriority: BACKGROUND\n",
  "fromId": "!09d446b4",
  "toId": "^all"
}
============================================================
{
  "from": 164906676,
  "to": 4294967295,
  "decoded": {
    "portnum": "TELEMETRY_APP",
    "payload": "b'\\r\\xa4\\x18\\x00\\x00\\x12\\x14\\x08e\\x15\\x1b/\\x91@\\x1d\\x00\\x00\\x00\\x00%\\x00\\x00\\x00\\x00(\\xe60'",
    "telemetry": {
      "time": 6308,
      "deviceMetrics": {
        "batteryLevel": 101,
        "voltage": 4.537,
        "channelUtilization": 0.0,
        "airUtilTx": 0.0,
        "uptimeSeconds": 6246
      },
      "raw": "time: 6308\ndevice_metrics {\n  battery_level: 101\n  voltage: 4.537\n  channel_utilization: 0\n  air_util_tx: 0\n  uptime_seconds: 6246\n}\n"
    }
  },
  "id": 3459777210,
  "hopLimit": 3,
  "priority": "BACKGROUND",
  "raw": "from: 164906676\nto: 4294967295\ndecoded {\n  portnum: TELEMETRY_APP\n  payload: \"\\r\\244\\030\\000\\000\\022\\024\\010e\\025\\033/\\221@\\035\\000\\000\\000\\000%\\000\\000\\000\\000(\\3460\"\n}\nid: 3459777210\nhop_limit: 3\npriority: BACKGROUND\n",
  "fromId": "!09d446b4",
  "toId": "^all"
}
============================================================
{
  "from": 164906676,
  "to": 4294967295,
  "decoded": {
    "portnum": "TELEMETRY_APP",
    "payload": "b'\\r\\xe0\\x18\\x00\\x00\\x12\\x14\\x08e\\x15\\x9c\\xc4\\x90@\\x1d\\x00\\x00\\x00\\x00%\\x00\\x00\\x00\\x00(\\xa21'",
    "telemetry": {
      "time": 6368,
      "deviceMetrics": {
        "batteryLevel": 101,
        "voltage": 4.524,
        "channelUtilization": 0.0,
        "airUtilTx": 0.0,
        "uptimeSeconds": 6306
      },
      "raw": "time: 6368\ndevice_metrics {\n  battery_level: 101\n  voltage: 4.524\n  channel_utilization: 0\n  air_util_tx: 0\n  uptime_seconds: 6306\n}\n"
    }
  },
  "id": 2583509691,
  "hopLimit": 3,
  "priority": "BACKGROUND",
  "raw": "from: 164906676\nto: 4294967295\ndecoded {\n  portnum: TELEMETRY_APP\n  payload: \"\\r\\340\\030\\000\\000\\022\\024\\010e\\025\\234\\304\\220@\\035\\000\\000\\000\\000%\\000\\000\\000\\000(\\2421\"\n}\nid: 2583509691\nhop_limit: 3\npriority: BACKGROUND\n",
  "fromId": "!09d446b4",
  "toId": "^all"
}
============================================================
{
  "from": 164906676,
  "to": 4294967295,
  "decoded": {
    "portnum": "TELEMETRY_APP",
    "payload": "b'\\r\\x1c\\x19\\x00\\x00\\x12\\x14\\x08e\\x15\\xd3M\\x96@\\x1d\\x00\\x00\\x00\\x00%\\x00\\x00\\x00\\x00(\\xde1'",
    "telemetry": {
      "time": 6428,
      "deviceMetrics": {
        "batteryLevel": 101,
        "voltage": 4.697,
        "channelUtilization": 0.0,
        "airUtilTx": 0.0,
        "uptimeSeconds": 6366
      },
      "raw": "time: 6428\ndevice_metrics {\n  battery_level: 101\n  voltage: 4.697\n  channel_utilization: 0\n  air_util_tx: 0\n  uptime_seconds: 6366\n}\n"
    }
  },
  "id": 2226687676,
  "hopLimit": 3,
  "priority": "BACKGROUND",
  "raw": "from: 164906676\nto: 4294967295\ndecoded {\n  portnum: TELEMETRY_APP\n  payload: \"\\r\\034\\031\\000\\000\\022\\024\\010e\\025\\323M\\226@\\035\\000\\000\\000\\000%\\000\\000\\000\\000(\\3361\"\n}\nid: 2226687676\nhop_limit: 3\npriority: BACKGROUND\n",
  "fromId": "!09d446b4",
  "toId": "^all"
}
============================================================
{
  "from": 164906676,
  "to": 4294967295,
  "decoded": {
    "portnum": "TELEMETRY_APP",
    "payload": "b'\\r\\x1c\\x19\\x00\\x002\\x1e\\x08\\xde1(\\x030\\x038\\x01@\\x01`\\xb0\\x9a\\x0fh\\xc8\\xd4\\x04x\\x9b\\xff\\xff\\xff\\xff\\xff\\xff\\xff\\xff\\x01'",
    "telemetry": {
      "time": 6428,
      "localStats": {
        "uptimeSeconds": 6366,
        "numPacketsRx": 3,
        "numPacketsRxBad": 3,
        "numOnlineNodes": 1,
        "numTotalNodes": 1,
        "heapTotalBytes": 249136,
        "heapFreeBytes": 76360,
        "noiseFloor": -101
      },
      "raw": "time: 6428\nlocal_stats {\n  uptime_seconds: 6366\n  num_packets_rx: 3\n  num_packets_rx_bad: 3\n  num_online_nodes: 1\n  num_total_nodes: 1\n  heap_total_bytes: 249136\n  heap_free_bytes: 76360\n  noise_floor: -101\n}\n"
    }
  },
  "id": 44298941,
  "hopLimit": 3,
  "priority": "BACKGROUND",
  "raw": "from: 164906676\nto: 4294967295\ndecoded {\n  portnum: TELEMETRY_APP\n  payload: \"\\r\\034\\031\\000\\0002\\036\\010\\3361(\\0030\\0038\\001@\\001`\\260\\232\\017h\\310\\324\\004x\\233\\377\\377\\377\\377\\377\\377\\377\\377\\001\"\n}\nid: 44298941\nhop_limit: 3\npriority: BACKGROUND\n",
  "fromId": "!09d446b4",
  "toId": "^all"
}
============================================================
{
  "from": 164906676,
  "to": 4294967295,
  "decoded": {
    "portnum": "TELEMETRY_APP",
    "payload": "b'\\rX\\x19\\x00\\x00\\x12\\x14\\x08e\\x15\\x1dZ\\x94@\\x1d\\x00\\x00\\x00\\x00%\\x00\\x00\\x00\\x00(\\x9a2'",
    "telemetry": {
      "time": 6488,
      "deviceMetrics": {
        "batteryLevel": 101,
        "voltage": 4.636,
        "channelUtilization": 0.0,
        "airUtilTx": 0.0,
        "uptimeSeconds": 6426
      },
      "raw": "time: 6488\ndevice_metrics {\n  battery_level: 101\n  voltage: 4.636\n  channel_utilization: 0\n  air_util_tx: 0\n  uptime_seconds: 6426\n}\n"
    }
  },
  "id": 2227152574,
  "hopLimit": 3,
  "priority": "BACKGROUND",
  "raw": "from: 164906676\nto: 4294967295\ndecoded {\n  portnum: TELEMETRY_APP\n  payload: \"\\rX\\031\\000\\000\\022\\024\\010e\\025\\035Z\\224@\\035\\000\\000\\000\\000%\\000\\000\\000\\000(\\2322\"\n}\nid: 2227152574\nhop_limit: 3\npriority: BACKGROUND\n",
  "fromId": "!09d446b4",
  "toId": "^all"
}
============================================================
{
  "from": 164906676,
  "to": 4294967295,
  "decoded": {
    "portnum": "TELEMETRY_APP",
    "payload": "b'\\r\\x94\\x19\\x00\\x00\\x12\\x14\\x08e\\x15=\\n\\x93@\\x1d\\x00\\x00\\x00\\x00%\\x00\\x00\\x00\\x00(\\xd62'",
    "telemetry": {
      "time": 6548,
      "deviceMetrics": {
        "batteryLevel": 101,
        "voltage": 4.595,
        "channelUtilization": 0.0,
        "airUtilTx": 0.0,
        "uptimeSeconds": 6486
      },
      "raw": "time: 6548\ndevice_metrics {\n  battery_level: 101\n  voltage: 4.595\n  channel_utilization: 0\n  air_util_tx: 0\n  uptime_seconds: 6486\n}\n"
    }
  },
  "id": 925075135,
  "hopLimit": 3,
  "priority": "BACKGROUND",
  "raw": "from: 164906676\nto: 4294967295\ndecoded {\n  portnum: TELEMETRY_APP\n  payload: \"\\r\\224\\031\\000\\000\\022\\024\\010e\\025=\\n\\223@\\035\\000\\000\\000\\000%\\000\\000\\000\\000(\\3262\"\n}\nid: 925075135\nhop_limit: 3\npriority: BACKGROUND\n",
  "fromId": "!09d446b4",
  "toId": "^all"
}
============================================================
{
  "from": 164906676,
  "to": 4294967295,
  "decoded": {
    "portnum": "TELEMETRY_APP",
    "payload": "b'\\r\\xd0\\x19\\x00\\x00\\x12\\x14\\x08e\\x15R\\xb8\\x92@\\x1d\\x00\\x00\\x00\\x00%\\x00\\x00\\x00\\x00(\\x923'",
    "telemetry": {
      "time": 6608,
      "deviceMetrics": {
        "batteryLevel": 101,
        "voltage": 4.585,
        "channelUtilization": 0.0,
        "airUtilTx": 0.0,
        "uptimeSeconds": 6546
      },
      "raw": "time: 6608\ndevice_metrics {\n  battery_level: 101\n  voltage: 4.585\n  channel_utilization: 0\n  air_util_tx: 0\n  uptime_seconds: 6546\n}\n"
    }
  },
  "id": 3587428032,
  "hopLimit": 3,
  "priority": "BACKGROUND",
  "raw": "from: 164906676\nto: 4294967295\ndecoded {\n  portnum: TELEMETRY_APP\n  payload: \"\\r\\320\\031\\000\\000\\022\\024\\010e\\025R\\270\\222@\\035\\000\\000\\000\\000%\\000\\000\\000\\000(\\2223\"\n}\nid: 3587428032\nhop_limit: 3\npriority: BACKGROUND\n",
  "fromId": "!09d446b4",
  "toId": "^all"
}
============================================================
{
  "from": 164906676,
  "to": 4294967295,
  "decoded": {
    "portnum": "TELEMETRY_APP",
    "payload": "b'\\r\\x0c\\x1a\\x00\\x00\\x12\\x14\\x08e\\x15\\x85\\xeb\\x91@\\x1d\\x00\\x00\\x00\\x00%\\x00\\x00\\x00\\x00(\\xce3'",
    "telemetry": {
      "time": 6668,
      "deviceMetrics": {
        "batteryLevel": 101,
        "voltage": 4.56,
        "channelUtilization": 0.0,
        "airUtilTx": 0.0,
        "uptimeSeconds": 6606
      },
      "raw": "time: 6668\ndevice_metrics {\n  battery_level: 101\n  voltage: 4.56\n  channel_utilization: 0\n  air_util_tx: 0\n  uptime_seconds: 6606\n}\n"
    }
  },
  "id": 192834241,
  "hopLimit": 3,
  "priority": "BACKGROUND",
  "raw": "from: 164906676\nto: 4294967295\ndecoded {\n  portnum: TELEMETRY_APP\n  payload: \"\\r\\014\\032\\000\\000\\022\\024\\010e\\025\\205\\353\\221@\\035\\000\\000\\000\\000%\\000\\000\\000\\000(\\3163\"\n}\nid: 192834241\nhop_limit: 3\npriority: BACKGROUND\n",
  "fromId": "!09d446b4",
  "toId": "^all"
}
============================================================
{
  "from": 164906676,
  "to": 4294967295,
  "decoded": {
    "portnum": "TELEMETRY_APP",
    "payload": "b'\\rH\\x1a\\x00\\x00\\x12\\x14\\x08e\\x15\\xa0\\x1a\\x93@\\x1d\\x00\\x00\\x00\\x00%\\x00\\x00\\x00\\x00(\\x8a4'",
    "telemetry": {
      "time": 6728,
      "deviceMetrics": {
        "batteryLevel": 101,
        "voltage": 4.597,
        "channelUtilization": 0.0,
        "airUtilTx": 0.0,
        "uptimeSeconds": 6666
      },
      "raw": "time: 6728\ndevice_metrics {\n  battery_level: 101\n  voltage: 4.597\n  channel_utilization: 0\n  air_util_tx: 0\n  uptime_seconds: 6666\n}\n"
    }
  },
  "id": 4211696322,
  "hopLimit": 3,
  "priority": "BACKGROUND",
  "raw": "from: 164906676\nto: 4294967295\ndecoded {\n  portnum: TELEMETRY_APP\n  payload: \"\\rH\\032\\000\\000\\022\\024\\010e\\025\\240\\032\\223@\\035\\000\\000\\000\\000%\\000\\000\\000\\000(\\2124\"\n}\nid: 4211696322\nhop_limit: 3\npriority: BACKGROUND\n",
  "fromId": "!09d446b4",
  "toId": "^all"
}
============================================================
{
  "from": 164906676,
  "to": 4294967295,
  "decoded": {
    "portnum": "TELEMETRY_APP",
    "payload": "b'\\r\\x84\\x1a\\x00\\x00\\x12\\x14\\x08e\\x15\\xd5x\\x95@\\x1d\\x00\\x00\\x00\\x00%\\x00\\x00\\x00\\x00(\\xc64'",
    "telemetry": {
      "time": 6788,
      "deviceMetrics": {
        "batteryLevel": 101,
        "voltage": 4.671,
        "channelUtilization": 0.0,
        "airUtilTx": 0.0,
        "uptimeSeconds": 6726
      },
      "raw": "time: 6788\ndevice_metrics {\n  battery_level: 101\n  voltage: 4.671\n  channel_utilization: 0\n  air_util_tx: 0\n  uptime_seconds: 6726\n}\n"
    }
  },
  "id": 215792323,
  "hopLimit": 3,
  "priority": "BACKGROUND",
  "raw": "from: 164906676\nto: 4294967295\ndecoded {\n  portnum: TELEMETRY_APP\n  payload: \"\\r\\204\\032\\000\\000\\022\\024\\010e\\025\\325x\\225@\\035\\000\\000\\000\\000%\\000\\000\\000\\000(\\3064\"\n}\nid: 215792323\nhop_limit: 3\npriority: BACKGROUND\n",
  "fromId": "!09d446b4",
  "toId": "^all"
}
============================================================
{
  "from": 164906676,
  "to": 4294967295,
  "decoded": {
    "portnum": "TELEMETRY_APP",
    "payload": "b'\\r\\xc1\\x1a\\x00\\x00\\x12\\x14\\x08e\\x15\\xaa\\xf1\\x96@\\x1d\\x00\\x00\\x00\\x00%\\x00\\x00\\x00\\x00(\\x825'",
    "telemetry": {
      "time": 6849,
      "deviceMetrics": {
        "batteryLevel": 101,
        "voltage": 4.717,
        "channelUtilization": 0.0,
        "airUtilTx": 0.0,
        "uptimeSeconds": 6786
      },
      "raw": "time: 6849\ndevice_metrics {\n  battery_level: 101\n  voltage: 4.717\n  channel_utilization: 0\n  air_util_tx: 0\n  uptime_seconds: 6786\n}\n"
    }
  },
  "id": 15168196,
  "hopLimit": 3,
  "priority": "BACKGROUND",
  "raw": "from: 164906676\nto: 4294967295\ndecoded {\n  portnum: TELEMETRY_APP\n  payload: \"\\r\\301\\032\\000\\000\\022\\024\\010e\\025\\252\\361\\226@\\035\\000\\000\\000\\000%\\000\\000\\000\\000(\\2025\"\n}\nid: 15168196\nhop_limit: 3\npriority: BACKGROUND\n",
  "fromId": "!09d446b4",
  "toId": "^all"
}
============================================================
{
  "from": 164906676,
  "to": 4294967295,
  "decoded": {
    "portnum": "TELEMETRY_APP",
    "payload": "b'\\r\\xfd\\x1a\\x00\\x00\\x12\\x14\\x08e\\x15\\xdb\\xf9\\x92@\\x1d\\x00\\x00\\x00\\x00%\\x00\\x00\\x00\\x00(\\xbe5'",
    "telemetry": {
      "time": 6909,
      "deviceMetrics": {
        "batteryLevel": 101,
        "voltage": 4.593,
        "channelUtilization": 0.0,
        "airUtilTx": 0.0,
        "uptimeSeconds": 6846
      },
      "raw": "time: 6909\ndevice_metrics {\n  battery_level: 101\n  voltage: 4.593\n  channel_utilization: 0\n  air_util_tx: 0\n  uptime_seconds: 6846\n}\n"
    }
  },
  "id": 3287635653,
  "hopLimit": 3,
  "priority": "BACKGROUND",
  "raw": "from: 164906676\nto: 4294967295\ndecoded {\n  portnum: TELEMETRY_APP\n  payload: \"\\r\\375\\032\\000\\000\\022\\024\\010e\\025\\333\\371\\222@\\035\\000\\000\\000\\000%\\000\\000\\000\\000(\\2765\"\n}\nid: 3287635653\nhop_limit: 3\npriority: BACKGROUND\n",
  "fromId": "!09d446b4",
  "toId": "^all"
}
============================================================
{
  "from": 164906676,
  "to": 4294967295,
  "decoded": {
    "portnum": "TELEMETRY_APP",
    "payload": "b'\\r9\\x1b\\x00\\x00\\x12\\x14\\x08e\\x15\\x85\\xeb\\x91@\\x1d\\x00\\x00\\x00\\x00%\\x00\\x00\\x00\\x00(\\xfb5'",
    "telemetry": {
      "time": 6969,
      "deviceMetrics": {
        "batteryLevel": 101,
        "voltage": 4.56,
        "channelUtilization": 0.0,
        "airUtilTx": 0.0,
        "uptimeSeconds": 6907
      },
      "raw": "time: 6969\ndevice_metrics {\n  battery_level: 101\n  voltage: 4.56\n  channel_utilization: 0\n  air_util_tx: 0\n  uptime_seconds: 6907\n}\n"
    }
  },
  "id": 3741232838,
  "hopLimit": 3,
  "priority": "BACKGROUND",
  "raw": "from: 164906676\nto: 4294967295\ndecoded {\n  portnum: TELEMETRY_APP\n  payload: \"\\r9\\033\\000\\000\\022\\024\\010e\\025\\205\\353\\221@\\035\\000\\000\\000\\000%\\000\\000\\000\\000(\\3735\"\n}\nid: 3741232838\nhop_limit: 3\npriority: BACKGROUND\n",
  "fromId": "!09d446b4",
  "toId": "^all"
}
============================================================
{
  "from": 164906676,
  "to": 4294967295,
  "decoded": {
    "portnum": "TELEMETRY_APP",
    "payload": "b'\\ru\\x1b\\x00\\x00\\x12\\x14\\x08e\\x15w\\xbe\\x93@\\x1d\\x00\\x00\\x00\\x00%\\x00\\x00\\x00\\x00(\\xb76'",
    "telemetry": {
      "time": 7029,
      "deviceMetrics": {
        "batteryLevel": 101,
        "voltage": 4.617,
        "channelUtilization": 0.0,
        "airUtilTx": 0.0,
        "uptimeSeconds": 6967
      },
      "raw": "time: 7029\ndevice_metrics {\n  battery_level: 101\n  voltage: 4.617\n  channel_utilization: 0\n  air_util_tx: 0\n  uptime_seconds: 6967\n}\n"
    }
  },
  "id": 2639309511,
  "hopLimit": 3,
  "priority": "BACKGROUND",
  "raw": "from: 164906676\nto: 4294967295\ndecoded {\n  portnum: TELEMETRY_APP\n  payload: \"\\ru\\033\\000\\000\\022\\024\\010e\\025w\\276\\223@\\035\\000\\000\\000\\000%\\000\\000\\000\\000(\\2676\"\n}\nid: 2639309511\nhop_limit: 3\npriority: BACKGROUND\n",
  "fromId": "!09d446b4",
  "toId": "^all"
}
============================================================
{
  "from": 164906676,
  "to": 4294967295,
  "decoded": {
    "portnum": "TELEMETRY_APP",
    "payload": "b'\\r\\xb1\\x1b\\x00\\x00\\x12\\x14\\x08e\\x15\\xecQ\\x94@\\x1d\\x00\\x00\\x00\\x00%\\x00\\x00\\x00\\x00(\\xf36'",
    "telemetry": {
      "time": 7089,
      "deviceMetrics": {
        "batteryLevel": 101,
        "voltage": 4.635,
        "channelUtilization": 0.0,
        "airUtilTx": 0.0,
        "uptimeSeconds": 7027
      },
      "raw": "time: 7089\ndevice_metrics {\n  battery_level: 101\n  voltage: 4.635\n  channel_utilization: 0\n  air_util_tx: 0\n  uptime_seconds: 7027\n}\n"
    }
  },
  "id": 1094257352,
  "hopLimit": 3,
  "priority": "BACKGROUND",
  "raw": "from: 164906676\nto: 4294967295\ndecoded {\n  portnum: TELEMETRY_APP\n  payload: \"\\r\\261\\033\\000\\000\\022\\024\\010e\\025\\354Q\\224@\\035\\000\\000\\000\\000%\\000\\000\\000\\000(\\3636\"\n}\nid: 1094257352\nhop_limit: 3\npriority: BACKGROUND\n",
  "fromId": "!09d446b4",
  "toId": "^all"
}
============================================================
{
  "from": 164906676,
  "to": 4294967295,
  "decoded": {
    "portnum": "TELEMETRY_APP",
    "payload": "b'\\r\\xed\\x1b\\x00\\x00\\x12\\x14\\x08e\\x15/\\xdd\\x94@\\x1d\\x00\\x00\\x00\\x00%\\x00\\x00\\x00\\x00(\\xaf7'",
    "telemetry": {
      "time": 7149,
      "deviceMetrics": {
        "batteryLevel": 101,
        "voltage": 4.652,
        "channelUtilization": 0.0,
        "airUtilTx": 0.0,
        "uptimeSeconds": 7087
      },
      "raw": "time: 7149\ndevice_metrics {\n  battery_level: 101\n  voltage: 4.652\n  channel_utilization: 0\n  air_util_tx: 0\n  uptime_seconds: 7087\n}\n"
    }
  },
  "id": 2095373001,
  "hopLimit": 3,
  "priority": "BACKGROUND",
  "raw": "from: 164906676\nto: 4294967295\ndecoded {\n  portnum: TELEMETRY_APP\n  payload: \"\\r\\355\\033\\000\\000\\022\\024\\010e\\025/\\335\\224@\\035\\000\\000\\000\\000%\\000\\000\\000\\000(\\2577\"\n}\nid: 2095373001\nhop_limit: 3\npriority: BACKGROUND\n",
  "fromId": "!09d446b4",
  "toId": "^all"
}
============================================================
{
  "from": 164906676,
  "to": 4294967295,
  "decoded": {
    "portnum": "TELEMETRY_APP",
    "payload": "b'\\r)\\x1c\\x00\\x00\\x12\\x14\\x08e\\x15\\xfe\\xd4\\x94@\\x1d\\x00\\x00\\x00\\x00%\\x00\\x00\\x00\\x00(\\xeb7'",
    "telemetry": {
      "time": 7209,
      "deviceMetrics": {
        "batteryLevel": 101,
        "voltage": 4.651,
        "channelUtilization": 0.0,
        "airUtilTx": 0.0,
        "uptimeSeconds": 7147
      },
      "raw": "time: 7209\ndevice_metrics {\n  battery_level: 101\n  voltage: 4.651\n  channel_utilization: 0\n  air_util_tx: 0\n  uptime_seconds: 7147\n}\n"
    }
  },
  "id": 4179261130,
  "hopLimit": 3,
  "priority": "BACKGROUND",
  "raw": "from: 164906676\nto: 4294967295\ndecoded {\n  portnum: TELEMETRY_APP\n  payload: \"\\r)\\034\\000\\000\\022\\024\\010e\\025\\376\\324\\224@\\035\\000\\000\\000\\000%\\000\\000\\000\\000(\\3537\"\n}\nid: 4179261130\nhop_limit: 3\npriority: BACKGROUND\n",
  "fromId": "!09d446b4",
  "toId": "^all"
}
============================================================
{
  "from": 164906676,
  "to": 4294967295,
  "decoded": {
    "portnum": "TELEMETRY_APP",
    "payload": "b'\\re\\x1c\\x00\\x00\\x12\\x14\\x08e\\x15V\\x0e\\x95@\\x1d\\x00\\x00\\x00\\x00%\\x00\\x00\\x00\\x00(\\xa78'",
    "telemetry": {
      "time": 7269,
      "deviceMetrics": {
        "batteryLevel": 101,
        "voltage": 4.658,
        "channelUtilization": 0.0,
        "airUtilTx": 0.0,
        "uptimeSeconds": 7207
      },
      "raw": "time: 7269\ndevice_metrics {\n  battery_level: 101\n  voltage: 4.658\n  channel_utilization: 0\n  air_util_tx: 0\n  uptime_seconds: 7207\n}\n"
    }
  },
  "id": 170162891,
  "hopLimit": 3,
  "priority": "BACKGROUND",
  "raw": "from: 164906676\nto: 4294967295\ndecoded {\n  portnum: TELEMETRY_APP\n  payload: \"\\re\\034\\000\\000\\022\\024\\010e\\025V\\016\\225@\\035\\000\\000\\000\\000%\\000\\000\\000\\000(\\2478\"\n}\nid: 170162891\nhop_limit: 3\npriority: BACKGROUND\n",
  "fromId": "!09d446b4",
  "toId": "^all"
}
============================================================
{
  "from": 164906676,
  "to": 4294967295,
  "decoded": {
    "portnum": "TELEMETRY_APP",
    "payload": "b'\\r\\xa1\\x1c\\x00\\x00\\x12\\x14\\x08e\\x15\\x89A\\x94@\\x1d\\x00\\x00\\x00\\x00%\\x00\\x00\\x00\\x00(\\xe38'",
    "telemetry": {
      "time": 7329,
      "deviceMetrics": {
        "batteryLevel": 101,
        "voltage": 4.633,
        "channelUtilization": 0.0,
        "airUtilTx": 0.0,
        "uptimeSeconds": 7267
      },
      "raw": "time: 7329\ndevice_metrics {\n  battery_level: 101\n  voltage: 4.633\n  channel_utilization: 0\n  air_util_tx: 0\n  uptime_seconds: 7267\n}\n"
    }
  },
  "id": 2692894412,
  "hopLimit": 3,
  "priority": "BACKGROUND",
  "raw": "from: 164906676\nto: 4294967295\ndecoded {\n  portnum: TELEMETRY_APP\n  payload: \"\\r\\241\\034\\000\\000\\022\\024\\010e\\025\\211A\\224@\\035\\000\\000\\000\\000%\\000\\000\\000\\000(\\3438\"\n}\nid: 2692894412\nhop_limit: 3\npriority: BACKGROUND\n",
  "fromId": "!09d446b4",
  "toId": "^all"
}
============================================================
{
  "from": 164906676,
  "to": 4294967295,
  "decoded": {
    "portnum": "TELEMETRY_APP",
    "payload": "b'\\r\\xa1\\x1c\\x00\\x002\\x1c\\x08\\xe38(\\x030\\x03@\\x01`\\xb0\\x9a\\x0fh\\xc8\\xd4\\x04x\\x9b\\xff\\xff\\xff\\xff\\xff\\xff\\xff\\xff\\x01'",
    "telemetry": {
      "time": 7329,
      "localStats": {
        "uptimeSeconds": 7267,
        "numPacketsRx": 3,
        "numPacketsRxBad": 3,
        "numTotalNodes": 1,
        "heapTotalBytes": 249136,
        "heapFreeBytes": 76360,
        "noiseFloor": -101
      },
      "raw": "time: 7329\nlocal_stats {\n  uptime_seconds: 7267\n  num_packets_rx: 3\n  num_packets_rx_bad: 3\n  num_total_nodes: 1\n  heap_total_bytes: 249136\n  heap_free_bytes: 76360\n  noise_floor: -101\n}\n"
    }
  },
  "id": 3531629261,
  "hopLimit": 3,
  "priority": "BACKGROUND",
  "raw": "from: 164906676\nto: 4294967295\ndecoded {\n  portnum: TELEMETRY_APP\n  payload: \"\\r\\241\\034\\000\\0002\\034\\010\\3438(\\0030\\003@\\001`\\260\\232\\017h\\310\\324\\004x\\233\\377\\377\\377\\377\\377\\377\\377\\377\\001\"\n}\nid: 3531629261\nhop_limit: 3\npriority: BACKGROUND\n",
  "fromId": "!09d446b4",
  "toId": "^all"
}
============================================================
{
  "from": 164906676,
  "to": 4294967295,
  "decoded": {
    "portnum": "TELEMETRY_APP",
    "payload": "b'\\r\\xdd\\x1c\\x00\\x00\\x12\\x14\\x08e\\x15\\xb4\\xc8\\x92@\\x1d\\x00\\x00\\x00\\x00%\\x00\\x00\\x00\\x00(\\x9f9'",
    "telemetry": {
      "time": 7389,
      "deviceMetrics": {
        "batteryLevel": 101,
        "voltage": 4.587,
        "channelUtilization": 0.0,
        "airUtilTx": 0.0,
        "uptimeSeconds": 7327
      },
      "raw": "time: 7389\ndevice_metrics {\n  battery_level: 101\n  voltage: 4.587\n  channel_utilization: 0\n  air_util_tx: 0\n  uptime_seconds: 7327\n}\n"
    }
  },
  "id": 2230544078,
  "hopLimit": 3,
  "priority": "BACKGROUND",
  "raw": "from: 164906676\nto: 4294967295\ndecoded {\n  portnum: TELEMETRY_APP\n  payload: \"\\r\\335\\034\\000\\000\\022\\024\\010e\\025\\264\\310\\222@\\035\\000\\000\\000\\000%\\000\\000\\000\\000(\\2379\"\n}\nid: 2230544078\nhop_limit: 3\npriority: BACKGROUND\n",
  "fromId": "!09d446b4",
  "toId": "^all"
}
============================================================
{
  "from": 164906676,
  "to": 4294967295,
  "decoded": {
    "portnum": "TELEMETRY_APP",
    "payload": "b'\\r\\x19\\x1d\\x00\\x00\\x12\\x14\\x08e\\x15\\x96C\\x93@\\x1d\\x00\\x00\\x00\\x00%\\x00\\x00\\x00\\x00(\\xdb9'",
    "telemetry": {
      "time": 7449,
      "deviceMetrics": {
        "batteryLevel": 101,
        "voltage": 4.602,
        "channelUtilization": 0.0,
        "airUtilTx": 0.0,
        "uptimeSeconds": 7387
      },
      "raw": "time: 7449\ndevice_metrics {\n  battery_level: 101\n  voltage: 4.602\n  channel_utilization: 0\n  air_util_tx: 0\n  uptime_seconds: 7387\n}\n"
    }
  },
  "id": 356174543,
  "hopLimit": 3,
  "priority": "BACKGROUND",
  "raw": "from: 164906676\nto: 4294967295\ndecoded {\n  portnum: TELEMETRY_APP\n  payload: \"\\r\\031\\035\\000\\000\\022\\024\\010e\\025\\226C\\223@\\035\\000\\000\\000\\000%\\000\\000\\000\\000(\\3339\"\n}\nid: 356174543\nhop_limit: 3\npriority: BACKGROUND\n",
  "fromId": "!09d446b4",
  "toId": "^all"
}
============================================================
{
  "from": 164906676,
  "to": 4294967295,
  "decoded": {
    "portnum": "TELEMETRY_APP",
    "payload": "b'\\rU\\x1d\\x00\\x00\\x12\\x14\\x08e\\x15)\\\\\\x93@\\x1d\\x00\\x00\\x00\\x00%\\x00\\x00\\x00\\x00(\\x97:'",
    "telemetry": {
      "time": 7509,
      "deviceMetrics": {
        "batteryLevel": 101,
        "voltage": 4.605,
        "channelUtilization": 0.0,
        "airUtilTx": 0.0,
        "uptimeSeconds": 7447
      },
      "raw": "time: 7509\ndevice_metrics {\n  battery_level: 101\n  voltage: 4.605\n  channel_utilization: 0\n  air_util_tx: 0\n  uptime_seconds: 7447\n}\n"
    }
  },
  "id": 267921104,
  "hopLimit": 3,
  "priority": "BACKGROUND",
  "raw": "from: 164906676\nto: 4294967295\ndecoded {\n  portnum: TELEMETRY_APP\n  payload: \"\\rU\\035\\000\\000\\022\\024\\010e\\025)\\\\\\223@\\035\\000\\000\\000\\000%\\000\\000\\000\\000(\\227:\"\n}\nid: 267921104\nhop_limit: 3\npriority: BACKGROUND\n",
  "fromId": "!09d446b4",
  "toId": "^all"
}
============================================================
{
  "from": 164906676,
  "to": 4294967295,
  "decoded": {
    "portnum": "TELEMETRY_APP",
    "payload": "b'\\r\\x91\\x1d\\x00\\x00\\x12\\x14\\x08e\\x15\\xa8\\xc6\\x93@\\x1d\\x00\\x00\\x00\\x00%\\x00\\x00\\x00\\x00(\\xd3:'",
    "telemetry": {
      "time": 7569,
      "deviceMetrics": {
        "batteryLevel": 101,
        "voltage": 4.618,
        "channelUtilization": 0.0,
        "airUtilTx": 0.0,
        "uptimeSeconds": 7507
      },
      "raw": "time: 7569\ndevice_metrics {\n  battery_level: 101\n  voltage: 4.618\n  channel_utilization: 0\n  air_util_tx: 0\n  uptime_seconds: 7507\n}\n"
    }
  },
  "id": 128855761,
  "hopLimit": 3,
  "priority": "BACKGROUND",
  "raw": "from: 164906676\nto: 4294967295\ndecoded {\n  portnum: TELEMETRY_APP\n  payload: \"\\r\\221\\035\\000\\000\\022\\024\\010e\\025\\250\\306\\223@\\035\\000\\000\\000\\000%\\000\\000\\000\\000(\\323:\"\n}\nid: 128855761\nhop_limit: 3\npriority: BACKGROUND\n",
  "fromId": "!09d446b4",
  "toId": "^all"
}
============================================================
{
  "from": 164906676,
  "to": 4294967295,
  "decoded": {
    "portnum": "TELEMETRY_APP",
    "payload": "b'\\r\\xcd\\x1d\\x00\\x00\\x12\\x14\\x08e\\x15\\xcf\\xf7\\x93@\\x1d\\x00\\x00\\x00\\x00%\\x00\\x00\\x00\\x00(\\x8f;'",
    "telemetry": {
      "time": 7629,
      "deviceMetrics": {
        "batteryLevel": 101,
        "voltage": 4.624,
        "channelUtilization": 0.0,
        "airUtilTx": 0.0,
        "uptimeSeconds": 7567
      },
      "raw": "time: 7629\ndevice_metrics {\n  battery_level: 101\n  voltage: 4.624\n  channel_utilization: 0\n  air_util_tx: 0\n  uptime_seconds: 7567\n}\n"
    }
  },
  "id": 3109615314,
  "hopLimit": 3,
  "priority": "BACKGROUND",
  "raw": "from: 164906676\nto: 4294967295\ndecoded {\n  portnum: TELEMETRY_APP\n  payload: \"\\r\\315\\035\\000\\000\\022\\024\\010e\\025\\317\\367\\223@\\035\\000\\000\\000\\000%\\000\\000\\000\\000(\\217;\"\n}\nid: 3109615314\nhop_limit: 3\npriority: BACKGROUND\n",
  "fromId": "!09d446b4",
  "toId": "^all"
}
============================================================
{
  "from": 164906676,
  "to": 4294967295,
  "decoded": {
    "portnum": "TELEMETRY_APP",
    "payload": "b'\\r\\t\\x1e\\x00\\x00\\x12\\x14\\x08e\\x15\\xd9\\xce\\x93@\\x1d\\x00\\x00\\x00\\x00%\\x00\\x00\\x00\\x00(\\xcb;'",
    "telemetry": {
      "time": 7689,
      "deviceMetrics": {
        "batteryLevel": 101,
        "voltage": 4.619,
        "channelUtilization": 0.0,
        "airUtilTx": 0.0,
        "uptimeSeconds": 7627
      },
      "raw": "time: 7689\ndevice_metrics {\n  battery_level: 101\n  voltage: 4.619\n  channel_utilization: 0\n  air_util_tx: 0\n  uptime_seconds: 7627\n}\n"
    }
  },
  "id": 548824787,
  "hopLimit": 3,
  "priority": "BACKGROUND",
  "raw": "from: 164906676\nto: 4294967295\ndecoded {\n  portnum: TELEMETRY_APP\n  payload: \"\\r\\t\\036\\000\\000\\022\\024\\010e\\025\\331\\316\\223@\\035\\000\\000\\000\\000%\\000\\000\\000\\000(\\313;\"\n}\nid: 548824787\nhop_limit: 3\npriority: BACKGROUND\n",
  "fromId": "!09d446b4",
  "toId": "^all"
}
============================================================
{
  "from": 164906676,
  "to": 4294967295,
  "decoded": {
    "portnum": "TELEMETRY_APP",
    "payload": "b'\\rE\\x1e\\x00\\x00\\x12\\x14\\x08e\\x15\\x9e\\xef\\x93@\\x1d\\x00\\x00\\x00\\x00%\\x00\\x00\\x00\\x00(\\x87<'",
    "telemetry": {
      "time": 7749,
      "deviceMetrics": {
        "batteryLevel": 101,
        "voltage": 4.623,
        "channelUtilization": 0.0,
        "airUtilTx": 0.0,
        "uptimeSeconds": 7687
      },
      "raw": "time: 7749\ndevice_metrics {\n  battery_level: 101\n  voltage: 4.623\n  channel_utilization: 0\n  air_util_tx: 0\n  uptime_seconds: 7687\n}\n"
    }
  },
  "id": 4484820,
  "hopLimit": 3,
  "priority": "BACKGROUND",
  "raw": "from: 164906676\nto: 4294967295\ndecoded {\n  portnum: TELEMETRY_APP\n  payload: \"\\rE\\036\\000\\000\\022\\024\\010e\\025\\236\\357\\223@\\035\\000\\000\\000\\000%\\000\\000\\000\\000(\\207<\"\n}\nid: 4484820\nhop_limit: 3\npriority: BACKGROUND\n",
  "fromId": "!09d446b4",
  "toId": "^all"
}
============================================================
{
  "from": 164906676,
  "to": 4294967295,
  "decoded": {
    "portnum": "TELEMETRY_APP",
    "payload": "b'\\r\\x81\\x1e\\x00\\x00\\x12\\x14\\x08e\\x15\\xd1\"\\x93@\\x1d\\x00\\x00\\x00\\x00%\\x00\\x00\\x00\\x00(\\xc3<'",
    "telemetry": {
      "time": 7809,
      "deviceMetrics": {
        "batteryLevel": 101,
        "voltage": 4.598,
        "channelUtilization": 0.0,
        "airUtilTx": 0.0,
        "uptimeSeconds": 7747
      },
      "raw": "time: 7809\ndevice_metrics {\n  battery_level: 101\n  voltage: 4.598\n  channel_utilization: 0\n  air_util_tx: 0\n  uptime_seconds: 7747\n}\n"
    }
  },
  "id": 669382357,
  "hopLimit": 3,
  "priority": "BACKGROUND",
  "raw": "from: 164906676\nto: 4294967295\ndecoded {\n  portnum: TELEMETRY_APP\n  payload: \"\\r\\201\\036\\000\\000\\022\\024\\010e\\025\\321\\\"\\223@\\035\\000\\000\\000\\000%\\000\\000\\000\\000(\\303<\"\n}\nid: 669382357\nhop_limit: 3\npriority: BACKGROUND\n",
  "fromId": "!09d446b4",
  "toId": "^all"
}
============================================================
{
  "from": 164906676,
  "to": 4294967295,
  "decoded": {
    "portnum": "TELEMETRY_APP",
    "payload": "b'\\r\\xbd\\x1e\\x00\\x00\\x12\\x14\\x08e\\x15\\x9a\\x99\\x91@\\x1d\\x00\\x00\\x00\\x00%\\x00\\x00\\x00\\x00(\\xff<'",
    "telemetry": {
      "time": 7869,
      "deviceMetrics": {
        "batteryLevel": 101,
        "voltage": 4.55,
        "channelUtilization": 0.0,
        "airUtilTx": 0.0,
        "uptimeSeconds": 7807
      },
      "raw": "time: 7869\ndevice_metrics {\n  battery_level: 101\n  voltage: 4.55\n  channel_utilization: 0\n  air_util_tx: 0\n  uptime_seconds: 7807\n}\n"
    }
  },
  "id": 1929265878,
  "hopLimit": 3,
  "priority": "BACKGROUND",
  "raw": "from: 164906676\nto: 4294967295\ndecoded {\n  portnum: TELEMETRY_APP\n  payload: \"\\r\\275\\036\\000\\000\\022\\024\\010e\\025\\232\\231\\221@\\035\\000\\000\\000\\000%\\000\\000\\000\\000(\\377<\"\n}\nid: 1929265878\nhop_limit: 3\npriority: BACKGROUND\n",
  "fromId": "!09d446b4",
  "toId": "^all"
}
============================================================
{
  "from": 164906676,
  "to": 4294967295,
  "decoded": {
    "portnum": "TELEMETRY_APP",
    "payload": "b'\\r\\xf9\\x1e\\x00\\x00\\x12\\x14\\x08e\\x15\\xe9&\\x95@\\x1d\\x00\\x00\\x00\\x00%\\x00\\x00\\x00\\x00(\\xbb='",
    "telemetry": {
      "time": 7929,
      "deviceMetrics": {
        "batteryLevel": 101,
        "voltage": 4.661,
        "channelUtilization": 0.0,
        "airUtilTx": 0.0,
        "uptimeSeconds": 7867
      },
      "raw": "time: 7929\ndevice_metrics {\n  battery_level: 101\n  voltage: 4.661\n  channel_utilization: 0\n  air_util_tx: 0\n  uptime_seconds: 7867\n}\n"
    }
  },
  "id": 1649681111,
  "hopLimit": 3,
  "priority": "BACKGROUND",
  "raw": "from: 164906676\nto: 4294967295\ndecoded {\n  portnum: TELEMETRY_APP\n  payload: \"\\r\\371\\036\\000\\000\\022\\024\\010e\\025\\351&\\225@\\035\\000\\000\\000\\000%\\000\\000\\000\\000(\\273=\"\n}\nid: 1649681111\nhop_limit: 3\npriority: BACKGROUND\n",
  "fromId": "!09d446b4",
  "toId": "^all"
}
============================================================
{
  "from": 164906676,
  "to": 4294967295,
  "decoded": {
    "portnum": "TELEMETRY_APP",
    "payload": "b'\\r5\\x1f\\x00\\x00\\x12\\x14\\x08e\\x15\\xc5 \\x94@\\x1d\\x00\\x00\\x00\\x00%\\x00\\x00\\x00\\x00(\\xf7='",
    "telemetry": {
      "time": 7989,
      "deviceMetrics": {
        "batteryLevel": 101,
        "voltage": 4.629,
        "channelUtilization": 0.0,
        "airUtilTx": 0.0,
        "uptimeSeconds": 7927
      },
      "raw": "time: 7989\ndevice_metrics {\n  battery_level: 101\n  voltage: 4.629\n  channel_utilization: 0\n  air_util_tx: 0\n  uptime_seconds: 7927\n}\n"
    }
  },
  "id": 2662482648,
  "hopLimit": 3,
  "priority": "BACKGROUND",
  "raw": "from: 164906676\nto: 4294967295\ndecoded {\n  portnum: TELEMETRY_APP\n  payload: \"\\r5\\037\\000\\000\\022\\024\\010e\\025\\305 \\224@\\035\\000\\000\\000\\000%\\000\\000\\000\\000(\\367=\"\n}\nid: 2662482648\nhop_limit: 3\npriority: BACKGROUND\n",
  "fromId": "!09d446b4",
  "toId": "^all"
}
============================================================
{
  "from": 164906676,
  "to": 4294967295,
  "decoded": {
    "portnum": "TELEMETRY_APP",
    "payload": "b'\\rq\\x1f\\x00\\x00\\x12\\x14\\x08e\\x15V\\x0e\\x91@\\x1d\\x00\\x00\\x00\\x00%\\x00\\x00\\x00\\x00(\\xb3>'",
    "telemetry": {
      "time": 8049,
      "deviceMetrics": {
        "batteryLevel": 101,
        "voltage": 4.533,
        "channelUtilization": 0.0,
        "airUtilTx": 0.0,
        "uptimeSeconds": 7987
      },
      "raw": "time: 8049\ndevice_metrics {\n  battery_level: 101\n  voltage: 4.533\n  channel_utilization: 0\n  air_util_tx: 0\n  uptime_seconds: 7987\n}\n"
    }
  },
  "id": 4068979417,
  "hopLimit": 3,
  "priority": "BACKGROUND",
  "raw": "from: 164906676\nto: 4294967295\ndecoded {\n  portnum: TELEMETRY_APP\n  payload: \"\\rq\\037\\000\\000\\022\\024\\010e\\025V\\016\\221@\\035\\000\\000\\000\\000%\\000\\000\\000\\000(\\263>\"\n}\nid: 4068979417\nhop_limit: 3\npriority: BACKGROUND\n",
  "fromId": "!09d446b4",
  "toId": "^all"
}
============================================================
{
  "from": 164906676,
  "to": 4294967295,
  "decoded": {
    "portnum": "TELEMETRY_APP",
    "payload": "b'\\r\\xad\\x1f\\x00\\x00\\x12\\x14\\x08e\\x15\\xac\\x1c\\x96@\\x1d\\x00\\x00\\x00\\x00%\\x00\\x00\\x00\\x00(\\xef>'",
    "telemetry": {
      "time": 8109,
      "deviceMetrics": {
        "batteryLevel": 101,
        "voltage": 4.691,
        "channelUtilization": 0.0,
        "airUtilTx": 0.0,
        "uptimeSeconds": 8047
      },
      "raw": "time: 8109\ndevice_metrics {\n  battery_level: 101\n  voltage: 4.691\n  channel_utilization: 0\n  air_util_tx: 0\n  uptime_seconds: 8047\n}\n"
    }
  },
  "id": 1285261018,
  "hopLimit": 3,
  "priority": "BACKGROUND",
  "raw": "from: 164906676\nto: 4294967295\ndecoded {\n  portnum: TELEMETRY_APP\n  payload: \"\\r\\255\\037\\000\\000\\022\\024\\010e\\025\\254\\034\\226@\\035\\000\\000\\000\\000%\\000\\000\\000\\000(\\357>\"\n}\nid: 1285261018\nhop_limit: 3\npriority: BACKGROUND\n",
  "fromId": "!09d446b4",
  "toId": "^all"
}
============================================================
{
  "from": 164906676,
  "to": 4294967295,
  "decoded": {
    "portnum": "TELEMETRY_APP",
    "payload": "b'\\r\\xea\\x1f\\x00\\x00\\x12\\x14\\x08e\\x15^\\xba\\x95@\\x1d\\x00\\x00\\x00\\x00%\\x00\\x00\\x00\\x00(\\xab?'",
    "telemetry": {
      "time": 8170,
      "deviceMetrics": {
        "batteryLevel": 101,
        "voltage": 4.679,
        "channelUtilization": 0.0,
        "airUtilTx": 0.0,
        "uptimeSeconds": 8107
      },
      "raw": "time: 8170\ndevice_metrics {\n  battery_level: 101\n  voltage: 4.679\n  channel_utilization: 0\n  air_util_tx: 0\n  uptime_seconds: 8107\n}\n"
    }
  },
  "id": 1763846875,
  "hopLimit": 3,
  "priority": "BACKGROUND",
  "raw": "from: 164906676\nto: 4294967295\ndecoded {\n  portnum: TELEMETRY_APP\n  payload: \"\\r\\352\\037\\000\\000\\022\\024\\010e\\025^\\272\\225@\\035\\000\\000\\000\\000%\\000\\000\\000\\000(\\253?\"\n}\nid: 1763846875\nhop_limit: 3\npriority: BACKGROUND\n",
  "fromId": "!09d446b4",
  "toId": "^all"
}
============================================================
{
  "from": 164906676,
  "to": 4294967295,
  "decoded": {
    "portnum": "TELEMETRY_APP",
    "payload": "b'\\r& \\x00\\x00\\x12\\x14\\x08e\\x15\\xa2E\\x92@\\x1d\\x00\\x00\\x00\\x00%\\x00\\x00\\x00\\x00(\\xe7?'",
    "telemetry": {
      "time": 8230,
      "deviceMetrics": {
        "batteryLevel": 101,
        "voltage": 4.571,
        "channelUtilization": 0.0,
        "airUtilTx": 0.0,
        "uptimeSeconds": 8167
      },
      "raw": "time: 8230\ndevice_metrics {\n  battery_level: 101\n  voltage: 4.571\n  channel_utilization: 0\n  air_util_tx: 0\n  uptime_seconds: 8167\n}\n"
    }
  },
  "id": 1855413980,
  "hopLimit": 3,
  "priority": "BACKGROUND",
  "raw": "from: 164906676\nto: 4294967295\ndecoded {\n  portnum: TELEMETRY_APP\n  payload: \"\\r& \\000\\000\\022\\024\\010e\\025\\242E\\222@\\035\\000\\000\\000\\000%\\000\\000\\000\\000(\\347?\"\n}\nid: 1855413980\nhop_limit: 3\npriority: BACKGROUND\n",
  "fromId": "!09d446b4",
  "toId": "^all"
}
============================================================
{
  "from": 164906676,
  "to": 4294967295,
  "decoded": {
    "portnum": "TELEMETRY_APP",
    "payload": "b'\\r& \\x00\\x002\\x1c\\x08\\xe7?(\\x030\\x03@\\x01`\\x80\\x9a\\x0fh\\xec\\xd2\\x04x\\x9b\\xff\\xff\\xff\\xff\\xff\\xff\\xff\\xff\\x01'",
    "telemetry": {
      "time": 8230,
      "localStats": {
        "uptimeSeconds": 8167,
        "numPacketsRx": 3,
        "numPacketsRxBad": 3,
        "numTotalNodes": 1,
        "heapTotalBytes": 249088,
        "heapFreeBytes": 76140,
        "noiseFloor": -101
      },
      "raw": "time: 8230\nlocal_stats {\n  uptime_seconds: 8167\n  num_packets_rx: 3\n  num_packets_rx_bad: 3\n  num_total_nodes: 1\n  heap_total_bytes: 249088\n  heap_free_bytes: 76140\n  noise_floor: -101\n}\n"
    }
  },
  "id": 3342108381,
  "hopLimit": 3,
  "priority": "BACKGROUND",
  "raw": "from: 164906676\nto: 4294967295\ndecoded {\n  portnum: TELEMETRY_APP\n  payload: \"\\r& \\000\\0002\\034\\010\\347?(\\0030\\003@\\001`\\200\\232\\017h\\354\\322\\004x\\233\\377\\377\\377\\377\\377\\377\\377\\377\\001\"\n}\nid: 3342108381\nhop_limit: 3\npriority: BACKGROUND\n",
  "fromId": "!09d446b4",
  "toId": "^all"
}
============================================================
{
  "from": 164906676,
  "to": 4294967295,
  "decoded": {
    "portnum": "TELEMETRY_APP",
    "payload": "b'\\rb \\x00\\x00\\x12\\x14\\x08e\\x15F\\xb6\\x93@\\x1d\\x00\\x00\\x00\\x00%\\x00\\x00\\x00\\x00(\\xa4@'",
    "telemetry": {
      "time": 8290,
      "deviceMetrics": {
        "batteryLevel": 101,
        "voltage": 4.616,
        "channelUtilization": 0.0,
        "airUtilTx": 0.0,
        "uptimeSeconds": 8228
      },
      "raw": "time: 8290\ndevice_metrics {\n  battery_level: 101\n  voltage: 4.616\n  channel_utilization: 0\n  air_util_tx: 0\n  uptime_seconds: 8228\n}\n"
    }
  },
  "id": 2970470110,
  "hopLimit": 3,
  "priority": "BACKGROUND",
  "raw": "from: 164906676\nto: 4294967295\ndecoded {\n  portnum: TELEMETRY_APP\n  payload: \"\\rb \\000\\000\\022\\024\\010e\\025F\\266\\223@\\035\\000\\000\\000\\000%\\000\\000\\000\\000(\\244@\"\n}\nid: 2970470110\nhop_limit: 3\npriority: BACKGROUND\n",
  "fromId": "!09d446b4",
  "toId": "^all"
}
============================================================
{
  "from": 164906676,
  "to": 4294967295,
  "decoded": {
    "portnum": "TELEMETRY_APP",
    "payload": "b'\\r\\x9e \\x00\\x00\\x12\\x14\\x08e\\x15\\xbct\\x93@\\x1d\\x00\\x00\\x00\\x00%\\x00\\x00\\x00\\x00(\\xe0@'",
    "telemetry": {
      "time": 8350,
      "deviceMetrics": {
        "batteryLevel": 101,
        "voltage": 4.608,
        "channelUtilization": 0.0,
        "airUtilTx": 0.0,
        "uptimeSeconds": 8288
      },
      "raw": "time: 8350\ndevice_metrics {\n  battery_level: 101\n  voltage: 4.608\n  channel_utilization: 0\n  air_util_tx: 0\n  uptime_seconds: 8288\n}\n"
    }
  },
  "id": 2423797471,
  "hopLimit": 3,
  "priority": "BACKGROUND",
  "raw": "from: 164906676\nto: 4294967295\ndecoded {\n  portnum: TELEMETRY_APP\n  payload: \"\\r\\236 \\000\\000\\022\\024\\010e\\025\\274t\\223@\\035\\000\\000\\000\\000%\\000\\000\\000\\000(\\340@\"\n}\nid: 2423797471\nhop_limit: 3\npriority: BACKGROUND\n",
  "fromId": "!09d446b4",
  "toId": "^all"
}
============================================================
{
  "from": 164906676,
  "to": 4294967295,
  "decoded": {
    "portnum": "TELEMETRY_APP",
    "payload": "b'\\r\\xda \\x00\\x00\\x12\\x14\\x08e\\x15q=\\x92@\\x1d\\x00\\x00\\x00\\x00%\\x00\\x00\\x00\\x00(\\x9cA'",
    "telemetry": {
      "time": 8410,
      "deviceMetrics": {
        "batteryLevel": 101,
        "voltage": 4.57,
        "channelUtilization": 0.0,
        "airUtilTx": 0.0,
        "uptimeSeconds": 8348
      },
      "raw": "time: 8410\ndevice_metrics {\n  battery_level: 101\n  voltage: 4.57\n  channel_utilization: 0\n  air_util_tx: 0\n  uptime_seconds: 8348\n}\n"
    }
  },
  "id": 1523012320,
  "hopLimit": 3,
  "priority": "BACKGROUND",
  "raw": "from: 164906676\nto: 4294967295\ndecoded {\n  portnum: TELEMETRY_APP\n  payload: \"\\r\\332 \\000\\000\\022\\024\\010e\\025q=\\222@\\035\\000\\000\\000\\000%\\000\\000\\000\\000(\\234A\"\n}\nid: 1523012320\nhop_limit: 3\npriority: BACKGROUND\n",
  "fromId": "!09d446b4",
  "toId": "^all"
}
============================================================
{
  "from": 164906676,
  "to": 4294967295,
  "decoded": {
    "portnum": "TELEMETRY_APP",
    "payload": "b'\\r\\x16!\\x00\\x00\\x12\\x14\\x08e\\x15\\xf4\\xfd\\x90@\\x1d\\x00\\x00\\x00\\x00%\\x00\\x00\\x00\\x00(\\xd8A'",
    "telemetry": {
      "time": 8470,
      "deviceMetrics": {
        "batteryLevel": 101,
        "voltage": 4.531,
        "channelUtilization": 0.0,
        "airUtilTx": 0.0,
        "uptimeSeconds": 8408
      },
      "raw": "time: 8470\ndevice_metrics {\n  battery_level: 101\n  voltage: 4.531\n  channel_utilization: 0\n  air_util_tx: 0\n  uptime_seconds: 8408\n}\n"
    }
  },
  "id": 3424804577,
  "hopLimit": 3,
  "priority": "BACKGROUND",
  "raw": "from: 164906676\nto: 4294967295\ndecoded {\n  portnum: TELEMETRY_APP\n  payload: \"\\r\\026!\\000\\000\\022\\024\\010e\\025\\364\\375\\220@\\035\\000\\000\\000\\000%\\000\\000\\000\\000(\\330A\"\n}\nid: 3424804577\nhop_limit: 3\npriority: BACKGROUND\n",
  "fromId": "!09d446b4",
  "toId": "^all"
}
============================================================
{
  "from": 164906676,
  "to": 4294967295,
  "decoded": {
    "portnum": "TELEMETRY_APP",
    "payload": "b'\\rR!\\x00\\x00\\x12\\x14\\x08e\\x15\\xcb\\xa1\\x95@\\x1d\\x00\\x00\\x00\\x00%\\x00\\x00\\x00\\x00(\\x94B'",
    "telemetry": {
      "time": 8530,
      "deviceMetrics": {
        "batteryLevel": 101,
        "voltage": 4.676,
        "channelUtilization": 0.0,
        "airUtilTx": 0.0,
        "uptimeSeconds": 8468
      },
      "raw": "time: 8530\ndevice_metrics {\n  battery_level: 101\n  voltage: 4.676\n  channel_utilization: 0\n  air_util_tx: 0\n  uptime_seconds: 8468\n}\n"
    }
  },
  "id": 2030514914,
  "hopLimit": 3,
  "priority": "BACKGROUND",
  "raw": "from: 164906676\nto: 4294967295\ndecoded {\n  portnum: TELEMETRY_APP\n  payload: \"\\rR!\\000\\000\\022\\024\\010e\\025\\313\\241\\225@\\035\\000\\000\\000\\000%\\000\\000\\000\\000(\\224B\"\n}\nid: 2030514914\nhop_limit: 3\npriority: BACKGROUND\n",
  "fromId": "!09d446b4",
  "toId": "^all"
}
============================================================
{
  "from": 164906676,
  "to": 4294967295,
  "decoded": {
    "portnum": "TELEMETRY_APP",
    "payload": "b'\\r\\x8e!\\x00\\x00\\x12\\x14\\x08e\\x15d;\\x93@\\x1d\\x00\\x00\\x00\\x00%\\x00\\x00\\x00\\x00(\\xd0B'",
    "telemetry": {
      "time": 8590,
      "deviceMetrics": {
        "batteryLevel": 101,
        "voltage": 4.601,
        "channelUtilization": 0.0,
        "airUtilTx": 0.0,
        "uptimeSeconds": 8528
      },
      "raw": "time: 8590\ndevice_metrics {\n  battery_level: 101\n  voltage: 4.601\n  channel_utilization: 0\n  air_util_tx: 0\n  uptime_seconds: 8528\n}\n"
    }
  },
  "id": 3331942115,
  "hopLimit": 3,
  "priority": "BACKGROUND",
  "raw": "from: 164906676\nto: 4294967295\ndecoded {\n  portnum: TELEMETRY_APP\n  payload: \"\\r\\216!\\000\\000\\022\\024\\010e\\025d;\\223@\\035\\000\\000\\000\\000%\\000\\000\\000\\000(\\320B\"\n}\nid: 3331942115\nhop_limit: 3\npriority: BACKGROUND\n",
  "fromId": "!09d446b4",
  "toId": "^all"
}
============================================================
{
  "from": 164906676,
  "to": 4294967295,
  "decoded": {
    "portnum": "TELEMETRY_APP",
    "payload": "b'\\r\\xca!\\x00\\x00\\x12\\x14\\x08e\\x15\\xfc\\xa9\\x91@\\x1d\\x00\\x00\\x00\\x00%\\x00\\x00\\x00\\x00(\\x8cC'",
    "telemetry": {
      "time": 8650,
      "deviceMetrics": {
        "batteryLevel": 101,
        "voltage": 4.552,
        "channelUtilization": 0.0,
        "airUtilTx": 0.0,
        "uptimeSeconds": 8588
      },
      "raw": "time: 8650\ndevice_metrics {\n  battery_level: 101\n  voltage: 4.552\n  channel_utilization: 0\n  air_util_tx: 0\n  uptime_seconds: 8588\n}\n"
    }
  },
  "id": 3318713060,
  "hopLimit": 3,
  "priority": "BACKGROUND",
  "raw": "from: 164906676\nto: 4294967295\ndecoded {\n  portnum: TELEMETRY_APP\n  payload: \"\\r\\312!\\000\\000\\022\\024\\010e\\025\\374\\251\\221@\\035\\000\\000\\000\\000%\\000\\000\\000\\000(\\214C\"\n}\nid: 3318713060\nhop_limit: 3\npriority: BACKGROUND\n",
  "fromId": "!09d446b4",
  "toId": "^all"
}
============================================================
{
  "from": 164906676,
  "to": 4294967295,
  "decoded": {
    "portnum": "TELEMETRY_APP",
    "payload": "b'\\r\\x06\"\\x00\\x00\\x12\\x14\\x08e\\x15\\x00\\x00\\x94@\\x1d\\x00\\x00\\x00\\x00%\\x00\\x00\\x00\\x00(\\xc8C'",
    "telemetry": {
      "time": 8710,
      "deviceMetrics": {
        "batteryLevel": 101,
        "voltage": 4.625,
        "channelUtilization": 0.0,
        "airUtilTx": 0.0,
        "uptimeSeconds": 8648
      },
      "raw": "time: 8710\ndevice_metrics {\n  battery_level: 101\n  voltage: 4.625\n  channel_utilization: 0\n  air_util_tx: 0\n  uptime_seconds: 8648\n}\n"
    }
  },
  "id": 1687845605,
  "hopLimit": 3,
  "priority": "BACKGROUND",
  "raw": "from: 164906676\nto: 4294967295\ndecoded {\n  portnum: TELEMETRY_APP\n  payload: \"\\r\\006\\\"\\000\\000\\022\\024\\010e\\025\\000\\000\\224@\\035\\000\\000\\000\\000%\\000\\000\\000\\000(\\310C\"\n}\nid: 1687845605\nhop_limit: 3\npriority: BACKGROUND\n",
  "fromId": "!09d446b4",
  "toId": "^all"
}
============================================================
{
  "from": 164906676,
  "to": 4294967295,
  "decoded": {
    "portnum": "TELEMETRY_APP",
    "payload": "b'\\rB\"\\x00\\x00\\x12\\x14\\x08e\\x15b\\x10\\x94@\\x1d\\x00\\x00\\x00\\x00%\\x00\\x00\\x00\\x00(\\x84D'",
    "telemetry": {
      "time": 8770,
      "deviceMetrics": {
        "batteryLevel": 101,
        "voltage": 4.627,
        "channelUtilization": 0.0,
        "airUtilTx": 0.0,
        "uptimeSeconds": 8708
      },
      "raw": "time: 8770\ndevice_metrics {\n  battery_level: 101\n  voltage: 4.627\n  channel_utilization: 0\n  air_util_tx: 0\n  uptime_seconds: 8708\n}\n"
    }
  },
  "id": 1457621734,
  "hopLimit": 3,
  "priority": "BACKGROUND",
  "raw": "from: 164906676\nto: 4294967295\ndecoded {\n  portnum: TELEMETRY_APP\n  payload: \"\\rB\\\"\\000\\000\\022\\024\\010e\\025b\\020\\224@\\035\\000\\000\\000\\000%\\000\\000\\000\\000(\\204D\"\n}\nid: 1457621734\nhop_limit: 3\npriority: BACKGROUND\n",
  "fromId": "!09d446b4",
  "toId": "^all"
}
============================================================
{
  "from": 164906676,
  "to": 4294967295,
  "decoded": {
    "portnum": "TELEMETRY_APP",
    "payload": "b'\\r~\"\\x00\\x00\\x12\\x14\\x08e\\x15\\xe9&\\x91@\\x1d\\x00\\x00\\x00\\x00%\\x00\\x00\\x00\\x00(\\xc0D'",
    "telemetry": {
      "time": 8830,
      "deviceMetrics": {
        "batteryLevel": 101,
        "voltage": 4.536,
        "channelUtilization": 0.0,
        "airUtilTx": 0.0,
        "uptimeSeconds": 8768
      },
      "raw": "time: 8830\ndevice_metrics {\n  battery_level: 101\n  voltage: 4.536\n  channel_utilization: 0\n  air_util_tx: 0\n  uptime_seconds: 8768\n}\n"
    }
  },
  "id": 1953344231,
  "hopLimit": 3,
  "priority": "BACKGROUND",
  "raw": "from: 164906676\nto: 4294967295\ndecoded {\n  portnum: TELEMETRY_APP\n  payload: \"\\r~\\\"\\000\\000\\022\\024\\010e\\025\\351&\\221@\\035\\000\\000\\000\\000%\\000\\000\\000\\000(\\300D\"\n}\nid: 1953344231\nhop_limit: 3\npriority: BACKGROUND\n",
  "fromId": "!09d446b4",
  "toId": "^all"
}
============================================================
{
  "from": 164906676,
  "to": 4294967295,
  "decoded": {
    "portnum": "TELEMETRY_APP",
    "payload": "b'\\r\\xba\"\\x00\\x00\\x12\\x14\\x08e\\x15\\x93\\x18\\x94@\\x1d\\x00\\x00\\x00\\x00%\\x00\\x00\\x00\\x00(\\xfcD'",
    "telemetry": {
      "time": 8890,
      "deviceMetrics": {
        "batteryLevel": 101,
        "voltage": 4.628,
        "channelUtilization": 0.0,
        "airUtilTx": 0.0,
        "uptimeSeconds": 8828
      },
      "raw": "time: 8890\ndevice_metrics {\n  battery_level: 101\n  voltage: 4.628\n  channel_utilization: 0\n  air_util_tx: 0\n  uptime_seconds: 8828\n}\n"
    }
  },
  "id": 4266590952,
  "hopLimit": 3,
  "priority": "BACKGROUND",
  "raw": "from: 164906676\nto: 4294967295\ndecoded {\n  portnum: TELEMETRY_APP\n  payload: \"\\r\\272\\\"\\000\\000\\022\\024\\010e\\025\\223\\030\\224@\\035\\000\\000\\000\\000%\\000\\000\\000\\000(\\374D\"\n}\nid: 4266590952\nhop_limit: 3\npriority: BACKGROUND\n",
  "fromId": "!09d446b4",
  "toId": "^all"
}
============================================================
{
  "from": 164906676,
  "to": 4294967295,
  "decoded": {
    "portnum": "TELEMETRY_APP",
    "payload": "b'\\r\\xf6\"\\x00\\x00\\x12\\x14\\x08e\\x15\\x00\\x00\\x94@\\x1d\\x00\\x00\\x00\\x00%\\x00\\x00\\x00\\x00(\\xb8E'",
    "telemetry": {
      "time": 8950,
      "deviceMetrics": {
        "batteryLevel": 101,
        "voltage": 4.625,
        "channelUtilization": 0.0,
        "airUtilTx": 0.0,
        "uptimeSeconds": 8888
      },
      "raw": "time: 8950\ndevice_metrics {\n  battery_level: 101\n  voltage: 4.625\n  channel_utilization: 0\n  air_util_tx: 0\n  uptime_seconds: 8888\n}\n"
    }
  },
  "id": 1310912233,
  "hopLimit": 3,
  "priority": "BACKGROUND",
  "raw": "from: 164906676\nto: 4294967295\ndecoded {\n  portnum: TELEMETRY_APP\n  payload: \"\\r\\366\\\"\\000\\000\\022\\024\\010e\\025\\000\\000\\224@\\035\\000\\000\\000\\000%\\000\\000\\000\\000(\\270E\"\n}\nid: 1310912233\nhop_limit: 3\npriority: BACKGROUND\n",
  "fromId": "!09d446b4",
  "toId": "^all"
}
============================================================
{
  "from": 164906676,
  "to": 4294967295,
  "decoded": {
    "portnum": "TELEMETRY_APP",
    "payload": "b'\\r2#\\x00\\x00\\x12\\x14\\x08e\\x15b\\x10\\x94@\\x1d\\x00\\x00\\x00\\x00%\\x00\\x00\\x00\\x00(\\xf4E'",
    "telemetry": {
      "time": 9010,
      "deviceMetrics": {
        "batteryLevel": 101,
        "voltage": 4.627,
        "channelUtilization": 0.0,
        "airUtilTx": 0.0,
        "uptimeSeconds": 8948
      },
      "raw": "time: 9010\ndevice_metrics {\n  battery_level: 101\n  voltage: 4.627\n  channel_utilization: 0\n  air_util_tx: 0\n  uptime_seconds: 8948\n}\n"
    }
  },
  "id": 1828078314,
  "hopLimit": 3,
  "priority": "BACKGROUND",
  "raw": "from: 164906676\nto: 4294967295\ndecoded {\n  portnum: TELEMETRY_APP\n  payload: \"\\r2#\\000\\000\\022\\024\\010e\\025b\\020\\224@\\035\\000\\000\\000\\000%\\000\\000\\000\\000(\\364E\"\n}\nid: 1828078314\nhop_limit: 3\npriority: BACKGROUND\n",
  "fromId": "!09d446b4",
  "toId": "^all"
}
============================================================
{
  "from": 164906676,
  "to": 4294967295,
  "decoded": {
    "portnum": "TELEMETRY_APP",
    "payload": "b'\\rn#\\x00\\x00\\x12\\x14\\x08e\\x15\\x10X\\x95@\\x1d\\x00\\x00\\x00\\x00%\\x00\\x00\\x00\\x00(\\xb0F'",
    "telemetry": {
      "time": 9070,
      "deviceMetrics": {
        "batteryLevel": 101,
        "voltage": 4.667,
        "channelUtilization": 0.0,
        "airUtilTx": 0.0,
        "uptimeSeconds": 9008
      },
      "raw": "time: 9070\ndevice_metrics {\n  battery_level: 101\n  voltage: 4.667\n  channel_utilization: 0\n  air_util_tx: 0\n  uptime_seconds: 9008\n}\n"
    }
  },
  "id": 1044418283,
  "hopLimit": 3,
  "priority": "BACKGROUND",
  "raw": "from: 164906676\nto: 4294967295\ndecoded {\n  portnum: TELEMETRY_APP\n  payload: \"\\rn#\\000\\000\\022\\024\\010e\\025\\020X\\225@\\035\\000\\000\\000\\000%\\000\\000\\000\\000(\\260F\"\n}\nid: 1044418283\nhop_limit: 3\npriority: BACKGROUND\n",
  "fromId": "!09d446b4",
  "toId": "^all"
}
============================================================
{
  "from": 164906676,
  "to": 4294967295,
  "decoded": {
    "portnum": "TELEMETRY_APP",
    "payload": "b'\\r\\xaa#\\x00\\x00\\x12\\x14\\x08e\\x15F\\xb6\\x93@\\x1d\\x00\\x00\\x00\\x00%\\x00\\x00\\x00\\x00(\\xecF'",
    "telemetry": {
      "time": 9130,
      "deviceMetrics": {
        "batteryLevel": 101,
        "voltage": 4.616,
        "channelUtilization": 0.0,
        "airUtilTx": 0.0,
        "uptimeSeconds": 9068
      },
      "raw": "time: 9130\ndevice_metrics {\n  battery_level: 101\n  voltage: 4.616\n  channel_utilization: 0\n  air_util_tx: 0\n  uptime_seconds: 9068\n}\n"
    }
  },
  "id": 385857260,
  "hopLimit": 3,
  "priority": "BACKGROUND",
  "raw": "from: 164906676\nto: 4294967295\ndecoded {\n  portnum: TELEMETRY_APP\n  payload: \"\\r\\252#\\000\\000\\022\\024\\010e\\025F\\266\\223@\\035\\000\\000\\000\\000%\\000\\000\\000\\000(\\354F\"\n}\nid: 385857260\nhop_limit: 3\npriority: BACKGROUND\n",
  "fromId": "!09d446b4",
  "toId": "^all"
}
============================================================
{
  "from": 164906676,
  "to": 4294967295,
  "decoded": {
    "portnum": "TELEMETRY_APP",
    "payload": "b'\\r\\xaa#\\x00\\x002\\x1c\\x08\\xecF(\\x030\\x03@\\x01`\\x80\\x9a\\x0fh\\xec\\xd2\\x04x\\x9b\\xff\\xff\\xff\\xff\\xff\\xff\\xff\\xff\\x01'",
    "telemetry": {
      "time": 9130,
      "localStats": {
        "uptimeSeconds": 9068,
        "numPacketsRx": 3,
        "numPacketsRxBad": 3,
        "numTotalNodes": 1,
        "heapTotalBytes": 249088,
        "heapFreeBytes": 76140,
        "noiseFloor": -101
      },
      "raw": "time: 9130\nlocal_stats {\n  uptime_seconds: 9068\n  num_packets_rx: 3\n  num_packets_rx_bad: 3\n  num_total_nodes: 1\n  heap_total_bytes: 249088\n  heap_free_bytes: 76140\n  noise_floor: -101\n}\n"
    }
  },
  "id": 2426308333,
  "hopLimit": 3,
  "priority": "BACKGROUND",
  "raw": "from: 164906676\nto: 4294967295\ndecoded {\n  portnum: TELEMETRY_APP\n  payload: \"\\r\\252#\\000\\0002\\034\\010\\354F(\\0030\\003@\\001`\\200\\232\\017h\\354\\322\\004x\\233\\377\\377\\377\\377\\377\\377\\377\\377\\001\"\n}\nid: 2426308333\nhop_limit: 3\npriority: BACKGROUND\n",
  "fromId": "!09d446b4",
  "toId": "^all"
}
============================================================
{
  "from": 164906676,
  "to": 4294967295,
  "decoded": {
    "portnum": "TELEMETRY_APP",
    "payload": "b'\\r\\xe6#\\x00\\x00\\x12\\x14\\x08e\\x15\\xbaI\\x94@\\x1d\\x00\\x00\\x00\\x00%\\x00\\x00\\x00\\x00(\\xa8G'",
    "telemetry": {
      "time": 9190,
      "deviceMetrics": {
        "batteryLevel": 101,
        "voltage": 4.634,
        "channelUtilization": 0.0,
        "airUtilTx": 0.0,
        "uptimeSeconds": 9128
      },
      "raw": "time: 9190\ndevice_metrics {\n  battery_level: 101\n  voltage: 4.634\n  channel_utilization: 0\n  air_util_tx: 0\n  uptime_seconds: 9128\n}\n"
    }
  },
  "id": 3461245678,
  "hopLimit": 3,
  "priority": "BACKGROUND",
  "raw": "from: 164906676\nto: 4294967295\ndecoded {\n  portnum: TELEMETRY_APP\n  payload: \"\\r\\346#\\000\\000\\022\\024\\010e\\025\\272I\\224@\\035\\000\\000\\000\\000%\\000\\000\\000\\000(\\250G\"\n}\nid: 3461245678\nhop_limit: 3\npriority: BACKGROUND\n",
  "fromId": "!09d446b4",
  "toId": "^all"
}
============================================================
{
  "from": 164906676,
  "to": 4294967295,
  "decoded": {
    "portnum": "TELEMETRY_APP",
    "payload": "b'\\r\"$\\x00\\x00\\x12\\x14\\x08e\\x15+\\x87\\x92@\\x1d\\x00\\x00\\x00\\x00%\\x00\\x00\\x00\\x00(\\xe4G'",
    "telemetry": {
      "time": 9250,
      "deviceMetrics": {
        "batteryLevel": 101,
        "voltage": 4.579,
        "channelUtilization": 0.0,
        "airUtilTx": 0.0,
        "uptimeSeconds": 9188
      },
      "raw": "time: 9250\ndevice_metrics {\n  battery_level: 101\n  voltage: 4.579\n  channel_utilization: 0\n  air_util_tx: 0\n  uptime_seconds: 9188\n}\n"
    }
  },
  "id": 770190063,
  "hopLimit": 3,
  "priority": "BACKGROUND",
  "raw": "from: 164906676\nto: 4294967295\ndecoded {\n  portnum: TELEMETRY_APP\n  payload: \"\\r\\\"$\\000\\000\\022\\024\\010e\\025+\\207\\222@\\035\\000\\000\\000\\000%\\000\\000\\000\\000(\\344G\"\n}\nid: 770190063\nhop_limit: 3\npriority: BACKGROUND\n",
  "fromId": "!09d446b4",
  "toId": "^all"
}
============================================================
{
  "from": 164906676,
  "to": 4294967295,
  "decoded": {
    "portnum": "TELEMETRY_APP",
    "payload": "b'\\r^$\\x00\\x00\\x12\\x14\\x08e\\x15\\x9a\\x99\\x95@\\x1d\\x00\\x00\\x00\\x00%\\x00\\x00\\x00\\x00(\\xa0H'",
    "telemetry": {
      "time": 9310,
      "deviceMetrics": {
        "batteryLevel": 101,
        "voltage": 4.675,
        "channelUtilization": 0.0,
        "airUtilTx": 0.0,
        "uptimeSeconds": 9248
      },
      "raw": "time: 9310\ndevice_metrics {\n  battery_level: 101\n  voltage: 4.675\n  channel_utilization: 0\n  air_util_tx: 0\n  uptime_seconds: 9248\n}\n"
    }
  },
  "id": 2752553712,
  "hopLimit": 3,
  "priority": "BACKGROUND",
  "raw": "from: 164906676\nto: 4294967295\ndecoded {\n  portnum: TELEMETRY_APP\n  payload: \"\\r^$\\000\\000\\022\\024\\010e\\025\\232\\231\\225@\\035\\000\\000\\000\\000%\\000\\000\\000\\000(\\240H\"\n}\nid: 2752553712\nhop_limit: 3\npriority: BACKGROUND\n",
  "fromId": "!09d446b4",
  "toId": "^all"
}
============================================================
{
  "from": 164906676,
  "to": 4294967295,
  "decoded": {
    "portnum": "TELEMETRY_APP",
    "payload": "b'\\r\\x9a$\\x00\\x00\\x12\\x14\\x08e\\x15\\xe9&\\x95@\\x1d\\x00\\x00\\x00\\x00%\\x00\\x00\\x00\\x00(\\xdcH'",
    "telemetry": {
      "time": 9370,
      "deviceMetrics": {
        "batteryLevel": 101,
        "voltage": 4.661,
        "channelUtilization": 0.0,
        "airUtilTx": 0.0,
        "uptimeSeconds": 9308
      },
      "raw": "time: 9370\ndevice_metrics {\n  battery_level: 101\n  voltage: 4.661\n  channel_utilization: 0\n  air_util_tx: 0\n  uptime_seconds: 9308\n}\n"
    }
  },
  "id": 2134288113,
  "hopLimit": 3,
  "priority": "BACKGROUND",
  "raw": "from: 164906676\nto: 4294967295\ndecoded {\n  portnum: TELEMETRY_APP\n  payload: \"\\r\\232$\\000\\000\\022\\024\\010e\\025\\351&\\225@\\035\\000\\000\\000\\000%\\000\\000\\000\\000(\\334H\"\n}\nid: 2134288113\nhop_limit: 3\npriority: BACKGROUND\n",
  "fromId": "!09d446b4",
  "toId": "^all"
}
============================================================
{
  "from": 164906676,
  "to": 4294967295,
  "decoded": {
    "portnum": "TELEMETRY_APP",
    "payload": "b'\\r\\xd7$\\x00\\x00\\x12\\x14\\x08e\\x15\\xaa\\xf1\\x92@\\x1d\\x00\\x00\\x00\\x00%\\x00\\x00\\x00\\x00(\\x98I'",
    "telemetry": {
      "time": 9431,
      "deviceMetrics": {
        "batteryLevel": 101,
        "voltage": 4.592,
        "channelUtilization": 0.0,
        "airUtilTx": 0.0,
        "uptimeSeconds": 9368
      },
      "raw": "time: 9431\ndevice_metrics {\n  battery_level: 101\n  voltage: 4.592\n  channel_utilization: 0\n  air_util_tx: 0\n  uptime_seconds: 9368\n}\n"
    }
  },
  "id": 1737360114,
  "hopLimit": 3,
  "priority": "BACKGROUND",
  "raw": "from: 164906676\nto: 4294967295\ndecoded {\n  portnum: TELEMETRY_APP\n  payload: \"\\r\\327$\\000\\000\\022\\024\\010e\\025\\252\\361\\222@\\035\\000\\000\\000\\000%\\000\\000\\000\\000(\\230I\"\n}\nid: 1737360114\nhop_limit: 3\npriority: BACKGROUND\n",
  "fromId": "!09d446b4",
  "toId": "^all"
}
============================================================
{
  "from": 164906676,
  "to": 4294967295,
  "decoded": {
    "portnum": "TELEMETRY_APP",
    "payload": "b'\\r\\x13%\\x00\\x00\\x12\\x14\\x08e\\x151\\x08\\x94@\\x1d\\x00\\x00\\x00\\x00%\\x00\\x00\\x00\\x00(\\xd4I'",
    "telemetry": {
      "time": 9491,
      "deviceMetrics": {
        "batteryLevel": 101,
        "voltage": 4.626,
        "channelUtilization": 0.0,
        "airUtilTx": 0.0,
        "uptimeSeconds": 9428
      },
      "raw": "time: 9491\ndevice_metrics {\n  battery_level: 101\n  voltage: 4.626\n  channel_utilization: 0\n  air_util_tx: 0\n  uptime_seconds: 9428\n}\n"
    }
  },
  "id": 2716927731,
  "hopLimit": 3,
  "priority": "BACKGROUND",
  "raw": "from: 164906676\nto: 4294967295\ndecoded {\n  portnum: TELEMETRY_APP\n  payload: \"\\r\\023%\\000\\000\\022\\024\\010e\\0251\\010\\224@\\035\\000\\000\\000\\000%\\000\\000\\000\\000(\\324I\"\n}\nid: 2716927731\nhop_limit: 3\npriority: BACKGROUND\n",
  "fromId": "!09d446b4",
  "toId": "^all"
}
============================================================
{
  "from": 164906676,
  "to": 4294967295,
  "decoded": {
    "portnum": "TELEMETRY_APP",
    "payload": "b'\\rO%\\x00\\x00\\x12\\x14\\x08e\\x15\\xe5\\xd0\\x92@\\x1d\\x00\\x00\\x00\\x00%\\x00\\x00\\x00\\x00(\\x90J'",
    "telemetry": {
      "time": 9551,
      "deviceMetrics": {
        "batteryLevel": 101,
        "voltage": 4.588,
        "channelUtilization": 0.0,
        "airUtilTx": 0.0,
        "uptimeSeconds": 9488
      },
      "raw": "time: 9551\ndevice_metrics {\n  battery_level: 101\n  voltage: 4.588\n  channel_utilization: 0\n  air_util_tx: 0\n  uptime_seconds: 9488\n}\n"
    }
  },
  "id": 2979049204,
  "hopLimit": 3,
  "priority": "BACKGROUND",
  "raw": "from: 164906676\nto: 4294967295\ndecoded {\n  portnum: TELEMETRY_APP\n  payload: \"\\rO%\\000\\000\\022\\024\\010e\\025\\345\\320\\222@\\035\\000\\000\\000\\000%\\000\\000\\000\\000(\\220J\"\n}\nid: 2979049204\nhop_limit: 3\npriority: BACKGROUND\n",
  "fromId": "!09d446b4",
  "toId": "^all"
}
============================================================
{
  "from": 164906676,
  "to": 4294967295,
  "decoded": {
    "portnum": "TELEMETRY_APP",
    "payload": "b'\\r\\x8b%\\x00\\x00\\x12\\x14\\x08e\\x15\\x7fj\\x94@\\x1d\\x00\\x00\\x00\\x00%\\x00\\x00\\x00\\x00(\\xcdJ'",
    "telemetry": {
      "time": 9611,
      "deviceMetrics": {
        "batteryLevel": 101,
        "voltage": 4.638,
        "channelUtilization": 0.0,
        "airUtilTx": 0.0,
        "uptimeSeconds": 9549
      },
      "raw": "time: 9611\ndevice_metrics {\n  battery_level: 101\n  voltage: 4.638\n  channel_utilization: 0\n  air_util_tx: 0\n  uptime_seconds: 9549\n}\n"
    }
  },
  "id": 787017461,
  "hopLimit": 3,
  "priority": "BACKGROUND",
  "raw": "from: 164906676\nto: 4294967295\ndecoded {\n  portnum: TELEMETRY_APP\n  payload: \"\\r\\213%\\000\\000\\022\\024\\010e\\025\\177j\\224@\\035\\000\\000\\000\\000%\\000\\000\\000\\000(\\315J\"\n}\nid: 787017461\nhop_limit: 3\npriority: BACKGROUND\n",
  "fromId": "!09d446b4",
  "toId": "^all"
}
============================================================
{
  "from": 164906676,
  "to": 4294967295,
  "decoded": {
    "portnum": "TELEMETRY_APP",
    "payload": "b'\\r\\xc7%\\x00\\x00\\x12\\x14\\x08e\\x15B`\\x91@\\x1d\\x00\\x00\\x00\\x00%\\x00\\x00\\x00\\x00(\\x89K'",
    "telemetry": {
      "time": 9671,
      "deviceMetrics": {
        "batteryLevel": 101,
        "voltage": 4.543,
        "channelUtilization": 0.0,
        "airUtilTx": 0.0,
        "uptimeSeconds": 9609
      },
      "raw": "time: 9671\ndevice_metrics {\n  battery_level: 101\n  voltage: 4.543\n  channel_utilization: 0\n  air_util_tx: 0\n  uptime_seconds: 9609\n}\n"
    }
  },
  "id": 4093017846,
  "hopLimit": 3,
  "priority": "BACKGROUND",
  "raw": "from: 164906676\nto: 4294967295\ndecoded {\n  portnum: TELEMETRY_APP\n  payload: \"\\r\\307%\\000\\000\\022\\024\\010e\\025B`\\221@\\035\\000\\000\\000\\000%\\000\\000\\000\\000(\\211K\"\n}\nid: 4093017846\nhop_limit: 3\npriority: BACKGROUND\n",
  "fromId": "!09d446b4",
  "toId": "^all"
}
============================================================
{
  "from": 164906676,
  "to": 4294967295,
  "decoded": {
    "portnum": "TELEMETRY_APP",
    "payload": "b'\\r\\x03&\\x00\\x00\\x12\\x14\\x08e\\x15\\x96C\\x93@\\x1d\\x00\\x00\\x00\\x00%\\x00\\x00\\x00\\x00(\\xc5K'",
    "telemetry": {
      "time": 9731,
      "deviceMetrics": {
        "batteryLevel": 101,
        "voltage": 4.602,
        "channelUtilization": 0.0,
        "airUtilTx": 0.0,
        "uptimeSeconds": 9669
      },
      "raw": "time: 9731\ndevice_metrics {\n  battery_level: 101\n  voltage: 4.602\n  channel_utilization: 0\n  air_util_tx: 0\n  uptime_seconds: 9669\n}\n"
    }
  },
  "id": 1048207095,
  "hopLimit": 3,
  "priority": "BACKGROUND",
  "raw": "from: 164906676\nto: 4294967295\ndecoded {\n  portnum: TELEMETRY_APP\n  payload: \"\\r\\003&\\000\\000\\022\\024\\010e\\025\\226C\\223@\\035\\000\\000\\000\\000%\\000\\000\\000\\000(\\305K\"\n}\nid: 1048207095\nhop_limit: 3\npriority: BACKGROUND\n",
  "fromId": "!09d446b4",
  "toId": "^all"
}
============================================================
{
  "from": 164906676,
  "to": 4294967295,
  "decoded": {
    "portnum": "TELEMETRY_APP",
    "payload": "b'\\r?&\\x00\\x00\\x12\\x14\\x08e\\x15\\x1b/\\x95@\\x1d\\x00\\x00\\x00\\x00%\\x00\\x00\\x00\\x00(\\x81L'",
    "telemetry": {
      "time": 9791,
      "deviceMetrics": {
        "batteryLevel": 101,
        "voltage": 4.662,
        "channelUtilization": 0.0,
        "airUtilTx": 0.0,
        "uptimeSeconds": 9729
      },
      "raw": "time: 9791\ndevice_metrics {\n  battery_level: 101\n  voltage: 4.662\n  channel_utilization: 0\n  air_util_tx: 0\n  uptime_seconds: 9729\n}\n"
    }
  },
  "id": 50786040,
  "hopLimit": 3,
  "priority": "BACKGROUND",
  "raw": "from: 164906676\nto: 4294967295\ndecoded {\n  portnum: TELEMETRY_APP\n  payload: \"\\r?&\\000\\000\\022\\024\\010e\\025\\033/\\225@\\035\\000\\000\\000\\000%\\000\\000\\000\\000(\\201L\"\n}\nid: 50786040\nhop_limit: 3\npriority: BACKGROUND\n",
  "fromId": "!09d446b4",
  "toId": "^all"
}
============================================================
{
  "from": 164906676,
  "to": 4294967295,
  "decoded": {
    "portnum": "TELEMETRY_APP",
    "payload": "b'\\r{&\\x00\\x00\\x12\\x14\\x08e\\x15\\xc3\\xf5\\x94@\\x1d\\x00\\x00\\x00\\x00%\\x00\\x00\\x00\\x00(\\xbdL'",
    "telemetry": {
      "time": 9851,
      "deviceMetrics": {
        "batteryLevel": 101,
        "voltage": 4.655,
        "channelUtilization": 0.0,
        "airUtilTx": 0.0,
        "uptimeSeconds": 9789
      },
      "raw": "time: 9851\ndevice_metrics {\n  battery_level: 101\n  voltage: 4.655\n  channel_utilization: 0\n  air_util_tx: 0\n  uptime_seconds: 9789\n}\n"
    }
  },
  "id": 3315508985,
  "hopLimit": 3,
  "priority": "BACKGROUND",
  "raw": "from: 164906676\nto: 4294967295\ndecoded {\n  portnum: TELEMETRY_APP\n  payload: \"\\r{&\\000\\000\\022\\024\\010e\\025\\303\\365\\224@\\035\\000\\000\\000\\000%\\000\\000\\000\\000(\\275L\"\n}\nid: 3315508985\nhop_limit: 3\npriority: BACKGROUND\n",
  "fromId": "!09d446b4",
  "toId": "^all"
}
============================================================
{
  "from": 164906676,
  "to": 4294967295,
  "decoded": {
    "portnum": "TELEMETRY_APP",
    "payload": "b'\\r\\xb7&\\x00\\x00\\x12\\x14\\x08e\\x15\\xd7\\xa3\\x94@\\x1d\\x00\\x00\\x00\\x00%\\x00\\x00\\x00\\x00(\\xf9L'",
    "telemetry": {
      "time": 9911,
      "deviceMetrics": {
        "batteryLevel": 101,
        "voltage": 4.645,
        "channelUtilization": 0.0,
        "airUtilTx": 0.0,
        "uptimeSeconds": 9849
      },
      "raw": "time: 9911\ndevice_metrics {\n  battery_level: 101\n  voltage: 4.645\n  channel_utilization: 0\n  air_util_tx: 0\n  uptime_seconds: 9849\n}\n"
    }
  },
  "id": 913008378,
  "hopLimit": 3,
  "priority": "BACKGROUND",
  "raw": "from: 164906676\nto: 4294967295\ndecoded {\n  portnum: TELEMETRY_APP\n  payload: \"\\r\\267&\\000\\000\\022\\024\\010e\\025\\327\\243\\224@\\035\\000\\000\\000\\000%\\000\\000\\000\\000(\\371L\"\n}\nid: 913008378\nhop_limit: 3\npriority: BACKGROUND\n",
  "fromId": "!09d446b4",
  "toId": "^all"
}
============================================================
{
  "from": 164906676,
  "to": 4294967295,
  "decoded": {
    "portnum": "TELEMETRY_APP",
    "payload": "b'\\r\\xf3&\\x00\\x00\\x12\\x14\\x08e\\x15\\x0e-\\x92@\\x1d\\x00\\x00\\x00\\x00%\\x00\\x00\\x00\\x00(\\xb5M'",
    "telemetry": {
      "time": 9971,
      "deviceMetrics": {
        "batteryLevel": 101,
        "voltage": 4.568,
        "channelUtilization": 0.0,
        "airUtilTx": 0.0,
        "uptimeSeconds": 9909
      },
      "raw": "time: 9971\ndevice_metrics {\n  battery_level: 101\n  voltage: 4.568\n  channel_utilization: 0\n  air_util_tx: 0\n  uptime_seconds: 9909\n}\n"
    }
  },
  "id": 1718010619,
  "hopLimit": 3,
  "priority": "BACKGROUND",
  "raw": "from: 164906676\nto: 4294967295\ndecoded {\n  portnum: TELEMETRY_APP\n  payload: \"\\r\\363&\\000\\000\\022\\024\\010e\\025\\016-\\222@\\035\\000\\000\\000\\000%\\000\\000\\000\\000(\\265M\"\n}\nid: 1718010619\nhop_limit: 3\npriority: BACKGROUND\n",
  "fromId": "!09d446b4",
  "toId": "^all"
}
============================================================
{
  "from": 164906676,
  "to": 4294967295,
  "decoded": {
    "portnum": "TELEMETRY_APP",
    "payload": "b\"\\r/'\\x00\\x00\\x12\\x14\\x08e\\x15\\x0c\\x02\\x93@\\x1d\\x00\\x00\\x00\\x00%\\x00\\x00\\x00\\x00(\\xf1M\"",
    "telemetry": {
      "time": 10031,
      "deviceMetrics": {
        "batteryLevel": 101,
        "voltage": 4.594,
        "channelUtilization": 0.0,
        "airUtilTx": 0.0,
        "uptimeSeconds": 9969
      },
      "raw": "time: 10031\ndevice_metrics {\n  battery_level: 101\n  voltage: 4.594\n  channel_utilization: 0\n  air_util_tx: 0\n  uptime_seconds: 9969\n}\n"
    }
  },
  "id": 2752056060,
  "hopLimit": 3,
  "priority": "BACKGROUND",
  "raw": "from: 164906676\nto: 4294967295\ndecoded {\n  portnum: TELEMETRY_APP\n  payload: \"\\r/\\'\\000\\000\\022\\024\\010e\\025\\014\\002\\223@\\035\\000\\000\\000\\000%\\000\\000\\000\\000(\\361M\"\n}\nid: 2752056060\nhop_limit: 3\npriority: BACKGROUND\n",
  "fromId": "!09d446b4",
  "toId": "^all"
}
============================================================
{
  "from": 164906676,
  "to": 4294967295,
  "decoded": {
    "portnum": "TELEMETRY_APP",
    "payload": "b\"\\r/'\\x00\\x002\\x1c\\x08\\xf1M(\\x030\\x03@\\x01`\\x80\\x9a\\x0fh\\xec\\xd2\\x04x\\x9b\\xff\\xff\\xff\\xff\\xff\\xff\\xff\\xff\\x01\"",
    "telemetry": {
      "time": 10031,
      "localStats": {
        "uptimeSeconds": 9969,
        "numPacketsRx": 3,
        "numPacketsRxBad": 3,
        "numTotalNodes": 1,
        "heapTotalBytes": 249088,
        "heapFreeBytes": 76140,
        "noiseFloor": -101
      },
      "raw": "time: 10031\nlocal_stats {\n  uptime_seconds: 9969\n  num_packets_rx: 3\n  num_packets_rx_bad: 3\n  num_total_nodes: 1\n  heap_total_bytes: 249088\n  heap_free_bytes: 76140\n  noise_floor: -101\n}\n"
    }
  },
  "id": 853656317,
  "hopLimit": 3,
  "priority": "BACKGROUND",
  "raw": "from: 164906676\nto: 4294967295\ndecoded {\n  portnum: TELEMETRY_APP\n  payload: \"\\r/\\'\\000\\0002\\034\\010\\361M(\\0030\\003@\\001`\\200\\232\\017h\\354\\322\\004x\\233\\377\\377\\377\\377\\377\\377\\377\\377\\001\"\n}\nid: 853656317\nhop_limit: 3\npriority: BACKGROUND\n",
  "fromId": "!09d446b4",
  "toId": "^all"
}
============================================================
{
  "from": 164906676,
  "to": 4294967295,
  "decoded": {
    "portnum": "TELEMETRY_APP",
    "payload": "b\"\\rk'\\x00\\x00\\x12\\x14\\x08e\\x15\\x7fj\\x94@\\x1d\\x00\\x00\\x00\\x00%\\x00\\x00\\x00\\x00(\\xadN\"",
    "telemetry": {
      "time": 10091,
      "deviceMetrics": {
        "batteryLevel": 101,
        "voltage": 4.638,
        "channelUtilization": 0.0,
        "airUtilTx": 0.0,
        "uptimeSeconds": 10029
      },
      "raw": "time: 10091\ndevice_metrics {\n  battery_level: 101\n  voltage: 4.638\n  channel_utilization: 0\n  air_util_tx: 0\n  uptime_seconds: 10029\n}\n"
    }
  },
  "id": 3816884990,
  "hopLimit": 3,
  "priority": "BACKGROUND",
  "raw": "from: 164906676\nto: 4294967295\ndecoded {\n  portnum: TELEMETRY_APP\n  payload: \"\\rk\\'\\000\\000\\022\\024\\010e\\025\\177j\\224@\\035\\000\\000\\000\\000%\\000\\000\\000\\000(\\255N\"\n}\nid: 3816884990\nhop_limit: 3\npriority: BACKGROUND\n",
  "fromId": "!09d446b4",
  "toId": "^all"
}
============================================================
{
  "from": 164906676,
  "to": 4294967295,
  "decoded": {
    "portnum": "TELEMETRY_APP",
    "payload": "b\"\\r\\xa7'\\x00\\x00\\x12\\x14\\x08e\\x15\\xdb\\xf9\\x92@\\x1d\\x00\\x00\\x00\\x00%\\x00\\x00\\x00\\x00(\\xe9N\"",
    "telemetry": {
      "time": 10151,
      "deviceMetrics": {
        "batteryLevel": 101,
        "voltage": 4.593,
        "channelUtilization": 0.0,
        "airUtilTx": 0.0,
        "uptimeSeconds": 10089
      },
      "raw": "time: 10151\ndevice_metrics {\n  battery_level: 101\n  voltage: 4.593\n  channel_utilization: 0\n  air_util_tx: 0\n  uptime_seconds: 10089\n}\n"
    }
  },
  "id": 1232228095,
  "hopLimit": 3,
  "priority": "BACKGROUND",
  "raw": "from: 164906676\nto: 4294967295\ndecoded {\n  portnum: TELEMETRY_APP\n  payload: \"\\r\\247\\'\\000\\000\\022\\024\\010e\\025\\333\\371\\222@\\035\\000\\000\\000\\000%\\000\\000\\000\\000(\\351N\"\n}\nid: 1232228095\nhop_limit: 3\npriority: BACKGROUND\n",
  "fromId": "!09d446b4",
  "toId": "^all"
}
============================================================
{
  "from": 164906676,
  "to": 4294967295,
  "decoded": {
    "portnum": "TELEMETRY_APP",
    "payload": "b\"\\r\\xe3'\\x00\\x00\\x12\\x14\\x08e\\x15Nb\\x94@\\x1d\\x00\\x00\\x00\\x00%\\x00\\x00\\x00\\x00(\\xa5O\"",
    "telemetry": {
      "time": 10211,
      "deviceMetrics": {
        "batteryLevel": 101,
        "voltage": 4.637,
        "channelUtilization": 0.0,
        "airUtilTx": 0.0,
        "uptimeSeconds": 10149
      },
      "raw": "time: 10211\ndevice_metrics {\n  battery_level: 101\n  voltage: 4.637\n  channel_utilization: 0\n  air_util_tx: 0\n  uptime_seconds: 10149\n}\n"
    }
  },
  "id": 1815807744,
  "hopLimit": 3,
  "priority": "BACKGROUND",
  "raw": "from: 164906676\nto: 4294967295\ndecoded {\n  portnum: TELEMETRY_APP\n  payload: \"\\r\\343\\'\\000\\000\\022\\024\\010e\\025Nb\\224@\\035\\000\\000\\000\\000%\\000\\000\\000\\000(\\245O\"\n}\nid: 1815807744\nhop_limit: 3\npriority: BACKGROUND\n",
  "fromId": "!09d446b4",
  "toId": "^all"
}
============================================================
{
  "from": 164906676,
  "to": 4294967295,
  "decoded": {
    "portnum": "TELEMETRY_APP",
    "payload": "b'\\r\\x1f(\\x00\\x00\\x12\\x14\\x08e\\x15m\\xe7\\x93@\\x1d\\x00\\x00\\x00\\x00%\\x00\\x00\\x00\\x00(\\xe1O'",
    "telemetry": {
      "time": 10271,
      "deviceMetrics": {
        "batteryLevel": 101,
        "voltage": 4.622,
        "channelUtilization": 0.0,
        "airUtilTx": 0.0,
        "uptimeSeconds": 10209
      },
      "raw": "time: 10271\ndevice_metrics {\n  battery_level: 101\n  voltage: 4.622\n  channel_utilization: 0\n  air_util_tx: 0\n  uptime_seconds: 10209\n}\n"
    }
  },
  "id": 1998975745,
  "hopLimit": 3,
  "priority": "BACKGROUND",
  "raw": "from: 164906676\nto: 4294967295\ndecoded {\n  portnum: TELEMETRY_APP\n  payload: \"\\r\\037(\\000\\000\\022\\024\\010e\\025m\\347\\223@\\035\\000\\000\\000\\000%\\000\\000\\000\\000(\\341O\"\n}\nid: 1998975745\nhop_limit: 3\npriority: BACKGROUND\n",
  "fromId": "!09d446b4",
  "toId": "^all"
}
============================================================
{
  "from": 164906676,
  "to": 4294967295,
  "decoded": {
    "portnum": "TELEMETRY_APP",
    "payload": "b'\\r[(\\x00\\x00\\x12\\x14\\x08e\\x15\\xfe\\xd4\\x94@\\x1d\\x00\\x00\\x00\\x00%\\x00\\x00\\x00\\x00(\\x9dP'",
    "telemetry": {
      "time": 10331,
      "deviceMetrics": {
        "batteryLevel": 101,
        "voltage": 4.651,
        "channelUtilization": 0.0,
        "airUtilTx": 0.0,
        "uptimeSeconds": 10269
      },
      "raw": "time: 10331\ndevice_metrics {\n  battery_level: 101\n  voltage: 4.651\n  channel_utilization: 0\n  air_util_tx: 0\n  uptime_seconds: 10269\n}\n"
    }
  },
  "id": 3321840386,
  "hopLimit": 3,
  "priority": "BACKGROUND",
  "raw": "from: 164906676\nto: 4294967295\ndecoded {\n  portnum: TELEMETRY_APP\n  payload: \"\\r[(\\000\\000\\022\\024\\010e\\025\\376\\324\\224@\\035\\000\\000\\000\\000%\\000\\000\\000\\000(\\235P\"\n}\nid: 3321840386\nhop_limit: 3\npriority: BACKGROUND\n",
  "fromId": "!09d446b4",
  "toId": "^all"
}
============================================================
{
  "from": 164906676,
  "to": 4294967295,
  "decoded": {
    "portnum": "TELEMETRY_APP",
    "payload": "b'\\r\\x97(\\x00\\x00\\x12\\x14\\x08e\\x15\\x8d\\x97\\x92@\\x1d\\x00\\x00\\x00\\x00%\\x00\\x00\\x00\\x00(\\xd9P'",
    "telemetry": {
      "time": 10391,
      "deviceMetrics": {
        "batteryLevel": 101,
        "voltage": 4.581,
        "channelUtilization": 0.0,
        "airUtilTx": 0.0,
        "uptimeSeconds": 10329
      },
      "raw": "time: 10391\ndevice_metrics {\n  battery_level: 101\n  voltage: 4.581\n  channel_utilization: 0\n  air_util_tx: 0\n  uptime_seconds: 10329\n}\n"
    }
  },
  "id": 2879115011,
  "hopLimit": 3,
  "priority": "BACKGROUND",
  "raw": "from: 164906676\nto: 4294967295\ndecoded {\n  portnum: TELEMETRY_APP\n  payload: \"\\r\\227(\\000\\000\\022\\024\\010e\\025\\215\\227\\222@\\035\\000\\000\\000\\000%\\000\\000\\000\\000(\\331P\"\n}\nid: 2879115011\nhop_limit: 3\npriority: BACKGROUND\n",
  "fromId": "!09d446b4",
  "toId": "^all"
}
============================================================
{
  "from": 164906676,
  "to": 4294967295,
  "decoded": {
    "portnum": "TELEMETRY_APP",
    "payload": "b'\\r\\xd3(\\x00\\x00\\x12\\x14\\x08e\\x15\\xd1\"\\x93@\\x1d\\x00\\x00\\x00\\x00%\\x00\\x00\\x00\\x00(\\x95Q'",
    "telemetry": {
      "time": 10451,
      "deviceMetrics": {
        "batteryLevel": 101,
        "voltage": 4.598,
        "channelUtilization": 0.0,
        "airUtilTx": 0.0,
        "uptimeSeconds": 10389
      },
      "raw": "time: 10451\ndevice_metrics {\n  battery_level: 101\n  voltage: 4.598\n  channel_utilization: 0\n  air_util_tx: 0\n  uptime_seconds: 10389\n}\n"
    }
  },
  "id": 2933455620,
  "hopLimit": 3,
  "priority": "BACKGROUND",
  "raw": "from: 164906676\nto: 4294967295\ndecoded {\n  portnum: TELEMETRY_APP\n  payload: \"\\r\\323(\\000\\000\\022\\024\\010e\\025\\321\\\"\\223@\\035\\000\\000\\000\\000%\\000\\000\\000\\000(\\225Q\"\n}\nid: 2933455620\nhop_limit: 3\npriority: BACKGROUND\n",
  "fromId": "!09d446b4",
  "toId": "^all"
}
============================================================
{
  "from": 164906676,
  "to": 4294967295,
  "decoded": {
    "portnum": "TELEMETRY_APP",
    "payload": "b'\\r\\x0f)\\x00\\x00\\x12\\x14\\x08e\\x15\\x9e\\xef\\x93@\\x1d\\x00\\x00\\x00\\x00%\\x00\\x00\\x00\\x00(\\xd1Q'",
    "telemetry": {
      "time": 10511,
      "deviceMetrics": {
        "batteryLevel": 101,
        "voltage": 4.623,
        "channelUtilization": 0.0,
        "airUtilTx": 0.0,
        "uptimeSeconds": 10449
      },
      "raw": "time: 10511\ndevice_metrics {\n  battery_level: 101\n  voltage: 4.623\n  channel_utilization: 0\n  air_util_tx: 0\n  uptime_seconds: 10449\n}\n"
    }
  },
  "id": 2308627205,
  "hopLimit": 3,
  "priority": "BACKGROUND",
  "raw": "from: 164906676\nto: 4294967295\ndecoded {\n  portnum: TELEMETRY_APP\n  payload: \"\\r\\017)\\000\\000\\022\\024\\010e\\025\\236\\357\\223@\\035\\000\\000\\000\\000%\\000\\000\\000\\000(\\321Q\"\n}\nid: 2308627205\nhop_limit: 3\npriority: BACKGROUND\n",
  "fromId": "!09d446b4",
  "toId": "^all"
}
============================================================
{
  "from": 164906676,
  "to": 4294967295,
  "decoded": {
    "portnum": "TELEMETRY_APP",
    "payload": "b'\\rK)\\x00\\x00\\x12\\x14\\x08e\\x15\\xd5x\\x95@\\x1d\\x00\\x00\\x00\\x00%\\x00\\x00\\x00\\x00(\\x8dR'",
    "telemetry": {
      "time": 10571,
      "deviceMetrics": {
        "batteryLevel": 101,
        "voltage": 4.671,
        "channelUtilization": 0.0,
        "airUtilTx": 0.0,
        "uptimeSeconds": 10509
      },
      "raw": "time: 10571\ndevice_metrics {\n  battery_level: 101\n  voltage: 4.671\n  channel_utilization: 0\n  air_util_tx: 0\n  uptime_seconds: 10509\n}\n"
    }
  },
  "id": 2452356870,
  "hopLimit": 3,
  "priority": "BACKGROUND",
  "raw": "from: 164906676\nto: 4294967295\ndecoded {\n  portnum: TELEMETRY_APP\n  payload: \"\\rK)\\000\\000\\022\\024\\010e\\025\\325x\\225@\\035\\000\\000\\000\\000%\\000\\000\\000\\000(\\215R\"\n}\nid: 2452356870\nhop_limit: 3\npriority: BACKGROUND\n",
  "fromId": "!09d446b4",
  "toId": "^all"
}
============================================================
{
  "from": 164906676,
  "to": 4294967295,
  "decoded": {
    "portnum": "TELEMETRY_APP",
    "payload": "b'\\r\\x87)\\x00\\x00\\x12\\x14\\x08e\\x15\\xb0r\\x94@\\x1d\\x00\\x00\\x00\\x00%\\x00\\x00\\x00\\x00(\\xc9R'",
    "telemetry": {
      "time": 10631,
      "deviceMetrics": {
        "batteryLevel": 101,
        "voltage": 4.639,
        "channelUtilization": 0.0,
        "airUtilTx": 0.0,
        "uptimeSeconds": 10569
      },
      "raw": "time: 10631\ndevice_metrics {\n  battery_level: 101\n  voltage: 4.639\n  channel_utilization: 0\n  air_util_tx: 0\n  uptime_seconds: 10569\n}\n"
    }
  },
  "id": 752233223,
  "hopLimit": 3,
  "priority": "BACKGROUND",
  "raw": "from: 164906676\nto: 4294967295\ndecoded {\n  portnum: TELEMETRY_APP\n  payload: \"\\r\\207)\\000\\000\\022\\024\\010e\\025\\260r\\224@\\035\\000\\000\\000\\000%\\000\\000\\000\\000(\\311R\"\n}\nid: 752233223\nhop_limit: 3\npriority: BACKGROUND\n",
  "fromId": "!09d446b4",
  "toId": "^all"
}
============================================================
{
  "from": 164906676,
  "to": 4294967295,
  "decoded": {
    "portnum": "TELEMETRY_APP",
    "payload": "b'\\r\\xc3)\\x00\\x00\\x12\\x14\\x08e\\x15\\x9a\\x99\\x91@\\x1d\\x00\\x00\\x00\\x00%\\x00\\x00\\x00\\x00(\\x85S'",
    "telemetry": {
      "time": 10691,
      "deviceMetrics": {
        "batteryLevel": 101,
        "voltage": 4.55,
        "channelUtilization": 0.0,
        "airUtilTx": 0.0,
        "uptimeSeconds": 10629
      },
      "raw": "time: 10691\ndevice_metrics {\n  battery_level: 101\n  voltage: 4.55\n  channel_utilization: 0\n  air_util_tx: 0\n  uptime_seconds: 10629\n}\n"
    }
  },
  "id": 2251992840,
  "hopLimit": 3,
  "priority": "BACKGROUND",
  "raw": "from: 164906676\nto: 4294967295\ndecoded {\n  portnum: TELEMETRY_APP\n  payload: \"\\r\\303)\\000\\000\\022\\024\\010e\\025\\232\\231\\221@\\035\\000\\000\\000\\000%\\000\\000\\000\\000(\\205S\"\n}\nid: 2251992840\nhop_limit: 3\npriority: BACKGROUND\n",
  "fromId": "!09d446b4",
  "toId": "^all"
}
============================================================
{
  "from": 164906676,
  "to": 4294967295,
  "decoded": {
    "portnum": "TELEMETRY_APP",
    "payload": "b'\\r\\x00*\\x00\\x00\\x12\\x14\\x08e\\x15?5\\x92@\\x1d\\x00\\x00\\x00\\x00%\\x00\\x00\\x00\\x00(\\xc1S'",
    "telemetry": {
      "time": 10752,
      "deviceMetrics": {
        "batteryLevel": 101,
        "voltage": 4.569,
        "channelUtilization": 0.0,
        "airUtilTx": 0.0,
        "uptimeSeconds": 10689
      },
      "raw": "time: 10752\ndevice_metrics {\n  battery_level: 101\n  voltage: 4.569\n  channel_utilization: 0\n  air_util_tx: 0\n  uptime_seconds: 10689\n}\n"
    }
  },
  "id": 906662665,
  "hopLimit": 3,
  "priority": "BACKGROUND",
  "raw": "from: 164906676\nto: 4294967295\ndecoded {\n  portnum: TELEMETRY_APP\n  payload: \"\\r\\000*\\000\\000\\022\\024\\010e\\025?5\\222@\\035\\000\\000\\000\\000%\\000\\000\\000\\000(\\301S\"\n}\nid: 906662665\nhop_limit: 3\npriority: BACKGROUND\n",
  "fromId": "!09d446b4",
  "toId": "^all"
}
============================================================
{
  "from": 164906676,
  "to": 4294967295,
  "decoded": {
    "portnum": "TELEMETRY_APP",
    "payload": "b'\\r<*\\x00\\x00\\x12\\x14\\x08e\\x15+\\x87\\x92@\\x1d\\x00\\x00\\x00\\x00%\\x00\\x00\\x00\\x00(\\xfdS'",
    "telemetry": {
      "time": 10812,
      "deviceMetrics": {
        "batteryLevel": 101,
        "voltage": 4.579,
        "channelUtilization": 0.0,
        "airUtilTx": 0.0,
        "uptimeSeconds": 10749
      },
      "raw": "time: 10812\ndevice_metrics {\n  battery_level: 101\n  voltage: 4.579\n  channel_utilization: 0\n  air_util_tx: 0\n  uptime_seconds: 10749\n}\n"
    }
  },
  "id": 2960463626,
  "hopLimit": 3,
  "priority": "BACKGROUND",
  "raw": "from: 164906676\nto: 4294967295\ndecoded {\n  portnum: TELEMETRY_APP\n  payload: \"\\r<*\\000\\000\\022\\024\\010e\\025+\\207\\222@\\035\\000\\000\\000\\000%\\000\\000\\000\\000(\\375S\"\n}\nid: 2960463626\nhop_limit: 3\npriority: BACKGROUND\n",
  "fromId": "!09d446b4",
  "toId": "^all"
}
============================================================
{
  "from": 164906676,
  "to": 4294967295,
  "decoded": {
    "portnum": "TELEMETRY_APP",
    "payload": "b'\\rx*\\x00\\x00\\x12\\x14\\x08e\\x15\\x00\\x00\\x94@\\x1d\\x00\\x00\\x00\\x00%\\x00\\x00\\x00\\x00(\\xb9T'",
    "telemetry": {
      "time": 10872,
      "deviceMetrics": {
        "batteryLevel": 101,
        "voltage": 4.625,
        "channelUtilization": 0.0,
        "airUtilTx": 0.0,
        "uptimeSeconds": 10809
      },
      "raw": "time: 10872\ndevice_metrics {\n  battery_level: 101\n  voltage: 4.625\n  channel_utilization: 0\n  air_util_tx: 0\n  uptime_seconds: 10809\n}\n"
    }
  },
  "id": 1923161867,
  "hopLimit": 3,
  "priority": "BACKGROUND",
  "raw": "from: 164906676\nto: 4294967295\ndecoded {\n  portnum: TELEMETRY_APP\n  payload: \"\\rx*\\000\\000\\022\\024\\010e\\025\\000\\000\\224@\\035\\000\\000\\000\\000%\\000\\000\\000\\000(\\271T\"\n}\nid: 1923161867\nhop_limit: 3\npriority: BACKGROUND\n",
  "fromId": "!09d446b4",
  "toId": "^all"
}
============================================================
{
  "from": 164906676,
  "to": 4294967295,
  "decoded": {
    "portnum": "TELEMETRY_APP",
    "payload": "b'\\r\\xb4*\\x00\\x00\\x12\\x14\\x08e\\x15\\xe9&\\x95@\\x1d\\xda@\\xd7?%\\x82\\x9a\\xe5<(\\xf6T'",
    "telemetry": {
      "time": 10932,
      "deviceMetrics": {
        "batteryLevel": 101,
        "voltage": 4.661,
        "channelUtilization": 1.6816666,
        "airUtilTx": 0.028027777,
        "uptimeSeconds": 10870
      },
      "raw": "time: 10932\ndevice_metrics {\n  battery_level: 101\n  voltage: 4.661\n  channel_utilization: 1.68166661\n  air_util_tx: 0.0280277766\n  uptime_seconds: 10870\n}\n"
    }
  },
  "id": 2837020429,
  "hopLimit": 3,
  "priority": "BACKGROUND",
  "raw": "from: 164906676\nto: 4294967295\ndecoded {\n  portnum: TELEMETRY_APP\n  payload: \"\\r\\264*\\000\\000\\022\\024\\010e\\025\\351&\\225@\\035\\332@\\327?%\\202\\232\\345<(\\366T\"\n}\nid: 2837020429\nhop_limit: 3\npriority: BACKGROUND\n",
  "fromId": "!09d446b4",
  "toId": "^all"
}
============================================================
{
  "from": 164906676,
  "to": 4294967295,
  "decoded": {
    "portnum": "TELEMETRY_APP",
    "payload": "b'\\r\\xb4*\\x00\\x002(\\x08\\xf6T\\x15\\xda@\\xd7?\\x1d\\x82\\x9a\\xe5< \\x01(\\x030\\x03@\\x01`\\x90\\x99\\x0fh\\xd0\\xcf\\x04x\\x9b\\xff\\xff\\xff\\xff\\xff\\xff\\xff\\xff\\x01'",
    "telemetry": {
      "time": 10932,
      "localStats": {
        "uptimeSeconds": 10870,
        "channelUtilization": 1.6816666,
        "airUtilTx": 0.028027777,
        "numPacketsTx": 1,
        "numPacketsRx": 3,
        "numPacketsRxBad": 3,
        "numTotalNodes": 1,
        "heapTotalBytes": 248976,
        "heapFreeBytes": 75728,
        "noiseFloor": -101
      },
      "raw": "time: 10932\nlocal_stats {\n  uptime_seconds: 10870\n  channel_utilization: 1.68166661\n  air_util_tx: 0.0280277766\n  num_packets_tx: 1\n  num_packets_rx: 3\n  num_packets_rx_bad: 3\n  num_total_nodes: 1\n  heap_total_bytes: 248976\n  heap_free_bytes: 75728\n  noise_floor: -101\n}\n"
    }
  },
  "id": 1791641358,
  "hopLimit": 3,
  "priority": "BACKGROUND",
  "raw": "from: 164906676\nto: 4294967295\ndecoded {\n  portnum: TELEMETRY_APP\n  payload: \"\\r\\264*\\000\\0002(\\010\\366T\\025\\332@\\327?\\035\\202\\232\\345< \\001(\\0030\\003@\\001`\\220\\231\\017h\\320\\317\\004x\\233\\377\\377\\377\\377\\377\\377\\377\\377\\001\"\n}\nid: 1791641358\nhop_limit: 3\npriority: BACKGROUND\n",
  "fromId": "!09d446b4",
  "toId": "^all"
}
============================================================
{
  "from": 164906676,
  "to": 4294967295,
  "decoded": {
    "portnum": "TELEMETRY_APP",
    "payload": "b'\\r\\xf0*\\x00\\x00\\x12\\x14\\x08e\\x15\\xe7\\xfb\\x91@\\x1d\\x00\\x00\\x00\\x00%\\x82\\x9a\\xe5<(\\xb2U'",
    "telemetry": {
      "time": 10992,
      "deviceMetrics": {
        "batteryLevel": 101,
        "voltage": 4.562,
        "channelUtilization": 0.0,
        "airUtilTx": 0.028027777,
        "uptimeSeconds": 10930
      },
      "raw": "time: 10992\ndevice_metrics {\n  battery_level: 101\n  voltage: 4.562\n  channel_utilization: 0\n  air_util_tx: 0.0280277766\n  uptime_seconds: 10930\n}\n"
    }
  },
  "id": 1181090575,
  "hopLimit": 3,
  "priority": "BACKGROUND",
  "raw": "from: 164906676\nto: 4294967295\ndecoded {\n  portnum: TELEMETRY_APP\n  payload: \"\\r\\360*\\000\\000\\022\\024\\010e\\025\\347\\373\\221@\\035\\000\\000\\000\\000%\\202\\232\\345<(\\262U\"\n}\nid: 1181090575\nhop_limit: 3\npriority: BACKGROUND\n",
  "fromId": "!09d446b4",
  "toId": "^all"
}
============================================================
{
  "from": 164906676,
  "to": 4294967295,
  "decoded": {
    "portnum": "TELEMETRY_APP",
    "payload": "b'\\r,+\\x00\\x00\\x12\\x14\\x08e\\x15\\xa6\\x9b\\x94@\\x1d\\x00\\x00\\x00\\x00%\\x82\\x9a\\xe5<(\\xeeU'",
    "telemetry": {
      "time": 11052,
      "deviceMetrics": {
        "batteryLevel": 101,
        "voltage": 4.644,
        "channelUtilization": 0.0,
        "airUtilTx": 0.028027777,
        "uptimeSeconds": 10990
      },
      "raw": "time: 11052\ndevice_metrics {\n  battery_level: 101\n  voltage: 4.644\n  channel_utilization: 0\n  air_util_tx: 0.0280277766\n  uptime_seconds: 10990\n}\n"
    }
  },
  "id": 1460228880,
  "hopLimit": 3,
  "priority": "BACKGROUND",
  "raw": "from: 164906676\nto: 4294967295\ndecoded {\n  portnum: TELEMETRY_APP\n  payload: \"\\r,+\\000\\000\\022\\024\\010e\\025\\246\\233\\224@\\035\\000\\000\\000\\000%\\202\\232\\345<(\\356U\"\n}\nid: 1460228880\nhop_limit: 3\npriority: BACKGROUND\n",
  "fromId": "!09d446b4",
  "toId": "^all"
}
============================================================
{
  "from": 164906676,
  "to": 4294967295,
  "decoded": {
    "portnum": "TELEMETRY_APP",
    "payload": "b'\\rh+\\x00\\x00\\x12\\x14\\x08e\\x15\\xf2\\xd2\\x91@\\x1d\\x00\\x00\\x00\\x00%\\x82\\x9a\\xe5<(\\xaaV'",
    "telemetry": {
      "time": 11112,
      "deviceMetrics": {
        "batteryLevel": 101,
        "voltage": 4.557,
        "channelUtilization": 0.0,
        "airUtilTx": 0.028027777,
        "uptimeSeconds": 11050
      },
      "raw": "time: 11112\ndevice_metrics {\n  battery_level: 101\n  voltage: 4.557\n  channel_utilization: 0\n  air_util_tx: 0.0280277766\n  uptime_seconds: 11050\n}\n"
    }
  },
  "id": 3504663313,
  "hopLimit": 3,
  "priority": "BACKGROUND",
  "raw": "from: 164906676\nto: 4294967295\ndecoded {\n  portnum: TELEMETRY_APP\n  payload: \"\\rh+\\000\\000\\022\\024\\010e\\025\\362\\322\\221@\\035\\000\\000\\000\\000%\\202\\232\\345<(\\252V\"\n}\nid: 3504663313\nhop_limit: 3\npriority: BACKGROUND\n",
  "fromId": "!09d446b4",
  "toId": "^all"
}
============================================================
{
  "from": 164906676,
  "to": 4294967295,
  "decoded": {
    "portnum": "TELEMETRY_APP",
    "payload": "b'\\r\\xa4+\\x00\\x00\\x12\\x14\\x08e\\x15\\x12\\x83\\x94@\\x1d\\x00\\x00\\x00\\x00%\\x82\\x9a\\xe5<(\\xe6V'",
    "telemetry": {
      "time": 11172,
      "deviceMetrics": {
        "batteryLevel": 101,
        "voltage": 4.641,
        "channelUtilization": 0.0,
        "airUtilTx": 0.028027777,
        "uptimeSeconds": 11110
      },
      "raw": "time: 11172\ndevice_metrics {\n  battery_level: 101\n  voltage: 4.641\n  channel_utilization: 0\n  air_util_tx: 0.0280277766\n  uptime_seconds: 11110\n}\n"
    }
  },
  "id": 480501522,
  "hopLimit": 3,
  "priority": "BACKGROUND",
  "raw": "from: 164906676\nto: 4294967295\ndecoded {\n  portnum: TELEMETRY_APP\n  payload: \"\\r\\244+\\000\\000\\022\\024\\010e\\025\\022\\203\\224@\\035\\000\\000\\000\\000%\\202\\232\\345<(\\346V\"\n}\nid: 480501522\nhop_limit: 3\npriority: BACKGROUND\n",
  "fromId": "!09d446b4",
  "toId": "^all"
}
============================================================
{
  "from": 164906676,
  "to": 4294967295,
  "decoded": {
    "portnum": "TELEMETRY_APP",
    "payload": "b'\\r\\xe0+\\x00\\x00\\x12\\x14\\x08e\\x15`\\xe5\\x94@\\x1d\\x00\\x00\\x00\\x00%\\x82\\x9a\\xe5<(\\xa2W'",
    "telemetry": {
      "time": 11232,
      "deviceMetrics": {
        "batteryLevel": 101,
        "voltage": 4.653,
        "channelUtilization": 0.0,
        "airUtilTx": 0.028027777,
        "uptimeSeconds": 11170
      },
      "raw": "time: 11232\ndevice_metrics {\n  battery_level: 101\n  voltage: 4.653\n  channel_utilization: 0\n  air_util_tx: 0.0280277766\n  uptime_seconds: 11170\n}\n"
    }
  },
  "id": 2702236435,
  "hopLimit": 3,
  "priority": "BACKGROUND",
  "raw": "from: 164906676\nto: 4294967295\ndecoded {\n  portnum: TELEMETRY_APP\n  payload: \"\\r\\340+\\000\\000\\022\\024\\010e\\025`\\345\\224@\\035\\000\\000\\000\\000%\\202\\232\\345<(\\242W\"\n}\nid: 2702236435\nhop_limit: 3\npriority: BACKGROUND\n",
  "fromId": "!09d446b4",
  "toId": "^all"
}
============================================================
{
  "from": 164906676,
  "to": 4294967295,
  "decoded": {
    "portnum": "TELEMETRY_APP",
    "payload": "b'\\r\\x1c,\\x00\\x00\\x12\\x14\\x08e\\x15J\\x0c\\x92@\\x1d\\x00\\x00\\x00\\x00%\\x82\\x9a\\xe5<(\\xdeW'",
    "telemetry": {
      "time": 11292,
      "deviceMetrics": {
        "batteryLevel": 101,
        "voltage": 4.564,
        "channelUtilization": 0.0,
        "airUtilTx": 0.028027777,
        "uptimeSeconds": 11230
      },
      "raw": "time: 11292\ndevice_metrics {\n  battery_level: 101\n  voltage: 4.564\n  channel_utilization: 0\n  air_util_tx: 0.0280277766\n  uptime_seconds: 11230\n}\n"
    }
  },
  "id": 4131297044,
  "hopLimit": 3,
  "priority": "BACKGROUND",
  "raw": "from: 164906676\nto: 4294967295\ndecoded {\n  portnum: TELEMETRY_APP\n  payload: \"\\r\\034,\\000\\000\\022\\024\\010e\\025J\\014\\222@\\035\\000\\000\\000\\000%\\202\\232\\345<(\\336W\"\n}\nid: 4131297044\nhop_limit: 3\npriority: BACKGROUND\n",
  "fromId": "!09d446b4",
  "toId": "^all"
}
============================================================
{
  "from": 164906676,
  "to": 4294967295,
  "decoded": {
    "portnum": "TELEMETRY_APP",
    "payload": "b'\\rX,\\x00\\x00\\x12\\x14\\x08e\\x15H\\xe1\\x92@\\x1d\\x00\\x00\\x00\\x00%\\x82\\x9a\\xe5<(\\x9aX'",
    "telemetry": {
      "time": 11352,
      "deviceMetrics": {
        "batteryLevel": 101,
        "voltage": 4.59,
        "channelUtilization": 0.0,
        "airUtilTx": 0.028027777,
        "uptimeSeconds": 11290
      },
      "raw": "time: 11352\ndevice_metrics {\n  battery_level: 101\n  voltage: 4.59\n  channel_utilization: 0\n  air_util_tx: 0.0280277766\n  uptime_seconds: 11290\n}\n"
    }
  },
  "id": 2994415381,
  "hopLimit": 3,
  "priority": "BACKGROUND",
  "raw": "from: 164906676\nto: 4294967295\ndecoded {\n  portnum: TELEMETRY_APP\n  payload: \"\\rX,\\000\\000\\022\\024\\010e\\025H\\341\\222@\\035\\000\\000\\000\\000%\\202\\232\\345<(\\232X\"\n}\nid: 2994415381\nhop_limit: 3\npriority: BACKGROUND\n",
  "fromId": "!09d446b4",
  "toId": "^all"
}
============================================================
{
  "from": 164906676,
  "to": 4294967295,
  "decoded": {
    "portnum": "TELEMETRY_APP",
    "payload": "b'\\r\\x94,\\x00\\x00\\x12\\x14\\x08e\\x15ff\\x92@\\x1d\\x00\\x00\\x00\\x00%\\x82\\x9a\\xe5<(\\xd6X'",
    "telemetry": {
      "time": 11412,
      "deviceMetrics": {
        "batteryLevel": 101,
        "voltage": 4.575,
        "channelUtilization": 0.0,
        "airUtilTx": 0.028027777,
        "uptimeSeconds": 11350
      },
      "raw": "time: 11412\ndevice_metrics {\n  battery_level: 101\n  voltage: 4.575\n  channel_utilization: 0\n  air_util_tx: 0.0280277766\n  uptime_seconds: 11350\n}\n"
    }
  },
  "id": 1238934294,
  "hopLimit": 3,
  "priority": "BACKGROUND",
  "raw": "from: 164906676\nto: 4294967295\ndecoded {\n  portnum: TELEMETRY_APP\n  payload: \"\\r\\224,\\000\\000\\022\\024\\010e\\025ff\\222@\\035\\000\\000\\000\\000%\\202\\232\\345<(\\326X\"\n}\nid: 1238934294\nhop_limit: 3\npriority: BACKGROUND\n",
  "fromId": "!09d446b4",
  "toId": "^all"
}
============================================================
{
  "from": 164906676,
  "to": 4294967295,
  "decoded": {
    "portnum": "TELEMETRY_APP",
    "payload": "b'\\r\\xd0,\\x00\\x00\\x12\\x14\\x08e\\x15y\\xe9\\x92@\\x1d\\x00\\x00\\x00\\x00%\\x82\\x9a\\xe5<(\\x92Y'",
    "telemetry": {
      "time": 11472,
      "deviceMetrics": {
        "batteryLevel": 101,
        "voltage": 4.591,
        "channelUtilization": 0.0,
        "airUtilTx": 0.028027777,
        "uptimeSeconds": 11410
      },
      "raw": "time: 11472\ndevice_metrics {\n  battery_level: 101\n  voltage: 4.591\n  channel_utilization: 0\n  air_util_tx: 0.0280277766\n  uptime_seconds: 11410\n}\n"
    }
  },
  "id": 2076616471,
  "hopLimit": 3,
  "priority": "BACKGROUND",
  "raw": "from: 164906676\nto: 4294967295\ndecoded {\n  portnum: TELEMETRY_APP\n  payload: \"\\r\\320,\\000\\000\\022\\024\\010e\\025y\\351\\222@\\035\\000\\000\\000\\000%\\202\\232\\345<(\\222Y\"\n}\nid: 2076616471\nhop_limit: 3\npriority: BACKGROUND\n",
  "fromId": "!09d446b4",
  "toId": "^all"
}
============================================================
{
  "from": 164906676,
  "to": 4294967295,
  "decoded": {
    "portnum": "TELEMETRY_APP",
    "payload": "b'\\r\\x0c-\\x00\\x00\\x12\\x14\\x08e\\x15\\x1f\\x85\\x93@\\x1d\\x00\\x00\\x00\\x00%\\x82\\x9a\\xe5<(\\xceY'",
    "telemetry": {
      "time": 11532,
      "deviceMetrics": {
        "batteryLevel": 101,
        "voltage": 4.61,
        "channelUtilization": 0.0,
        "airUtilTx": 0.028027777,
        "uptimeSeconds": 11470
      },
      "raw": "time: 11532\ndevice_metrics {\n  battery_level: 101\n  voltage: 4.61\n  channel_utilization: 0\n  air_util_tx: 0.0280277766\n  uptime_seconds: 11470\n}\n"
    }
  },
  "id": 172594968,
  "hopLimit": 3,
  "priority": "BACKGROUND",
  "raw": "from: 164906676\nto: 4294967295\ndecoded {\n  portnum: TELEMETRY_APP\n  payload: \"\\r\\014-\\000\\000\\022\\024\\010e\\025\\037\\205\\223@\\035\\000\\000\\000\\000%\\202\\232\\345<(\\316Y\"\n}\nid: 172594968\nhop_limit: 3\npriority: BACKGROUND\n",
  "fromId": "!09d446b4",
  "toId": "^all"
}
============================================================
{
  "from": 164906676,
  "to": 4294967295,
  "decoded": {
    "portnum": "TELEMETRY_APP",
    "payload": "b'\\rH-\\x00\\x00\\x12\\x14\\x08e\\x15F\\xb6\\x93@\\x1d\\x00\\x00\\x00\\x00%\\x82\\x9a\\xe5<(\\x8aZ'",
    "telemetry": {
      "time": 11592,
      "deviceMetrics": {
        "batteryLevel": 101,
        "voltage": 4.616,
        "channelUtilization": 0.0,
        "airUtilTx": 0.028027777,
        "uptimeSeconds": 11530
      },
      "raw": "time: 11592\ndevice_metrics {\n  battery_level: 101\n  voltage: 4.616\n  channel_utilization: 0\n  air_util_tx: 0.0280277766\n  uptime_seconds: 11530\n}\n"
    }
  },
  "id": 2385102617,
  "hopLimit": 3,
  "priority": "BACKGROUND",
  "raw": "from: 164906676\nto: 4294967295\ndecoded {\n  portnum: TELEMETRY_APP\n  payload: \"\\rH-\\000\\000\\022\\024\\010e\\025F\\266\\223@\\035\\000\\000\\000\\000%\\202\\232\\345<(\\212Z\"\n}\nid: 2385102617\nhop_limit: 3\npriority: BACKGROUND\n",
  "fromId": "!09d446b4",
  "toId": "^all"
}
============================================================
{
  "from": 164906676,
  "to": 4294967295,
  "decoded": {
    "portnum": "TELEMETRY_APP",
    "payload": "b'\\r\\x84-\\x00\\x00\\x12\\x14\\x08e\\x15\\xecQ\\x94@\\x1d\\x00\\x00\\x00\\x00%\\x82\\x9a\\xe5<(\\xc6Z'",
    "telemetry": {
      "time": 11652,
      "deviceMetrics": {
        "batteryLevel": 101,
        "voltage": 4.635,
        "channelUtilization": 0.0,
        "airUtilTx": 0.028027777,
        "uptimeSeconds": 11590
      },
      "raw": "time: 11652\ndevice_metrics {\n  battery_level: 101\n  voltage: 4.635\n  channel_utilization: 0\n  air_util_tx: 0.0280277766\n  uptime_seconds: 11590\n}\n"
    }
  },
  "id": 2913509146,
  "hopLimit": 3,
  "priority": "BACKGROUND",
  "raw": "from: 164906676\nto: 4294967295\ndecoded {\n  portnum: TELEMETRY_APP\n  payload: \"\\r\\204-\\000\\000\\022\\024\\010e\\025\\354Q\\224@\\035\\000\\000\\000\\000%\\202\\232\\345<(\\306Z\"\n}\nid: 2913509146\nhop_limit: 3\npriority: BACKGROUND\n",
  "fromId": "!09d446b4",
  "toId": "^all"
}
============================================================
{
  "from": 164906676,
  "to": 4294967295,
  "decoded": {
    "portnum": "TELEMETRY_APP",
    "payload": "b'\\r\\xc0-\\x00\\x00\\x12\\x14\\x08e\\x15V\\x0e\\x95@\\x1d\\x00\\x00\\x00\\x00%\\x82\\x9a\\xe5<(\\x82['",
    "telemetry": {
      "time": 11712,
      "deviceMetrics": {
        "batteryLevel": 101,
        "voltage": 4.658,
        "channelUtilization": 0.0,
        "airUtilTx": 0.028027777,
        "uptimeSeconds": 11650
      },
      "raw": "time: 11712\ndevice_metrics {\n  battery_level: 101\n  voltage: 4.658\n  channel_utilization: 0\n  air_util_tx: 0.0280277766\n  uptime_seconds: 11650\n}\n"
    }
  },
  "id": 1928936219,
  "hopLimit": 3,
  "priority": "BACKGROUND",
  "raw": "from: 164906676\nto: 4294967295\ndecoded {\n  portnum: TELEMETRY_APP\n  payload: \"\\r\\300-\\000\\000\\022\\024\\010e\\025V\\016\\225@\\035\\000\\000\\000\\000%\\202\\232\\345<(\\202[\"\n}\nid: 1928936219\nhop_limit: 3\npriority: BACKGROUND\n",
  "fromId": "!09d446b4",
  "toId": "^all"
}
============================================================
{
  "from": 164906676,
  "to": 4294967295,
  "decoded": {
    "portnum": "TELEMETRY_APP",
    "payload": "b'\\r\\xfc-\\x00\\x00\\x12\\x14\\x08e\\x15\\xc1\\xca\\x95@\\x1d\\x00\\x00\\x00\\x00%\\x82\\x9a\\xe5<(\\xbe['",
    "telemetry": {
      "time": 11772,
      "deviceMetrics": {
        "batteryLevel": 101,
        "voltage": 4.681,
        "channelUtilization": 0.0,
        "airUtilTx": 0.028027777,
        "uptimeSeconds": 11710
      },
      "raw": "time: 11772\ndevice_metrics {\n  battery_level: 101\n  voltage: 4.681\n  channel_utilization: 0\n  air_util_tx: 0.0280277766\n  uptime_seconds: 11710\n}\n"
    }
  },
  "id": 215729948,
  "hopLimit": 3,
  "priority": "BACKGROUND",
  "raw": "from: 164906676\nto: 4294967295\ndecoded {\n  portnum: TELEMETRY_APP\n  payload: \"\\r\\374-\\000\\000\\022\\024\\010e\\025\\301\\312\\225@\\035\\000\\000\\000\\000%\\202\\232\\345<(\\276[\"\n}\nid: 215729948\nhop_limit: 3\npriority: BACKGROUND\n",
  "fromId": "!09d446b4",
  "toId": "^all"
}
============================================================
{
  "from": 164906676,
  "to": 4294967295,
  "decoded": {
    "portnum": "TELEMETRY_APP",
    "payload": "b'\\r8.\\x00\\x00\\x12\\x14\\x08e\\x159\\xb4\\x94@\\x1d\\x00\\x00\\x00\\x00%\\x82\\x9a\\xe5<(\\xfa['",
    "telemetry": {
      "time": 11832,
      "deviceMetrics": {
        "batteryLevel": 101,
        "voltage": 4.647,
        "channelUtilization": 0.0,
        "airUtilTx": 0.028027777,
        "uptimeSeconds": 11770
      },
      "raw": "time: 11832\ndevice_metrics {\n  battery_level: 101\n  voltage: 4.647\n  channel_utilization: 0\n  air_util_tx: 0.0280277766\n  uptime_seconds: 11770\n}\n"
    }
  },
  "id": 3119278877,
  "hopLimit": 3,
  "priority": "BACKGROUND",
  "raw": "from: 164906676\nto: 4294967295\ndecoded {\n  portnum: TELEMETRY_APP\n  payload: \"\\r8.\\000\\000\\022\\024\\010e\\0259\\264\\224@\\035\\000\\000\\000\\000%\\202\\232\\345<(\\372[\"\n}\nid: 3119278877\nhop_limit: 3\npriority: BACKGROUND\n",
  "fromId": "!09d446b4",
  "toId": "^all"
}
============================================================
{
  "from": 164906676,
  "to": 4294967295,
  "decoded": {
    "portnum": "TELEMETRY_APP",
    "payload": "b'\\r8.\\x00\\x002#\\x08\\xfa[\\x1d\\x82\\x9a\\xe5< \\x01(\\x030\\x03@\\x01`\\x90\\x99\\x0fh\\xd0\\xcf\\x04x\\x9b\\xff\\xff\\xff\\xff\\xff\\xff\\xff\\xff\\x01'",
    "telemetry": {
      "time": 11832,
      "localStats": {
        "uptimeSeconds": 11770,
        "airUtilTx": 0.028027777,
        "numPacketsTx": 1,
        "numPacketsRx": 3,
        "numPacketsRxBad": 3,
        "numTotalNodes": 1,
        "heapTotalBytes": 248976,
        "heapFreeBytes": 75728,
        "noiseFloor": -101
      },
      "raw": "time: 11832\nlocal_stats {\n  uptime_seconds: 11770\n  air_util_tx: 0.0280277766\n  num_packets_tx: 1\n  num_packets_rx: 3\n  num_packets_rx_bad: 3\n  num_total_nodes: 1\n  heap_total_bytes: 248976\n  heap_free_bytes: 75728\n  noise_floor: -101\n}\n"
    }
  },
  "id": 1929293598,
  "hopLimit": 3,
  "priority": "BACKGROUND",
  "raw": "from: 164906676\nto: 4294967295\ndecoded {\n  portnum: TELEMETRY_APP\n  payload: \"\\r8.\\000\\0002#\\010\\372[\\035\\202\\232\\345< \\001(\\0030\\003@\\001`\\220\\231\\017h\\320\\317\\004x\\233\\377\\377\\377\\377\\377\\377\\377\\377\\001\"\n}\nid: 1929293598\nhop_limit: 3\npriority: BACKGROUND\n",
  "fromId": "!09d446b4",
  "toId": "^all"
}
============================================================
{
  "from": 164906676,
  "to": 4294967295,
  "decoded": {
    "portnum": "TELEMETRY_APP",
    "payload": "b'\\rt.\\x00\\x00\\x12\\x14\\x08e\\x15{\\x14\\x92@\\x1d\\x00\\x00\\x00\\x00%\\x82\\x9a\\xe5<(\\xb6\\\\'",
    "telemetry": {
      "time": 11892,
      "deviceMetrics": {
        "batteryLevel": 101,
        "voltage": 4.565,
        "channelUtilization": 0.0,
        "airUtilTx": 0.028027777,
        "uptimeSeconds": 11830
      },
      "raw": "time: 11892\ndevice_metrics {\n  battery_level: 101\n  voltage: 4.565\n  channel_utilization: 0\n  air_util_tx: 0.0280277766\n  uptime_seconds: 11830\n}\n"
    }
  },
  "id": 3309958943,
  "hopLimit": 3,
  "priority": "BACKGROUND",
  "raw": "from: 164906676\nto: 4294967295\ndecoded {\n  portnum: TELEMETRY_APP\n  payload: \"\\rt.\\000\\000\\022\\024\\010e\\025{\\024\\222@\\035\\000\\000\\000\\000%\\202\\232\\345<(\\266\\\\\"\n}\nid: 3309958943\nhop_limit: 3\npriority: BACKGROUND\n",
  "fromId": "!09d446b4",
  "toId": "^all"
}
============================================================
{
  "from": 164906676,
  "to": 4294967295,
  "decoded": {
    "portnum": "TELEMETRY_APP",
    "payload": "b'\\r\\xb0.\\x00\\x00\\x12\\x14\\x08e\\x15D\\x8b\\x94@\\x1d\\x00\\x00\\x00\\x00%\\x82\\x9a\\xe5<(\\xf2\\\\'",
    "telemetry": {
      "time": 11952,
      "deviceMetrics": {
        "batteryLevel": 101,
        "voltage": 4.642,
        "channelUtilization": 0.0,
        "airUtilTx": 0.028027777,
        "uptimeSeconds": 11890
      },
      "raw": "time: 11952\ndevice_metrics {\n  battery_level: 101\n  voltage: 4.642\n  channel_utilization: 0\n  air_util_tx: 0.0280277766\n  uptime_seconds: 11890\n}\n"
    }
  },
  "id": 2700079904,
  "hopLimit": 3,
  "priority": "BACKGROUND",
  "raw": "from: 164906676\nto: 4294967295\ndecoded {\n  portnum: TELEMETRY_APP\n  payload: \"\\r\\260.\\000\\000\\022\\024\\010e\\025D\\213\\224@\\035\\000\\000\\000\\000%\\202\\232\\345<(\\362\\\\\"\n}\nid: 2700079904\nhop_limit: 3\npriority: BACKGROUND\n",
  "fromId": "!09d446b4",
  "toId": "^all"
}
============================================================
{
  "from": 164906676,
  "to": 4294967295,
  "decoded": {
    "portnum": "TELEMETRY_APP",
    "payload": "b'\\r\\xed.\\x00\\x00\\x12\\x14\\x08e\\x15\\xf4\\xfd\\x94@\\x1d\\x00\\x00\\x00\\x00%\\x82\\x9a\\xe5<(\\xae]'",
    "telemetry": {
      "time": 12013,
      "deviceMetrics": {
        "batteryLevel": 101,
        "voltage": 4.656,
        "channelUtilization": 0.0,
        "airUtilTx": 0.028027777,
        "uptimeSeconds": 11950
      },
      "raw": "time: 12013\ndevice_metrics {\n  battery_level: 101\n  voltage: 4.656\n  channel_utilization: 0\n  air_util_tx: 0.0280277766\n  uptime_seconds: 11950\n}\n"
    }
  },
  "id": 3240386337,
  "hopLimit": 3,
  "priority": "BACKGROUND",
  "raw": "from: 164906676\nto: 4294967295\ndecoded {\n  portnum: TELEMETRY_APP\n  payload: \"\\r\\355.\\000\\000\\022\\024\\010e\\025\\364\\375\\224@\\035\\000\\000\\000\\000%\\202\\232\\345<(\\256]\"\n}\nid: 3240386337\nhop_limit: 3\npriority: BACKGROUND\n",
  "fromId": "!09d446b4",
  "toId": "^all"
}
============================================================
{
  "from": 164906676,
  "to": 4294967295,
  "decoded": {
    "portnum": "TELEMETRY_APP",
    "payload": "b'\\r)/\\x00\\x00\\x12\\x14\\x08e\\x15\\x81\\x95\\x93@\\x1d\\x00\\x00\\x00\\x00%\\x82\\x9a\\xe5<(\\xea]'",
    "telemetry": {
      "time": 12073,
      "deviceMetrics": {
        "batteryLevel": 101,
        "voltage": 4.612,
        "channelUtilization": 0.0,
        "airUtilTx": 0.028027777,
        "uptimeSeconds": 12010
      },
      "raw": "time: 12073\ndevice_metrics {\n  battery_level: 101\n  voltage: 4.612\n  channel_utilization: 0\n  air_util_tx: 0.0280277766\n  uptime_seconds: 12010\n}\n"
    }
  },
  "id": 874721058,
  "hopLimit": 3,
  "priority": "BACKGROUND",
  "raw": "from: 164906676\nto: 4294967295\ndecoded {\n  portnum: TELEMETRY_APP\n  payload: \"\\r)/\\000\\000\\022\\024\\010e\\025\\201\\225\\223@\\035\\000\\000\\000\\000%\\202\\232\\345<(\\352]\"\n}\nid: 874721058\nhop_limit: 3\npriority: BACKGROUND\n",
  "fromId": "!09d446b4",
  "toId": "^all"
}
============================================================
{
  "from": 164906676,
  "to": 4294967295,
  "decoded": {
    "portnum": "TELEMETRY_APP",
    "payload": "b'\\re/\\x00\\x00\\x12\\x14\\x08e\\x15\\xc3\\xf5\\x94@\\x1d\\x00\\x00\\x00\\x00%\\x82\\x9a\\xe5<(\\xa6^'",
    "telemetry": {
      "time": 12133,
      "deviceMetrics": {
        "batteryLevel": 101,
        "voltage": 4.655,
        "channelUtilization": 0.0,
        "airUtilTx": 0.028027777,
        "uptimeSeconds": 12070
      },
      "raw": "time: 12133\ndevice_metrics {\n  battery_level: 101\n  voltage: 4.655\n  channel_utilization: 0\n  air_util_tx: 0.0280277766\n  uptime_seconds: 12070\n}\n"
    }
  },
  "id": 4039075619,
  "hopLimit": 3,
  "priority": "BACKGROUND",
  "raw": "from: 164906676\nto: 4294967295\ndecoded {\n  portnum: TELEMETRY_APP\n  payload: \"\\re/\\000\\000\\022\\024\\010e\\025\\303\\365\\224@\\035\\000\\000\\000\\000%\\202\\232\\345<(\\246^\"\n}\nid: 4039075619\nhop_limit: 3\npriority: BACKGROUND\n",
  "fromId": "!09d446b4",
  "toId": "^all"
}
============================================================
{
  "from": 164906676,
  "to": 4294967295,
  "decoded": {
    "portnum": "TELEMETRY_APP",
    "payload": "b'\\r\\xa1/\\x00\\x00\\x12\\x14\\x08e\\x15-\\xb2\\x91@\\x1d\\x00\\x00\\x00\\x00%\\x82\\x9a\\xe5<(\\xe3^'",
    "telemetry": {
      "time": 12193,
      "deviceMetrics": {
        "batteryLevel": 101,
        "voltage": 4.553,
        "channelUtilization": 0.0,
        "airUtilTx": 0.028027777,
        "uptimeSeconds": 12131
      },
      "raw": "time: 12193\ndevice_metrics {\n  battery_level: 101\n  voltage: 4.553\n  channel_utilization: 0\n  air_util_tx: 0.0280277766\n  uptime_seconds: 12131\n}\n"
    }
  },
  "id": 1825899300,
  "hopLimit": 3,
  "priority": "BACKGROUND",
  "raw": "from: 164906676\nto: 4294967295\ndecoded {\n  portnum: TELEMETRY_APP\n  payload: \"\\r\\241/\\000\\000\\022\\024\\010e\\025-\\262\\221@\\035\\000\\000\\000\\000%\\202\\232\\345<(\\343^\"\n}\nid: 1825899300\nhop_limit: 3\npriority: BACKGROUND\n",
  "fromId": "!09d446b4",
  "toId": "^all"
}
============================================================
{
  "from": 164906676,
  "to": 4294967295,
  "decoded": {
    "portnum": "TELEMETRY_APP",
    "payload": "b'\\r\\xdd/\\x00\\x00\\x12\\x14\\x08e\\x15\\x1f\\x85\\x93@\\x1d\\x00\\x00\\x00\\x00%\\x82\\x9a\\xe5<(\\x9f_'",
    "telemetry": {
      "time": 12253,
      "deviceMetrics": {
        "batteryLevel": 101,
        "voltage": 4.61,
        "channelUtilization": 0.0,
        "airUtilTx": 0.028027777,
        "uptimeSeconds": 12191
      },
      "raw": "time: 12253\ndevice_metrics {\n  battery_level: 101\n  voltage: 4.61\n  channel_utilization: 0\n  air_util_tx: 0.0280277766\n  uptime_seconds: 12191\n}\n"
    }
  },
  "id": 3341369125,
  "hopLimit": 3,
  "priority": "BACKGROUND",
  "raw": "from: 164906676\nto: 4294967295\ndecoded {\n  portnum: TELEMETRY_APP\n  payload: \"\\r\\335/\\000\\000\\022\\024\\010e\\025\\037\\205\\223@\\035\\000\\000\\000\\000%\\202\\232\\345<(\\237_\"\n}\nid: 3341369125\nhop_limit: 3\npriority: BACKGROUND\n",
  "fromId": "!09d446b4",
  "toId": "^all"
}
============================================================
{
  "from": 164906676,
  "to": 4294967295,
  "decoded": {
    "portnum": "TELEMETRY_APP",
    "payload": "b'\\r\\x190\\x00\\x00\\x12\\x14\\x08e\\x15\\x9a\\x99\\x95@\\x1d\\x00\\x00\\x00\\x00%\\x82\\x9a\\xe5<(\\xdb_'",
    "telemetry": {
      "time": 12313,
      "deviceMetrics": {
        "batteryLevel": 101,
        "voltage": 4.675,
        "channelUtilization": 0.0,
        "airUtilTx": 0.028027777,
        "uptimeSeconds": 12251
      },
      "raw": "time: 12313\ndevice_metrics {\n  battery_level: 101\n  voltage: 4.675\n  channel_utilization: 0\n  air_util_tx: 0.0280277766\n  uptime_seconds: 12251\n}\n"
    }
  },
  "id": 1308778278,
  "hopLimit": 3,
  "priority": "BACKGROUND",
  "raw": "from: 164906676\nto: 4294967295\ndecoded {\n  portnum: TELEMETRY_APP\n  payload: \"\\r\\0310\\000\\000\\022\\024\\010e\\025\\232\\231\\225@\\035\\000\\000\\000\\000%\\202\\232\\345<(\\333_\"\n}\nid: 1308778278\nhop_limit: 3\npriority: BACKGROUND\n",
  "fromId": "!09d446b4",
  "toId": "^all"
}
============================================================
{
  "from": 164906676,
  "to": 4294967295,
  "decoded": {
    "portnum": "TELEMETRY_APP",
    "payload": "b'\\rU0\\x00\\x00\\x12\\x14\\x08e\\x15}?\\x95@\\x1d\\x00\\x00\\x00\\x00%\\x82\\x9a\\xe5<(\\x97`'",
    "telemetry": {
      "time": 12373,
      "deviceMetrics": {
        "batteryLevel": 101,
        "voltage": 4.664,
        "channelUtilization": 0.0,
        "airUtilTx": 0.028027777,
        "uptimeSeconds": 12311
      },
      "raw": "time: 12373\ndevice_metrics {\n  battery_level: 101\n  voltage: 4.664\n  channel_utilization: 0\n  air_util_tx: 0.0280277766\n  uptime_seconds: 12311\n}\n"
    }
  },
  "id": 2949597991,
  "hopLimit": 3,
  "priority": "BACKGROUND",
  "raw": "from: 164906676\nto: 4294967295\ndecoded {\n  portnum: TELEMETRY_APP\n  payload: \"\\rU0\\000\\000\\022\\024\\010e\\025}?\\225@\\035\\000\\000\\000\\000%\\202\\232\\345<(\\227`\"\n}\nid: 2949597991\nhop_limit: 3\npriority: BACKGROUND\n",
  "fromId": "!09d446b4",
  "toId": "^all"
}
============================================================
{
  "from": 164906676,
  "to": 4294967295,
  "decoded": {
    "portnum": "TELEMETRY_APP",
    "payload": "b'\\r\\x910\\x00\\x00\\x12\\x14\\x08e\\x15j\\xbc\\x94@\\x1d\\x00\\x00\\x00\\x00%\\x82\\x9a\\xe5<(\\xd3`'",
    "telemetry": {
      "time": 12433,
      "deviceMetrics": {
        "batteryLevel": 101,
        "voltage": 4.648,
        "channelUtilization": 0.0,
        "airUtilTx": 0.028027777,
        "uptimeSeconds": 12371
      },
      "raw": "time: 12433\ndevice_metrics {\n  battery_level: 101\n  voltage: 4.648\n  channel_utilization: 0\n  air_util_tx: 0.0280277766\n  uptime_seconds: 12371\n}\n"
    }
  },
  "id": 616291112,
  "hopLimit": 3,
  "priority": "BACKGROUND",
  "raw": "from: 164906676\nto: 4294967295\ndecoded {\n  portnum: TELEMETRY_APP\n  payload: \"\\r\\2210\\000\\000\\022\\024\\010e\\025j\\274\\224@\\035\\000\\000\\000\\000%\\202\\232\\345<(\\323`\"\n}\nid: 616291112\nhop_limit: 3\npriority: BACKGROUND\n",
  "fromId": "!09d446b4",
  "toId": "^all"
}
============================================================
{
  "from": 164906676,
  "to": 4294967295,
  "decoded": {
    "portnum": "TELEMETRY_APP",
    "payload": "b'\\r\\xcd0\\x00\\x00\\x12\\x14\\x08e\\x15\\xf6(\\x94@\\x1d\\x00\\x00\\x00\\x00%\\x82\\x9a\\xe5<(\\x8fa'",
    "telemetry": {
      "time": 12493,
      "deviceMetrics": {
        "batteryLevel": 101,
        "voltage": 4.63,
        "channelUtilization": 0.0,
        "airUtilTx": 0.028027777,
        "uptimeSeconds": 12431
      },
      "raw": "time: 12493\ndevice_metrics {\n  battery_level: 101\n  voltage: 4.63\n  channel_utilization: 0\n  air_util_tx: 0.0280277766\n  uptime_seconds: 12431\n}\n"
    }
  },
  "id": 2902495017,
  "hopLimit": 3,
  "priority": "BACKGROUND",
  "raw": "from: 164906676\nto: 4294967295\ndecoded {\n  portnum: TELEMETRY_APP\n  payload: \"\\r\\3150\\000\\000\\022\\024\\010e\\025\\366(\\224@\\035\\000\\000\\000\\000%\\202\\232\\345<(\\217a\"\n}\nid: 2902495017\nhop_limit: 3\npriority: BACKGROUND\n",
  "fromId": "!09d446b4",
  "toId": "^all"
}
============================================================
{
  "from": 164906676,
  "to": 4294967295,
  "decoded": {
    "portnum": "TELEMETRY_APP",
    "payload": "b'\\r\\t1\\x00\\x00\\x12\\x14\\x08e\\x15\\x93\\x18\\x94@\\x1d\\x00\\x00\\x00\\x00%\\x82\\x9a\\xe5<(\\xcba'",
    "telemetry": {
      "time": 12553,
      "deviceMetrics": {
        "batteryLevel": 101,
        "voltage": 4.628,
        "channelUtilization": 0.0,
        "airUtilTx": 0.028027777,
        "uptimeSeconds": 12491
      },
      "raw": "time: 12553\ndevice_metrics {\n  battery_level: 101\n  voltage: 4.628\n  channel_utilization: 0\n  air_util_tx: 0.0280277766\n  uptime_seconds: 12491\n}\n"
    }
  },
  "id": 1203874602,
  "hopLimit": 3,
  "priority": "BACKGROUND",
  "raw": "from: 164906676\nto: 4294967295\ndecoded {\n  portnum: TELEMETRY_APP\n  payload: \"\\r\\t1\\000\\000\\022\\024\\010e\\025\\223\\030\\224@\\035\\000\\000\\000\\000%\\202\\232\\345<(\\313a\"\n}\nid: 1203874602\nhop_limit: 3\npriority: BACKGROUND\n",
  "fromId": "!09d446b4",
  "toId": "^all"
}
============================================================
{
  "from": 164906676,
  "to": 4294967295,
  "decoded": {
    "portnum": "TELEMETRY_APP",
    "payload": "b'\\rE1\\x00\\x00\\x12\\x14\\x08e\\x15\\n\\xd7\\x93@\\x1d\\x00\\x00\\x00\\x00%\\x82\\x9a\\xe5<(\\x87b'",
    "telemetry": {
      "time": 12613,
      "deviceMetrics": {
        "batteryLevel": 101,
        "voltage": 4.62,
        "channelUtilization": 0.0,
        "airUtilTx": 0.028027777,
        "uptimeSeconds": 12551
      },
      "raw": "time: 12613\ndevice_metrics {\n  battery_level: 101\n  voltage: 4.62\n  channel_utilization: 0\n  air_util_tx: 0.0280277766\n  uptime_seconds: 12551\n}\n"
    }
  },
  "id": 2618877739,
  "hopLimit": 3,
  "priority": "BACKGROUND",
  "raw": "from: 164906676\nto: 4294967295\ndecoded {\n  portnum: TELEMETRY_APP\n  payload: \"\\rE1\\000\\000\\022\\024\\010e\\025\\n\\327\\223@\\035\\000\\000\\000\\000%\\202\\232\\345<(\\207b\"\n}\nid: 2618877739\nhop_limit: 3\npriority: BACKGROUND\n",
  "fromId": "!09d446b4",
  "toId": "^all"
}
============================================================
{
  "from": 164906676,
  "to": 4294967295,
  "decoded": {
    "portnum": "TELEMETRY_APP",
    "payload": "b'\\r\\x811\\x00\\x00\\x12\\x14\\x08e\\x15\\n\\xd7\\x93@\\x1d\\x00\\x00\\x00\\x00%\\x82\\x9a\\xe5<(\\xc3b'",
    "telemetry": {
      "time": 12673,
      "deviceMetrics": {
        "batteryLevel": 101,
        "voltage": 4.62,
        "channelUtilization": 0.0,
        "airUtilTx": 0.028027777,
        "uptimeSeconds": 12611
      },
      "raw": "time: 12673\ndevice_metrics {\n  battery_level: 101\n  voltage: 4.62\n  channel_utilization: 0\n  air_util_tx: 0.0280277766\n  uptime_seconds: 12611\n}\n"
    }
  },
  "id": 1985357612,
  "hopLimit": 3,
  "priority": "BACKGROUND",
  "raw": "from: 164906676\nto: 4294967295\ndecoded {\n  portnum: TELEMETRY_APP\n  payload: \"\\r\\2011\\000\\000\\022\\024\\010e\\025\\n\\327\\223@\\035\\000\\000\\000\\000%\\202\\232\\345<(\\303b\"\n}\nid: 1985357612\nhop_limit: 3\npriority: BACKGROUND\n",
  "fromId": "!09d446b4",
  "toId": "^all"
}
============================================================
{
  "from": 164906676,
  "to": 4294967295,
  "decoded": {
    "portnum": "TELEMETRY_APP",
    "payload": "b'\\r\\xbd1\\x00\\x00\\x12\\x14\\x08e\\x15\\x87\\x16\\x95@\\x1d\\x00\\x00\\x00\\x00%\\x82\\x9a\\xe5<(\\xffb'",
    "telemetry": {
      "time": 12733,
      "deviceMetrics": {
        "batteryLevel": 101,
        "voltage": 4.659,
        "channelUtilization": 0.0,
        "airUtilTx": 0.028027777,
        "uptimeSeconds": 12671
      },
      "raw": "time: 12733\ndevice_metrics {\n  battery_level: 101\n  voltage: 4.659\n  channel_utilization: 0\n  air_util_tx: 0.0280277766\n  uptime_seconds: 12671\n}\n"
    }
  },
  "id": 2838144813,
  "hopLimit": 3,
  "priority": "BACKGROUND",
  "raw": "from: 164906676\nto: 4294967295\ndecoded {\n  portnum: TELEMETRY_APP\n  payload: \"\\r\\2751\\000\\000\\022\\024\\010e\\025\\207\\026\\225@\\035\\000\\000\\000\\000%\\202\\232\\345<(\\377b\"\n}\nid: 2838144813\nhop_limit: 3\npriority: BACKGROUND\n",
  "fromId": "!09d446b4",
  "toId": "^all"
}
============================================================
{
  "from": 164906676,
  "to": 4294967295,
  "decoded": {
    "portnum": "TELEMETRY_APP",
    "payload": "b'\\r\\xbd1\\x00\\x002#\\x08\\xffb\\x1d\\x82\\x9a\\xe5< \\x01(\\x030\\x03@\\x01`\\x90\\x99\\x0fh\\xd0\\xcf\\x04x\\x9b\\xff\\xff\\xff\\xff\\xff\\xff\\xff\\xff\\x01'",
    "telemetry": {
      "time": 12733,
      "localStats": {
        "uptimeSeconds": 12671,
        "airUtilTx": 0.028027777,
        "numPacketsTx": 1,
        "numPacketsRx": 3,
        "numPacketsRxBad": 3,
        "numTotalNodes": 1,
        "heapTotalBytes": 248976,
        "heapFreeBytes": 75728,
        "noiseFloor": -101
      },
      "raw": "time: 12733\nlocal_stats {\n  uptime_seconds: 12671\n  air_util_tx: 0.0280277766\n  num_packets_tx: 1\n  num_packets_rx: 3\n  num_packets_rx_bad: 3\n  num_total_nodes: 1\n  heap_total_bytes: 248976\n  heap_free_bytes: 75728\n  noise_floor: -101\n}\n"
    }
  },
  "id": 3390879534,
  "hopLimit": 3,
  "priority": "BACKGROUND",
  "raw": "from: 164906676\nto: 4294967295\ndecoded {\n  portnum: TELEMETRY_APP\n  payload: \"\\r\\2751\\000\\0002#\\010\\377b\\035\\202\\232\\345< \\001(\\0030\\003@\\001`\\220\\231\\017h\\320\\317\\004x\\233\\377\\377\\377\\377\\377\\377\\377\\377\\001\"\n}\nid: 3390879534\nhop_limit: 3\npriority: BACKGROUND\n",
  "fromId": "!09d446b4",
  "toId": "^all"
}
============================================================
{
  "from": 164906676,
  "to": 4294967295,
  "decoded": {
    "portnum": "TELEMETRY_APP",
    "payload": "b'\\r\\xf91\\x00\\x00\\x12\\x14\\x08e\\x15sh\\x95@\\x1d\\x00\\x00\\x00\\x00%\\x82\\x9a\\xe5<(\\xbbc'",
    "telemetry": {
      "time": 12793,
      "deviceMetrics": {
        "batteryLevel": 101,
        "voltage": 4.669,
        "channelUtilization": 0.0,
        "airUtilTx": 0.028027777,
        "uptimeSeconds": 12731
      },
      "raw": "time: 12793\ndevice_metrics {\n  battery_level: 101\n  voltage: 4.669\n  channel_utilization: 0\n  air_util_tx: 0.0280277766\n  uptime_seconds: 12731\n}\n"
    }
  },
  "id": 1814639407,
  "hopLimit": 3,
  "priority": "BACKGROUND",
  "raw": "from: 164906676\nto: 4294967295\ndecoded {\n  portnum: TELEMETRY_APP\n  payload: \"\\r\\3711\\000\\000\\022\\024\\010e\\025sh\\225@\\035\\000\\000\\000\\000%\\202\\232\\345<(\\273c\"\n}\nid: 1814639407\nhop_limit: 3\npriority: BACKGROUND\n",
  "fromId": "!09d446b4",
  "toId": "^all"
}
============================================================
{
  "from": 164906676,
  "to": 4294967295,
  "decoded": {
    "portnum": "TELEMETRY_APP",
    "payload": "b'\\r52\\x00\\x00\\x12\\x14\\x08e\\x15;\\xdf\\x93@\\x1d\\x00\\x00\\x00\\x00%\\x82\\x9a\\xe5<(\\xf7c'",
    "telemetry": {
      "time": 12853,
      "deviceMetrics": {
        "batteryLevel": 101,
        "voltage": 4.621,
        "channelUtilization": 0.0,
        "airUtilTx": 0.028027777,
        "uptimeSeconds": 12791
      },
      "raw": "time: 12853\ndevice_metrics {\n  battery_level: 101\n  voltage: 4.621\n  channel_utilization: 0\n  air_util_tx: 0.0280277766\n  uptime_seconds: 12791\n}\n"
    }
  },
  "id": 3684700976,
  "hopLimit": 3,
  "priority": "BACKGROUND",
  "raw": "from: 164906676\nto: 4294967295\ndecoded {\n  portnum: TELEMETRY_APP\n  payload: \"\\r52\\000\\000\\022\\024\\010e\\025;\\337\\223@\\035\\000\\000\\000\\000%\\202\\232\\345<(\\367c\"\n}\nid: 3684700976\nhop_limit: 3\npriority: BACKGROUND\n",
  "fromId": "!09d446b4",
  "toId": "^all"
}
============================================================
{
  "from": 164906676,
  "to": 4294967295,
  "decoded": {
    "portnum": "TELEMETRY_APP",
    "payload": "b'\\rq2\\x00\\x00\\x12\\x14\\x08e\\x15}?\\x95@\\x1d\\x00\\x00\\x00\\x00%\\x82\\x9a\\xe5<(\\xb3d'",
    "telemetry": {
      "time": 12913,
      "deviceMetrics": {
        "batteryLevel": 101,
        "voltage": 4.664,
        "channelUtilization": 0.0,
        "airUtilTx": 0.028027777,
        "uptimeSeconds": 12851
      },
      "raw": "time: 12913\ndevice_metrics {\n  battery_level: 101\n  voltage: 4.664\n  channel_utilization: 0\n  air_util_tx: 0.0280277766\n  uptime_seconds: 12851\n}\n"
    }
  },
  "id": 4139770673,
  "hopLimit": 3,
  "priority": "BACKGROUND",
  "raw": "from: 164906676\nto: 4294967295\ndecoded {\n  portnum: TELEMETRY_APP\n  payload: \"\\rq2\\000\\000\\022\\024\\010e\\025}?\\225@\\035\\000\\000\\000\\000%\\202\\232\\345<(\\263d\"\n}\nid: 4139770673\nhop_limit: 3\npriority: BACKGROUND\n",
  "fromId": "!09d446b4",
  "toId": "^all"
}
============================================================
{
  "from": 164906676,
  "to": 4294967295,
  "decoded": {
    "portnum": "TELEMETRY_APP",
    "payload": "b'\\r\\xad2\\x00\\x00\\x12\\x14\\x08e\\x15#\\xdb\\x91@\\x1d\\x00\\x00\\x00\\x00%\\x82\\x9a\\xe5<(\\xefd'",
    "telemetry": {
      "time": 12973,
      "deviceMetrics": {
        "batteryLevel": 101,
        "voltage": 4.558,
        "channelUtilization": 0.0,
        "airUtilTx": 0.028027777,
        "uptimeSeconds": 12911
      },
      "raw": "time: 12973\ndevice_metrics {\n  battery_level: 101\n  voltage: 4.558\n  channel_utilization: 0\n  air_util_tx: 0.0280277766\n  uptime_seconds: 12911\n}\n"
    }
  },
  "id": 1909312306,
  "hopLimit": 3,
  "priority": "BACKGROUND",
  "raw": "from: 164906676\nto: 4294967295\ndecoded {\n  portnum: TELEMETRY_APP\n  payload: \"\\r\\2552\\000\\000\\022\\024\\010e\\025#\\333\\221@\\035\\000\\000\\000\\000%\\202\\232\\345<(\\357d\"\n}\nid: 1909312306\nhop_limit: 3\npriority: BACKGROUND\n",
  "fromId": "!09d446b4",
  "toId": "^all"
}
============================================================
{
  "from": 164906676,
  "to": 4294967295,
  "decoded": {
    "portnum": "TELEMETRY_APP",
    "payload": "b'\\r\\xe92\\x00\\x00\\x12\\x14\\x08e\\x15\\x12\\x83\\x94@\\x1d\\x00\\x00\\x00\\x00%\\x82\\x9a\\xe5<(\\xabe'",
    "telemetry": {
      "time": 13033,
      "deviceMetrics": {
        "batteryLevel": 101,
        "voltage": 4.641,
        "channelUtilization": 0.0,
        "airUtilTx": 0.028027777,
        "uptimeSeconds": 12971
      },
      "raw": "time: 13033\ndevice_metrics {\n  battery_level: 101\n  voltage: 4.641\n  channel_utilization: 0\n  air_util_tx: 0.0280277766\n  uptime_seconds: 12971\n}\n"
    }
  },
  "id": 3421774643,
  "hopLimit": 3,
  "priority": "BACKGROUND",
  "raw": "from: 164906676\nto: 4294967295\ndecoded {\n  portnum: TELEMETRY_APP\n  payload: \"\\r\\3512\\000\\000\\022\\024\\010e\\025\\022\\203\\224@\\035\\000\\000\\000\\000%\\202\\232\\345<(\\253e\"\n}\nid: 3421774643\nhop_limit: 3\npriority: BACKGROUND\n",
  "fromId": "!09d446b4",
  "toId": "^all"
}
============================================================
{
  "from": 164906676,
  "to": 4294967295,
  "decoded": {
    "portnum": "TELEMETRY_APP",
    "payload": "b'\\r%3\\x00\\x00\\x12\\x14\\x08e\\x15\\xe1z\\x94@\\x1d\\x00\\x00\\x00\\x00%\\x82\\x9a\\xe5<(\\xe7e'",
    "telemetry": {
      "time": 13093,
      "deviceMetrics": {
        "batteryLevel": 101,
        "voltage": 4.64,
        "channelUtilization": 0.0,
        "airUtilTx": 0.028027777,
        "uptimeSeconds": 13031
      },
      "raw": "time: 13093\ndevice_metrics {\n  battery_level: 101\n  voltage: 4.64\n  channel_utilization: 0\n  air_util_tx: 0.0280277766\n  uptime_seconds: 13031\n}\n"
    }
  },
  "id": 3838672692,
  "hopLimit": 3,
  "priority": "BACKGROUND",
  "raw": "from: 164906676\nto: 4294967295\ndecoded {\n  portnum: TELEMETRY_APP\n  payload: \"\\r%3\\000\\000\\022\\024\\010e\\025\\341z\\224@\\035\\000\\000\\000\\000%\\202\\232\\345<(\\347e\"\n}\nid: 3838672692\nhop_limit: 3\npriority: BACKGROUND\n",
  "fromId": "!09d446b4",
  "toId": "^all"
}
============================================================
{
  "from": 164906676,
  "to": 4294967295,
  "decoded": {
    "portnum": "TELEMETRY_APP",
    "payload": "b'\\ra3\\x00\\x00\\x12\\x14\\x08e\\x15\\xf6(\\x94@\\x1d\\x00\\x00\\x00\\x00%\\x82\\x9a\\xe5<(\\xa3f'",
    "telemetry": {
      "time": 13153,
      "deviceMetrics": {
        "batteryLevel": 101,
        "voltage": 4.63,
        "channelUtilization": 0.0,
        "airUtilTx": 0.028027777,
        "uptimeSeconds": 13091
      },
      "raw": "time: 13153\ndevice_metrics {\n  battery_level: 101\n  voltage: 4.63\n  channel_utilization: 0\n  air_util_tx: 0.0280277766\n  uptime_seconds: 13091\n}\n"
    }
  },
  "id": 4289968949,
  "hopLimit": 3,
  "priority": "BACKGROUND",
  "raw": "from: 164906676\nto: 4294967295\ndecoded {\n  portnum: TELEMETRY_APP\n  payload: \"\\ra3\\000\\000\\022\\024\\010e\\025\\366(\\224@\\035\\000\\000\\000\\000%\\202\\232\\345<(\\243f\"\n}\nid: 4289968949\nhop_limit: 3\npriority: BACKGROUND\n",
  "fromId": "!09d446b4",
  "toId": "^all"
}
============================================================
{
  "from": 164906676,
  "to": 4294967295,
  "decoded": {
    "portnum": "TELEMETRY_APP",
    "payload": "b'\\r\\x9d3\\x00\\x00\\x12\\x14\\x08e\\x15\\xaeG\\x95@\\x1d\\x00\\x00\\x00\\x00%\\x82\\x9a\\xe5<(\\xdff'",
    "telemetry": {
      "time": 13213,
      "deviceMetrics": {
        "batteryLevel": 101,
        "voltage": 4.665,
        "channelUtilization": 0.0,
        "airUtilTx": 0.028027777,
        "uptimeSeconds": 13151
      },
      "raw": "time: 13213\ndevice_metrics {\n  battery_level: 101\n  voltage: 4.665\n  channel_utilization: 0\n  air_util_tx: 0.0280277766\n  uptime_seconds: 13151\n}\n"
    }
  },
  "id": 418642742,
  "hopLimit": 3,
  "priority": "BACKGROUND",
  "raw": "from: 164906676\nto: 4294967295\ndecoded {\n  portnum: TELEMETRY_APP\n  payload: \"\\r\\2353\\000\\000\\022\\024\\010e\\025\\256G\\225@\\035\\000\\000\\000\\000%\\202\\232\\345<(\\337f\"\n}\nid: 418642742\nhop_limit: 3\npriority: BACKGROUND\n",
  "fromId": "!09d446b4",
  "toId": "^all"
}
============================================================
{
  "from": 164906676,
  "to": 4294967295,
  "decoded": {
    "portnum": "TELEMETRY_APP",
    "payload": "b'\\r\\xd93\\x00\\x00\\x12\\x14\\x08e\\x15u\\x93\\x94@\\x1d\\x00\\x00\\x00\\x00%\\x82\\x9a\\xe5<(\\x9bg'",
    "telemetry": {
      "time": 13273,
      "deviceMetrics": {
        "batteryLevel": 101,
        "voltage": 4.643,
        "channelUtilization": 0.0,
        "airUtilTx": 0.028027777,
        "uptimeSeconds": 13211
      },
      "raw": "time: 13273\ndevice_metrics {\n  battery_level: 101\n  voltage: 4.643\n  channel_utilization: 0\n  air_util_tx: 0.0280277766\n  uptime_seconds: 13211\n}\n"
    }
  },
  "id": 293022519,
  "hopLimit": 3,
  "priority": "BACKGROUND",
  "raw": "from: 164906676\nto: 4294967295\ndecoded {\n  portnum: TELEMETRY_APP\n  payload: \"\\r\\3313\\000\\000\\022\\024\\010e\\025u\\223\\224@\\035\\000\\000\\000\\000%\\202\\232\\345<(\\233g\"\n}\nid: 293022519\nhop_limit: 3\npriority: BACKGROUND\n",
  "fromId": "!09d446b4",
  "toId": "^all"
}
============================================================
{
  "from": 164906676,
  "to": 4294967295,
  "decoded": {
    "portnum": "TELEMETRY_APP",
    "payload": "b'\\r\\x164\\x00\\x00\\x12\\x14\\x08e\\x15\\x96C\\x93@\\x1d\\x00\\x00\\x00\\x00%\\x82\\x9a\\xe5<(\\xd7g'",
    "telemetry": {
      "time": 13334,
      "deviceMetrics": {
        "batteryLevel": 101,
        "voltage": 4.602,
        "channelUtilization": 0.0,
        "airUtilTx": 0.028027777,
        "uptimeSeconds": 13271
      },
      "raw": "time: 13334\ndevice_metrics {\n  battery_level: 101\n  voltage: 4.602\n  channel_utilization: 0\n  air_util_tx: 0.0280277766\n  uptime_seconds: 13271\n}\n"
    }
  },
  "id": 1378836280,
  "hopLimit": 3,
  "priority": "BACKGROUND",
  "raw": "from: 164906676\nto: 4294967295\ndecoded {\n  portnum: TELEMETRY_APP\n  payload: \"\\r\\0264\\000\\000\\022\\024\\010e\\025\\226C\\223@\\035\\000\\000\\000\\000%\\202\\232\\345<(\\327g\"\n}\nid: 1378836280\nhop_limit: 3\npriority: BACKGROUND\n",
  "fromId": "!09d446b4",
  "toId": "^all"
}
============================================================
{
  "from": 164906676,
  "to": 4294967295,
  "decoded": {
    "portnum": "TELEMETRY_APP",
    "payload": "b'\\rR4\\x00\\x00\\x12\\x14\\x08e\\x15\\x8d\\x97\\x92@\\x1d\\x00\\x00\\x00\\x00%\\x82\\x9a\\xe5<(\\x93h'",
    "telemetry": {
      "time": 13394,
      "deviceMetrics": {
        "batteryLevel": 101,
        "voltage": 4.581,
        "channelUtilization": 0.0,
        "airUtilTx": 0.028027777,
        "uptimeSeconds": 13331
      },
      "raw": "time: 13394\ndevice_metrics {\n  battery_level: 101\n  voltage: 4.581\n  channel_utilization: 0\n  air_util_tx: 0.0280277766\n  uptime_seconds: 13331\n}\n"
    }
  },
  "id": 719146809,
  "hopLimit": 3,
  "priority": "BACKGROUND",
  "raw": "from: 164906676\nto: 4294967295\ndecoded {\n  portnum: TELEMETRY_APP\n  payload: \"\\rR4\\000\\000\\022\\024\\010e\\025\\215\\227\\222@\\035\\000\\000\\000\\000%\\202\\232\\345<(\\223h\"\n}\nid: 719146809\nhop_limit: 3\npriority: BACKGROUND\n",
  "fromId": "!09d446b4",
  "toId": "^all"
}
============================================================
{
  "from": 164906676,
  "to": 4294967295,
  "decoded": {
    "portnum": "TELEMETRY_APP",
    "payload": "b'\\r\\x8e4\\x00\\x00\\x12\\x14\\x08e\\x15\\x8f\\xc2\\x91@\\x1d\\x00\\x00\\x00\\x00%\\x82\\x9a\\xe5<(\\xd0h'",
    "telemetry": {
      "time": 13454,
      "deviceMetrics": {
        "batteryLevel": 101,
        "voltage": 4.555,
        "channelUtilization": 0.0,
        "airUtilTx": 0.028027777,
        "uptimeSeconds": 13392
      },
      "raw": "time: 13454\ndevice_metrics {\n  battery_level: 101\n  voltage: 4.555\n  channel_utilization: 0\n  air_util_tx: 0.0280277766\n  uptime_seconds: 13392\n}\n"
    }
  },
  "id": 106856250,
  "hopLimit": 3,
  "priority": "BACKGROUND",
  "raw": "from: 164906676\nto: 4294967295\ndecoded {\n  portnum: TELEMETRY_APP\n  payload: \"\\r\\2164\\000\\000\\022\\024\\010e\\025\\217\\302\\221@\\035\\000\\000\\000\\000%\\202\\232\\345<(\\320h\"\n}\nid: 106856250\nhop_limit: 3\npriority: BACKGROUND\n",
  "fromId": "!09d446b4",
  "toId": "^all"
}
============================================================
{
  "from": 164906676,
  "to": 4294967295,
  "decoded": {
    "portnum": "TELEMETRY_APP",
    "payload": "b'\\r\\xca4\\x00\\x00\\x12\\x14\\x08e\\x15?5\\x92@\\x1d\\x00\\x00\\x00\\x00%\\x82\\x9a\\xe5<(\\x8ci'",
    "telemetry": {
      "time": 13514,
      "deviceMetrics": {
        "batteryLevel": 101,
        "voltage": 4.569,
        "channelUtilization": 0.0,
        "airUtilTx": 0.028027777,
        "uptimeSeconds": 13452
      },
      "raw": "time: 13514\ndevice_metrics {\n  battery_level: 101\n  voltage: 4.569\n  channel_utilization: 0\n  air_util_tx: 0.0280277766\n  uptime_seconds: 13452\n}\n"
    }
  },
  "id": 3513344827,
  "hopLimit": 3,
  "priority": "BACKGROUND",
  "raw": "from: 164906676\nto: 4294967295\ndecoded {\n  portnum: TELEMETRY_APP\n  payload: \"\\r\\3124\\000\\000\\022\\024\\010e\\025?5\\222@\\035\\000\\000\\000\\000%\\202\\232\\345<(\\214i\"\n}\nid: 3513344827\nhop_limit: 3\npriority: BACKGROUND\n",
  "fromId": "!09d446b4",
  "toId": "^all"
}
============================================================
{
  "from": 164906676,
  "to": 4294967295,
  "decoded": {
    "portnum": "TELEMETRY_APP",
    "payload": "b'\\r\\x065\\x00\\x00\\x12\\x14\\x08e\\x15\\xc5 \\x94@\\x1d\\x00\\x00\\x00\\x00%\\x82\\x9a\\xe5<(\\xc8i'",
    "telemetry": {
      "time": 13574,
      "deviceMetrics": {
        "batteryLevel": 101,
        "voltage": 4.629,
        "channelUtilization": 0.0,
        "airUtilTx": 0.028027777,
        "uptimeSeconds": 13512
      },
      "raw": "time: 13574\ndevice_metrics {\n  battery_level: 101\n  voltage: 4.629\n  channel_utilization: 0\n  air_util_tx: 0.0280277766\n  uptime_seconds: 13512\n}\n"
    }
  },
  "id": 3426497340,
  "hopLimit": 3,
  "priority": "BACKGROUND",
  "raw": "from: 164906676\nto: 4294967295\ndecoded {\n  portnum: TELEMETRY_APP\n  payload: \"\\r\\0065\\000\\000\\022\\024\\010e\\025\\305 \\224@\\035\\000\\000\\000\\000%\\202\\232\\345<(\\310i\"\n}\nid: 3426497340\nhop_limit: 3\npriority: BACKGROUND\n",
  "fromId": "!09d446b4",
  "toId": "^all"
}
============================================================
{
  "from": 164906676,
  "to": 4294967295,
  "decoded": {
    "portnum": "TELEMETRY_APP",
    "payload": "b'\\rB5\\x00\\x00\\x12\\x14\\x08e\\x15\\xdb\\xf9\\x92@\\x1d\\x00\\x00\\x00\\x00%\\x82\\x9a\\xe5<(\\x84j'",
    "telemetry": {
      "time": 13634,
      "deviceMetrics": {
        "batteryLevel": 101,
        "voltage": 4.593,
        "channelUtilization": 0.0,
        "airUtilTx": 0.028027777,
        "uptimeSeconds": 13572
      },
      "raw": "time: 13634\ndevice_metrics {\n  battery_level: 101\n  voltage: 4.593\n  channel_utilization: 0\n  air_util_tx: 0.0280277766\n  uptime_seconds: 13572\n}\n"
    }
  },
  "id": 1016998717,
  "hopLimit": 3,
  "priority": "BACKGROUND",
  "raw": "from: 164906676\nto: 4294967295\ndecoded {\n  portnum: TELEMETRY_APP\n  payload: \"\\rB5\\000\\000\\022\\024\\010e\\025\\333\\371\\222@\\035\\000\\000\\000\\000%\\202\\232\\345<(\\204j\"\n}\nid: 1016998717\nhop_limit: 3\npriority: BACKGROUND\n",
  "fromId": "!09d446b4",
  "toId": "^all"
}
============================================================
{
  "from": 164906676,
  "to": 4294967295,
  "decoded": {
    "portnum": "TELEMETRY_APP",
    "payload": "b'\\rB5\\x00\\x002#\\x08\\x84j\\x1d\\x82\\x9a\\xe5< \\x01(\\x030\\x03@\\x01`\\x90\\x99\\x0fh\\xd0\\xcf\\x04x\\x9b\\xff\\xff\\xff\\xff\\xff\\xff\\xff\\xff\\x01'",
    "telemetry": {
      "time": 13634,
      "localStats": {
        "uptimeSeconds": 13572,
        "airUtilTx": 0.028027777,
        "numPacketsTx": 1,
        "numPacketsRx": 3,
        "numPacketsRxBad": 3,
        "numTotalNodes": 1,
        "heapTotalBytes": 248976,
        "heapFreeBytes": 75728,
        "noiseFloor": -101
      },
      "raw": "time: 13634\nlocal_stats {\n  uptime_seconds: 13572\n  air_util_tx: 0.0280277766\n  num_packets_tx: 1\n  num_packets_rx: 3\n  num_packets_rx_bad: 3\n  num_total_nodes: 1\n  heap_total_bytes: 248976\n  heap_free_bytes: 75728\n  noise_floor: -101\n}\n"
    }
  },
  "id": 3475230526,
  "hopLimit": 3,
  "priority": "BACKGROUND",
  "raw": "from: 164906676\nto: 4294967295\ndecoded {\n  portnum: TELEMETRY_APP\n  payload: \"\\rB5\\000\\0002#\\010\\204j\\035\\202\\232\\345< \\001(\\0030\\003@\\001`\\220\\231\\017h\\320\\317\\004x\\233\\377\\377\\377\\377\\377\\377\\377\\377\\001\"\n}\nid: 3475230526\nhop_limit: 3\npriority: BACKGROUND\n",
  "fromId": "!09d446b4",
  "toId": "^all"
}
============================================================
{
  "from": 164906676,
  "to": 4294967295,
  "decoded": {
    "portnum": "TELEMETRY_APP",
    "payload": "b'\\r~5\\x00\\x00\\x12\\x14\\x08e\\x15{\\x14\\x92@\\x1d\\x00\\x00\\x00\\x00%\\x82\\x9a\\xe5<(\\xc0j'",
    "telemetry": {
      "time": 13694,
      "deviceMetrics": {
        "batteryLevel": 101,
        "voltage": 4.565,
        "channelUtilization": 0.0,
        "airUtilTx": 0.028027777,
        "uptimeSeconds": 13632
      },
      "raw": "time: 13694\ndevice_metrics {\n  battery_level: 101\n  voltage: 4.565\n  channel_utilization: 0\n  air_util_tx: 0.0280277766\n  uptime_seconds: 13632\n}\n"
    }
  },
  "id": 3251218239,
  "hopLimit": 3,
  "priority": "BACKGROUND",
  "raw": "from: 164906676\nto: 4294967295\ndecoded {\n  portnum: TELEMETRY_APP\n  payload: \"\\r~5\\000\\000\\022\\024\\010e\\025{\\024\\222@\\035\\000\\000\\000\\000%\\202\\232\\345<(\\300j\"\n}\nid: 3251218239\nhop_limit: 3\npriority: BACKGROUND\n",
  "fromId": "!09d446b4",
  "toId": "^all"
}
============================================================
{
  "from": 164906676,
  "to": 4294967295,
  "decoded": {
    "portnum": "TELEMETRY_APP",
    "payload": "b'\\r\\xba5\\x00\\x00\\x12\\x14\\x08e\\x15\\xc5 \\x94@\\x1d\\x00\\x00\\x00\\x00%\\x82\\x9a\\xe5<(\\xfcj'",
    "telemetry": {
      "time": 13754,
      "deviceMetrics": {
        "batteryLevel": 101,
        "voltage": 4.629,
        "channelUtilization": 0.0,
        "airUtilTx": 0.028027777,
        "uptimeSeconds": 13692
      },
      "raw": "time: 13754\ndevice_metrics {\n  battery_level: 101\n  voltage: 4.629\n  channel_utilization: 0\n  air_util_tx: 0.0280277766\n  uptime_seconds: 13692\n}\n"
    }
  },
  "id": 3865655104,
  "hopLimit": 3,
  "priority": "BACKGROUND",
  "raw": "from: 164906676\nto: 4294967295\ndecoded {\n  portnum: TELEMETRY_APP\n  payload: \"\\r\\2725\\000\\000\\022\\024\\010e\\025\\305 \\224@\\035\\000\\000\\000\\000%\\202\\232\\345<(\\374j\"\n}\nid: 3865655104\nhop_limit: 3\npriority: BACKGROUND\n",
  "fromId": "!09d446b4",
  "toId": "^all"
}
============================================================
{
  "from": 164906676,
  "to": 4294967295,
  "decoded": {
    "portnum": "TELEMETRY_APP",
    "payload": "b'\\r\\xf65\\x00\\x00\\x12\\x14\\x08e\\x15\\xaeG\\x95@\\x1d\\x00\\x00\\x00\\x00%\\x82\\x9a\\xe5<(\\xb8k'",
    "telemetry": {
      "time": 13814,
      "deviceMetrics": {
        "batteryLevel": 101,
        "voltage": 4.665,
        "channelUtilization": 0.0,
        "airUtilTx": 0.028027777,
        "uptimeSeconds": 13752
      },
      "raw": "time: 13814\ndevice_metrics {\n  battery_level: 101\n  voltage: 4.665\n  channel_utilization: 0\n  air_util_tx: 0.0280277766\n  uptime_seconds: 13752\n}\n"
    }
  },
  "id": 2192185153,
  "hopLimit": 3,
  "priority": "BACKGROUND",
  "raw": "from: 164906676\nto: 4294967295\ndecoded {\n  portnum: TELEMETRY_APP\n  payload: \"\\r\\3665\\000\\000\\022\\024\\010e\\025\\256G\\225@\\035\\000\\000\\000\\000%\\202\\232\\345<(\\270k\"\n}\nid: 2192185153\nhop_limit: 3\npriority: BACKGROUND\n",
  "fromId": "!09d446b4",
  "toId": "^all"
}
============================================================
{
  "from": 164906676,
  "to": 4294967295,
  "decoded": {
    "portnum": "TELEMETRY_APP",
    "payload": "b'\\r26\\x00\\x00\\x12\\x14\\x08e\\x157\\x89\\x95@\\x1d\\x00\\x00\\x00\\x00%\\x82\\x9a\\xe5<(\\xf4k'",
    "telemetry": {
      "time": 13874,
      "deviceMetrics": {
        "batteryLevel": 101,
        "voltage": 4.673,
        "channelUtilization": 0.0,
        "airUtilTx": 0.028027777,
        "uptimeSeconds": 13812
      },
      "raw": "time: 13874\ndevice_metrics {\n  battery_level: 101\n  voltage: 4.673\n  channel_utilization: 0\n  air_util_tx: 0.0280277766\n  uptime_seconds: 13812\n}\n"
    }
  },
  "id": 2102413122,
  "hopLimit": 3,
  "priority": "BACKGROUND",
  "raw": "from: 164906676\nto: 4294967295\ndecoded {\n  portnum: TELEMETRY_APP\n  payload: \"\\r26\\000\\000\\022\\024\\010e\\0257\\211\\225@\\035\\000\\000\\000\\000%\\202\\232\\345<(\\364k\"\n}\nid: 2102413122\nhop_limit: 3\npriority: BACKGROUND\n",
  "fromId": "!09d446b4",
  "toId": "^all"
}
============================================================
{
  "from": 164906676,
  "to": 4294967295,
  "decoded": {
    "portnum": "TELEMETRY_APP",
    "payload": "b'\\rn6\\x00\\x00\\x12\\x14\\x08e\\x15)\\\\\\x93@\\x1d\\x00\\x00\\x00\\x00%\\x82\\x9a\\xe5<(\\xb0l'",
    "telemetry": {
      "time": 13934,
      "deviceMetrics": {
        "batteryLevel": 101,
        "voltage": 4.605,
        "channelUtilization": 0.0,
        "airUtilTx": 0.028027777,
        "uptimeSeconds": 13872
      },
      "raw": "time: 13934\ndevice_metrics {\n  battery_level: 101\n  voltage: 4.605\n  channel_utilization: 0\n  air_util_tx: 0.0280277766\n  uptime_seconds: 13872\n}\n"
    }
  },
  "id": 3094136643,
  "hopLimit": 3,
  "priority": "BACKGROUND",
  "raw": "from: 164906676\nto: 4294967295\ndecoded {\n  portnum: TELEMETRY_APP\n  payload: \"\\rn6\\000\\000\\022\\024\\010e\\025)\\\\\\223@\\035\\000\\000\\000\\000%\\202\\232\\345<(\\260l\"\n}\nid: 3094136643\nhop_limit: 3\npriority: BACKGROUND\n",
  "fromId": "!09d446b4",
  "toId": "^all"
}
============================================================
{
  "from": 164906676,
  "to": 4294967295,
  "decoded": {
    "portnum": "TELEMETRY_APP",
    "payload": "b'\\r\\xaa6\\x00\\x00\\x12\\x14\\x08e\\x15\\xc5 \\x94@\\x1d\\x00\\x00\\x00\\x00%\\x82\\x9a\\xe5<(\\xecl'",
    "telemetry": {
      "time": 13994,
      "deviceMetrics": {
        "batteryLevel": 101,
        "voltage": 4.629,
        "channelUtilization": 0.0,
        "airUtilTx": 0.028027777,
        "uptimeSeconds": 13932
      },
      "raw": "time: 13994\ndevice_metrics {\n  battery_level: 101\n  voltage: 4.629\n  channel_utilization: 0\n  air_util_tx: 0.0280277766\n  uptime_seconds: 13932\n}\n"
    }
  },
  "id": 1790467908,
  "hopLimit": 3,
  "priority": "BACKGROUND",
  "raw": "from: 164906676\nto: 4294967295\ndecoded {\n  portnum: TELEMETRY_APP\n  payload: \"\\r\\2526\\000\\000\\022\\024\\010e\\025\\305 \\224@\\035\\000\\000\\000\\000%\\202\\232\\345<(\\354l\"\n}\nid: 1790467908\nhop_limit: 3\npriority: BACKGROUND\n",
  "fromId": "!09d446b4",
  "toId": "^all"
}
============================================================
{
  "from": 164906676,
  "to": 4294967295,
  "decoded": {
    "portnum": "TELEMETRY_APP",
    "payload": "b'\\r\\xe66\\x00\\x00\\x12\\x14\\x08e\\x15\\x8bl\\x93@\\x1d\\x00\\x00\\x00\\x00%\\x82\\x9a\\xe5<(\\xa8m'",
    "telemetry": {
      "time": 14054,
      "deviceMetrics": {
        "batteryLevel": 101,
        "voltage": 4.607,
        "channelUtilization": 0.0,
        "airUtilTx": 0.028027777,
        "uptimeSeconds": 13992
      },
      "raw": "time: 14054\ndevice_metrics {\n  battery_level: 101\n  voltage: 4.607\n  channel_utilization: 0\n  air_util_tx: 0.0280277766\n  uptime_seconds: 13992\n}\n"
    }
  },
  "id": 3875477317,
  "hopLimit": 3,
  "priority": "BACKGROUND",
  "raw": "from: 164906676\nto: 4294967295\ndecoded {\n  portnum: TELEMETRY_APP\n  payload: \"\\r\\3466\\000\\000\\022\\024\\010e\\025\\213l\\223@\\035\\000\\000\\000\\000%\\202\\232\\345<(\\250m\"\n}\nid: 3875477317\nhop_limit: 3\npriority: BACKGROUND\n",
  "fromId": "!09d446b4",
  "toId": "^all"
}
============================================================
{
  "from": 164906676,
  "to": 4294967295,
  "decoded": {
    "portnum": "TELEMETRY_APP",
    "payload": "b'\\r\"7\\x00\\x00\\x12\\x14\\x08e\\x15\\xdb\\xf9\\x92@\\x1d\\x00\\x00\\x00\\x00%\\x82\\x9a\\xe5<(\\xe4m'",
    "telemetry": {
      "time": 14114,
      "deviceMetrics": {
        "batteryLevel": 101,
        "voltage": 4.593,
        "channelUtilization": 0.0,
        "airUtilTx": 0.028027777,
        "uptimeSeconds": 14052
      },
      "raw": "time: 14114\ndevice_metrics {\n  battery_level: 101\n  voltage: 4.593\n  channel_utilization: 0\n  air_util_tx: 0.0280277766\n  uptime_seconds: 14052\n}\n"
    }
  },
  "id": 2396216134,
  "hopLimit": 3,
  "priority": "BACKGROUND",
  "raw": "from: 164906676\nto: 4294967295\ndecoded {\n  portnum: TELEMETRY_APP\n  payload: \"\\r\\\"7\\000\\000\\022\\024\\010e\\025\\333\\371\\222@\\035\\000\\000\\000\\000%\\202\\232\\345<(\\344m\"\n}\nid: 2396216134\nhop_limit: 3\npriority: BACKGROUND\n",
  "fromId": "!09d446b4",
  "toId": "^all"
}
============================================================
{
  "from": 164906676,
  "to": 4294967295,
  "decoded": {
    "portnum": "TELEMETRY_APP",
    "payload": "b'\\r^7\\x00\\x00\\x12\\x14\\x08e\\x15\\x0e-\\x92@\\x1d\\x00\\x00\\x00\\x00%\\x82\\x9a\\xe5<(\\xa0n'",
    "telemetry": {
      "time": 14174,
      "deviceMetrics": {
        "batteryLevel": 101,
        "voltage": 4.568,
        "channelUtilization": 0.0,
        "airUtilTx": 0.028027777,
        "uptimeSeconds": 14112
      },
      "raw": "time: 14174\ndevice_metrics {\n  battery_level: 101\n  voltage: 4.568\n  channel_utilization: 0\n  air_util_tx: 0.0280277766\n  uptime_seconds: 14112\n}\n"
    }
  },
  "id": 767342407,
  "hopLimit": 3,
  "priority": "BACKGROUND",
  "raw": "from: 164906676\nto: 4294967295\ndecoded {\n  portnum: TELEMETRY_APP\n  payload: \"\\r^7\\000\\000\\022\\024\\010e\\025\\016-\\222@\\035\\000\\000\\000\\000%\\202\\232\\345<(\\240n\"\n}\nid: 767342407\nhop_limit: 3\npriority: BACKGROUND\n",
  "fromId": "!09d446b4",
  "toId": "^all"
}
============================================================
{
  "from": 164906676,
  "to": 4294967295,
  "decoded": {
    "portnum": "TELEMETRY_APP",
    "payload": "b'\\r\\x9a7\\x00\\x00\\x12\\x14\\x08e\\x15B`\\x91@\\x1d\\x00\\x00\\x00\\x00%\\x82\\x9a\\xe5<(\\xdcn'",
    "telemetry": {
      "time": 14234,
      "deviceMetrics": {
        "batteryLevel": 101,
        "voltage": 4.543,
        "channelUtilization": 0.0,
        "airUtilTx": 0.028027777,
        "uptimeSeconds": 14172
      },
      "raw": "time: 14234\ndevice_metrics {\n  battery_level: 101\n  voltage: 4.543\n  channel_utilization: 0\n  air_util_tx: 0.0280277766\n  uptime_seconds: 14172\n}\n"
    }
  },
  "id": 2773528392,
  "hopLimit": 3,
  "priority": "BACKGROUND",
  "raw": "from: 164906676\nto: 4294967295\ndecoded {\n  portnum: TELEMETRY_APP\n  payload: \"\\r\\2327\\000\\000\\022\\024\\010e\\025B`\\221@\\035\\000\\000\\000\\000%\\202\\232\\345<(\\334n\"\n}\nid: 2773528392\nhop_limit: 3\npriority: BACKGROUND\n",
  "fromId": "!09d446b4",
  "toId": "^all"
}
============================================================
{
  "from": 164906676,
  "to": 4294967295,
  "decoded": {
    "portnum": "TELEMETRY_APP",
    "payload": "b'\\r\\xd67\\x00\\x00\\x12\\x14\\x08e\\x15\\xc1\\xca\\x91@\\x1d\\x00\\x00\\x00\\x00%\\x82\\x9a\\xe5<(\\x98o'",
    "telemetry": {
      "time": 14294,
      "deviceMetrics": {
        "batteryLevel": 101,
        "voltage": 4.556,
        "channelUtilization": 0.0,
        "airUtilTx": 0.028027777,
        "uptimeSeconds": 14232
      },
      "raw": "time: 14294\ndevice_metrics {\n  battery_level: 101\n  voltage: 4.556\n  channel_utilization: 0\n  air_util_tx: 0.0280277766\n  uptime_seconds: 14232\n}\n"
    }
  },
  "id": 814410569,
  "hopLimit": 3,
  "priority": "BACKGROUND",
  "raw": "from: 164906676\nto: 4294967295\ndecoded {\n  portnum: TELEMETRY_APP\n  payload: \"\\r\\3267\\000\\000\\022\\024\\010e\\025\\301\\312\\221@\\035\\000\\000\\000\\000%\\202\\232\\345<(\\230o\"\n}\nid: 814410569\nhop_limit: 3\npriority: BACKGROUND\n",
  "fromId": "!09d446b4",
  "toId": "^all"
}
============================================================
{
  "from": 164906676,
  "to": 4294967295,
  "decoded": {
    "portnum": "TELEMETRY_APP",
    "payload": "b'\\r\\x128\\x00\\x00\\x12\\x14\\x08e\\x15\\xbaI\\x94@\\x1d\\x00\\x00\\x00\\x00%\\x82\\x9a\\xe5<(\\xd4o'",
    "telemetry": {
      "time": 14354,
      "deviceMetrics": {
        "batteryLevel": 101,
        "voltage": 4.634,
        "channelUtilization": 0.0,
        "airUtilTx": 0.028027777,
        "uptimeSeconds": 14292
      },
      "raw": "time: 14354\ndevice_metrics {\n  battery_level: 101\n  voltage: 4.634\n  channel_utilization: 0\n  air_util_tx: 0.0280277766\n  uptime_seconds: 14292\n}\n"
    }
  },
  "id": 2199294794,
  "hopLimit": 3,
  "priority": "BACKGROUND",
  "raw": "from: 164906676\nto: 4294967295\ndecoded {\n  portnum: TELEMETRY_APP\n  payload: \"\\r\\0228\\000\\000\\022\\024\\010e\\025\\272I\\224@\\035\\000\\000\\000\\000%\\202\\232\\345<(\\324o\"\n}\nid: 2199294794\nhop_limit: 3\npriority: BACKGROUND\n",
  "fromId": "!09d446b4",
  "toId": "^all"
}
============================================================
{
  "from": 164906676,
  "to": 4294967295,
  "decoded": {
    "portnum": "TELEMETRY_APP",
    "payload": "b'\\rN8\\x00\\x00\\x12\\x14\\x08e\\x15\\x00\\x00\\x94@\\x1d\\x00\\x00\\x00\\x00%\\x82\\x9a\\xe5<(\\x90p'",
    "telemetry": {
      "time": 14414,
      "deviceMetrics": {
        "batteryLevel": 101,
        "voltage": 4.625,
        "channelUtilization": 0.0,
        "airUtilTx": 0.028027777,
        "uptimeSeconds": 14352
      },
      "raw": "time: 14414\ndevice_metrics {\n  battery_level: 101\n  voltage: 4.625\n  channel_utilization: 0\n  air_util_tx: 0.0280277766\n  uptime_seconds: 14352\n}\n"
    }
  },
  "id": 2607480651,
  "hopLimit": 3,
  "priority": "BACKGROUND",
  "raw": "from: 164906676\nto: 4294967295\ndecoded {\n  portnum: TELEMETRY_APP\n  payload: \"\\rN8\\000\\000\\022\\024\\010e\\025\\000\\000\\224@\\035\\000\\000\\000\\000%\\202\\232\\345<(\\220p\"\n}\nid: 2607480651\nhop_limit: 3\npriority: BACKGROUND\n",
  "fromId": "!09d446b4",
  "toId": "^all"
}
============================================================
{
  "from": 164906676,
  "to": 4294967295,
  "decoded": {
    "portnum": "TELEMETRY_APP",
    "payload": "b'\\r\\x8a8\\x00\\x00\\x12\\x14\\x08e\\x15\\x9c\\xc4\\x94@\\x1d\\x00\\x00\\x00\\x00%\\x82\\x9a\\xe5<(\\xccp'",
    "telemetry": {
      "time": 14474,
      "deviceMetrics": {
        "batteryLevel": 101,
        "voltage": 4.649,
        "channelUtilization": 0.0,
        "airUtilTx": 0.028027777,
        "uptimeSeconds": 14412
      },
      "raw": "time: 14474\ndevice_metrics {\n  battery_level: 101\n  voltage: 4.649\n  channel_utilization: 0\n  air_util_tx: 0.0280277766\n  uptime_seconds: 14412\n}\n"
    }
  },
  "id": 650970956,
  "hopLimit": 3,
  "priority": "BACKGROUND",
  "raw": "from: 164906676\nto: 4294967295\ndecoded {\n  portnum: TELEMETRY_APP\n  payload: \"\\r\\2128\\000\\000\\022\\024\\010e\\025\\234\\304\\224@\\035\\000\\000\\000\\000%\\202\\232\\345<(\\314p\"\n}\nid: 650970956\nhop_limit: 3\npriority: BACKGROUND\n",
  "fromId": "!09d446b4",
  "toId": "^all"
}
============================================================
{
  "from": 164906676,
  "to": 4294967295,
  "decoded": {
    "portnum": "TELEMETRY_APP",
    "payload": "b'\\r\\xc68\\x00\\x00\\x12\\x14\\x08e\\x15\\xe3\\xa5\\x93@\\x1d\\x00\\x00\\x00\\x00%\\x00\\x00\\x00\\x00(\\x88q'",
    "telemetry": {
      "time": 14534,
      "deviceMetrics": {
        "batteryLevel": 101,
        "voltage": 4.614,
        "channelUtilization": 0.0,
        "airUtilTx": 0.0,
        "uptimeSeconds": 14472
      },
      "raw": "time: 14534\ndevice_metrics {\n  battery_level: 101\n  voltage: 4.614\n  channel_utilization: 0\n  air_util_tx: 0\n  uptime_seconds: 14472\n}\n"
    }
  },
  "id": 1088174925,
  "hopLimit": 3,
  "priority": "BACKGROUND",
  "raw": "from: 164906676\nto: 4294967295\ndecoded {\n  portnum: TELEMETRY_APP\n  payload: \"\\r\\3068\\000\\000\\022\\024\\010e\\025\\343\\245\\223@\\035\\000\\000\\000\\000%\\000\\000\\000\\000(\\210q\"\n}\nid: 1088174925\nhop_limit: 3\npriority: BACKGROUND\n",
  "fromId": "!09d446b4",
  "toId": "^all"
}
============================================================
{
  "from": 164906676,
  "to": 4294967295,
  "decoded": {
    "portnum": "TELEMETRY_APP",
    "payload": "b'\\r\\xc68\\x00\\x002\\x1e\\x08\\x88q \\x01(\\x030\\x03@\\x01`\\x90\\x99\\x0fh\\xd0\\xcf\\x04x\\x9b\\xff\\xff\\xff\\xff\\xff\\xff\\xff\\xff\\x01'",
    "telemetry": {
      "time": 14534,
      "localStats": {
        "uptimeSeconds": 14472,
        "numPacketsTx": 1,
        "numPacketsRx": 3,
        "numPacketsRxBad": 3,
        "numTotalNodes": 1,
        "heapTotalBytes": 248976,
        "heapFreeBytes": 75728,
        "noiseFloor": -101
      },
      "raw": "time: 14534\nlocal_stats {\n  uptime_seconds: 14472\n  num_packets_tx: 1\n  num_packets_rx: 3\n  num_packets_rx_bad: 3\n  num_total_nodes: 1\n  heap_total_bytes: 248976\n  heap_free_bytes: 75728\n  noise_floor: -101\n}\n"
    }
  },
  "id": 2055719758,
  "hopLimit": 3,
  "priority": "BACKGROUND",
  "raw": "from: 164906676\nto: 4294967295\ndecoded {\n  portnum: TELEMETRY_APP\n  payload: \"\\r\\3068\\000\\0002\\036\\010\\210q \\001(\\0030\\003@\\001`\\220\\231\\017h\\320\\317\\004x\\233\\377\\377\\377\\377\\377\\377\\377\\377\\001\"\n}\nid: 2055719758\nhop_limit: 3\npriority: BACKGROUND\n",
  "fromId": "!09d446b4",
  "toId": "^all"
}
============================================================
{
  "from": 164906676,
  "to": 4294967295,
  "decoded": {
    "portnum": "TELEMETRY_APP",
    "payload": "b'\\r\\x039\\x00\\x00\\x12\\x14\\x08e\\x15m\\xe7\\x93@\\x1d\\x00\\x00\\x00\\x00%\\x00\\x00\\x00\\x00(\\xc4q'",
    "telemetry": {
      "time": 14595,
      "deviceMetrics": {
        "batteryLevel": 101,
        "voltage": 4.622,
        "channelUtilization": 0.0,
        "airUtilTx": 0.0,
        "uptimeSeconds": 14532
      },
      "raw": "time: 14595\ndevice_metrics {\n  battery_level: 101\n  voltage: 4.622\n  channel_utilization: 0\n  air_util_tx: 0\n  uptime_seconds: 14532\n}\n"
    }
  },
  "id": 3687300943,
  "hopLimit": 3,
  "priority": "BACKGROUND",
  "raw": "from: 164906676\nto: 4294967295\ndecoded {\n  portnum: TELEMETRY_APP\n  payload: \"\\r\\0039\\000\\000\\022\\024\\010e\\025m\\347\\223@\\035\\000\\000\\000\\000%\\000\\000\\000\\000(\\304q\"\n}\nid: 3687300943\nhop_limit: 3\npriority: BACKGROUND\n",
  "fromId": "!09d446b4",
  "toId": "^all"
}
============================================================
{
  "from": 164906676,
  "to": 4294967295,
  "decoded": {
    "portnum": "TELEMETRY_APP",
    "payload": "b'\\r?9\\x00\\x00\\x12\\x14\\x08e\\x15\\xf4\\xfd\\x94@\\x1d\\x00\\x00\\x00\\x00%\\x00\\x00\\x00\\x00(\\x80r'",
    "telemetry": {
      "time": 14655,
      "deviceMetrics": {
        "batteryLevel": 101,
        "voltage": 4.656,
        "channelUtilization": 0.0,
        "airUtilTx": 0.0,
        "uptimeSeconds": 14592
      },
      "raw": "time: 14655\ndevice_metrics {\n  battery_level: 101\n  voltage: 4.656\n  channel_utilization: 0\n  air_util_tx: 0\n  uptime_seconds: 14592\n}\n"
    }
  },
  "id": 780643152,
  "hopLimit": 3,
  "priority": "BACKGROUND",
  "raw": "from: 164906676\nto: 4294967295\ndecoded {\n  portnum: TELEMETRY_APP\n  payload: \"\\r?9\\000\\000\\022\\024\\010e\\025\\364\\375\\224@\\035\\000\\000\\000\\000%\\000\\000\\000\\000(\\200r\"\n}\nid: 780643152\nhop_limit: 3\npriority: BACKGROUND\n",
  "fromId": "!09d446b4",
  "toId": "^all"
}
============================================================
{
  "from": 164906676,
  "to": 4294967295,
  "decoded": {
    "portnum": "TELEMETRY_APP",
    "payload": "b'\\r{9\\x00\\x00\\x12\\x14\\x08e\\x15\\x8d\\x97\\x92@\\x1d\\x00\\x00\\x00\\x00%\\x00\\x00\\x00\\x00(\\xbdr'",
    "telemetry": {
      "time": 14715,
      "deviceMetrics": {
        "batteryLevel": 101,
        "voltage": 4.581,
        "channelUtilization": 0.0,
        "airUtilTx": 0.0,
        "uptimeSeconds": 14653
      },
      "raw": "time: 14715\ndevice_metrics {\n  battery_level: 101\n  voltage: 4.581\n  channel_utilization: 0\n  air_util_tx: 0\n  uptime_seconds: 14653\n}\n"
    }
  },
  "id": 1581032273,
  "hopLimit": 3,
  "priority": "BACKGROUND",
  "raw": "from: 164906676\nto: 4294967295\ndecoded {\n  portnum: TELEMETRY_APP\n  payload: \"\\r{9\\000\\000\\022\\024\\010e\\025\\215\\227\\222@\\035\\000\\000\\000\\000%\\000\\000\\000\\000(\\275r\"\n}\nid: 1581032273\nhop_limit: 3\npriority: BACKGROUND\n",
  "fromId": "!09d446b4",
  "toId": "^all"
}
============================================================
{
  "from": 164906676,
  "to": 4294967295,
  "decoded": {
    "portnum": "TELEMETRY_APP",
    "payload": "b'\\r\\xb79\\x00\\x00\\x12\\x14\\x08e\\x15d;\\x93@\\x1d\\x00\\x00\\x00\\x00%\\x00\\x00\\x00\\x00(\\xf9r'",
    "telemetry": {
      "time": 14775,
      "deviceMetrics": {
        "batteryLevel": 101,
        "voltage": 4.601,
        "channelUtilization": 0.0,
        "airUtilTx": 0.0,
        "uptimeSeconds": 14713
      },
      "raw": "time: 14775\ndevice_metrics {\n  battery_level: 101\n  voltage: 4.601\n  channel_utilization: 0\n  air_util_tx: 0\n  uptime_seconds: 14713\n}\n"
    }
  },
  "id": 625898322,
  "hopLimit": 3,
  "priority": "BACKGROUND",
  "raw": "from: 164906676\nto: 4294967295\ndecoded {\n  portnum: TELEMETRY_APP\n  payload: \"\\r\\2679\\000\\000\\022\\024\\010e\\025d;\\223@\\035\\000\\000\\000\\000%\\000\\000\\000\\000(\\371r\"\n}\nid: 625898322\nhop_limit: 3\npriority: BACKGROUND\n",
  "fromId": "!09d446b4",
  "toId": "^all"
}
============================================================
{
  "from": 164906676,
  "to": 4294967295,
  "decoded": {
    "portnum": "TELEMETRY_APP",
    "payload": "b'\\r\\xf39\\x00\\x00\\x12\\x14\\x08e\\x15\\xa8\\xc6\\x93@\\x1d\\x00\\x00\\x00\\x00%\\x00\\x00\\x00\\x00(\\xb5s'",
    "telemetry": {
      "time": 14835,
      "deviceMetrics": {
        "batteryLevel": 101,
        "voltage": 4.618,
        "channelUtilization": 0.0,
        "airUtilTx": 0.0,
        "uptimeSeconds": 14773
      },
      "raw": "time: 14835\ndevice_metrics {\n  battery_level: 101\n  voltage: 4.618\n  channel_utilization: 0\n  air_util_tx: 0\n  uptime_seconds: 14773\n}\n"
    }
  },
  "id": 2754515795,
  "hopLimit": 3,
  "priority": "BACKGROUND",
  "raw": "from: 164906676\nto: 4294967295\ndecoded {\n  portnum: TELEMETRY_APP\n  payload: \"\\r\\3639\\000\\000\\022\\024\\010e\\025\\250\\306\\223@\\035\\000\\000\\000\\000%\\000\\000\\000\\000(\\265s\"\n}\nid: 2754515795\nhop_limit: 3\npriority: BACKGROUND\n",
  "fromId": "!09d446b4",
  "toId": "^all"
}
============================================================
{
  "from": 164906676,
  "to": 4294967295,
  "decoded": {
    "portnum": "TELEMETRY_APP",
    "payload": "b'\\r/:\\x00\\x00\\x12\\x14\\x08e\\x15\\xdb\\xf9\\x92@\\x1d\\x00\\x00\\x00\\x00%\\x00\\x00\\x00\\x00(\\xf1s'",
    "telemetry": {
      "time": 14895,
      "deviceMetrics": {
        "batteryLevel": 101,
        "voltage": 4.593,
        "channelUtilization": 0.0,
        "airUtilTx": 0.0,
        "uptimeSeconds": 14833
      },
      "raw": "time: 14895\ndevice_metrics {\n  battery_level: 101\n  voltage: 4.593\n  channel_utilization: 0\n  air_util_tx: 0\n  uptime_seconds: 14833\n}\n"
    }
  },
  "id": 2354588500,
  "hopLimit": 3,
  "priority": "BACKGROUND",
  "raw": "from: 164906676\nto: 4294967295\ndecoded {\n  portnum: TELEMETRY_APP\n  payload: \"\\r/:\\000\\000\\022\\024\\010e\\025\\333\\371\\222@\\035\\000\\000\\000\\000%\\000\\000\\000\\000(\\361s\"\n}\nid: 2354588500\nhop_limit: 3\npriority: BACKGROUND\n",
  "fromId": "!09d446b4",
  "toId": "^all"
}
============================================================
{
  "from": 164906676,
  "to": 4294967295,
  "decoded": {
    "portnum": "TELEMETRY_APP",
    "payload": "b'\\rk:\\x00\\x00\\x12\\x14\\x08e\\x15\\x85\\xeb\\x91@\\x1d\\x00\\x00\\x00\\x00%\\x00\\x00\\x00\\x00(\\xadt'",
    "telemetry": {
      "time": 14955,
      "deviceMetrics": {
        "batteryLevel": 101,
        "voltage": 4.56,
        "channelUtilization": 0.0,
        "airUtilTx": 0.0,
        "uptimeSeconds": 14893
      },
      "raw": "time: 14955\ndevice_metrics {\n  battery_level: 101\n  voltage: 4.56\n  channel_utilization: 0\n  air_util_tx: 0\n  uptime_seconds: 14893\n}\n"
    }
  },
  "id": 3175210837,
  "hopLimit": 3,
  "priority": "BACKGROUND",
  "raw": "from: 164906676\nto: 4294967295\ndecoded {\n  portnum: TELEMETRY_APP\n  payload: \"\\rk:\\000\\000\\022\\024\\010e\\025\\205\\353\\221@\\035\\000\\000\\000\\000%\\000\\000\\000\\000(\\255t\"\n}\nid: 3175210837\nhop_limit: 3\npriority: BACKGROUND\n",
  "fromId": "!09d446b4",
  "toId": "^all"
}
============================================================
{
  "from": 164906676,
  "to": 4294967295,
  "decoded": {
    "portnum": "TELEMETRY_APP",
    "payload": "b'\\r\\xa7:\\x00\\x00\\x12\\x14\\x08e\\x15\\xc9v\\x92@\\x1d\\x00\\x00\\x00\\x00%\\x00\\x00\\x00\\x00(\\xe9t'",
    "telemetry": {
      "time": 15015,
      "deviceMetrics": {
        "batteryLevel": 101,
        "voltage": 4.577,
        "channelUtilization": 0.0,
        "airUtilTx": 0.0,
        "uptimeSeconds": 14953
      },
      "raw": "time: 15015\ndevice_metrics {\n  battery_level: 101\n  voltage: 4.577\n  channel_utilization: 0\n  air_util_tx: 0\n  uptime_seconds: 14953\n}\n"
    }
  },
  "id": 2586666838,
  "hopLimit": 3,
  "priority": "BACKGROUND",
  "raw": "from: 164906676\nto: 4294967295\ndecoded {\n  portnum: TELEMETRY_APP\n  payload: \"\\r\\247:\\000\\000\\022\\024\\010e\\025\\311v\\222@\\035\\000\\000\\000\\000%\\000\\000\\000\\000(\\351t\"\n}\nid: 2586666838\nhop_limit: 3\npriority: BACKGROUND\n",
  "fromId": "!09d446b4",
  "toId": "^all"
}
============================================================
{
  "from": 164906676,
  "to": 4294967295,
  "decoded": {
    "portnum": "TELEMETRY_APP",
    "payload": "b'\\r\\xe3:\\x00\\x00\\x12\\x14\\x08e\\x15V\\x0e\\x95@\\x1d\\x00\\x00\\x00\\x00%\\x00\\x00\\x00\\x00(\\xa5u'",
    "telemetry": {
      "time": 15075,
      "deviceMetrics": {
        "batteryLevel": 101,
        "voltage": 4.658,
        "channelUtilization": 0.0,
        "airUtilTx": 0.0,
        "uptimeSeconds": 15013
      },
      "raw": "time: 15075\ndevice_metrics {\n  battery_level: 101\n  voltage: 4.658\n  channel_utilization: 0\n  air_util_tx: 0\n  uptime_seconds: 15013\n}\n"
    }
  },
  "id": 3519843159,
  "hopLimit": 3,
  "priority": "BACKGROUND",
  "raw": "from: 164906676\nto: 4294967295\ndecoded {\n  portnum: TELEMETRY_APP\n  payload: \"\\r\\343:\\000\\000\\022\\024\\010e\\025V\\016\\225@\\035\\000\\000\\000\\000%\\000\\000\\000\\000(\\245u\"\n}\nid: 3519843159\nhop_limit: 3\npriority: BACKGROUND\n",
  "fromId": "!09d446b4",
  "toId": "^all"
}
============================================================
{
  "from": 164906676,
  "to": 4294967295,
  "decoded": {
    "portnum": "TELEMETRY_APP",
    "payload": "b\"\\r\\x1f;\\x00\\x00\\x12\\x14\\x08e\\x15'1\\x94@\\x1d\\x00\\x00\\x00\\x00%\\x00\\x00\\x00\\x00(\\xe1u\"",
    "telemetry": {
      "time": 15135,
      "deviceMetrics": {
        "batteryLevel": 101,
        "voltage": 4.631,
        "channelUtilization": 0.0,
        "airUtilTx": 0.0,
        "uptimeSeconds": 15073
      },
      "raw": "time: 15135\ndevice_metrics {\n  battery_level: 101\n  voltage: 4.631\n  channel_utilization: 0\n  air_util_tx: 0\n  uptime_seconds: 15073\n}\n"
    }
  },
  "id": 838776664,
  "hopLimit": 3,
  "priority": "BACKGROUND",
  "raw": "from: 164906676\nto: 4294967295\ndecoded {\n  portnum: TELEMETRY_APP\n  payload: \"\\r\\037;\\000\\000\\022\\024\\010e\\025\\'1\\224@\\035\\000\\000\\000\\000%\\000\\000\\000\\000(\\341u\"\n}\nid: 838776664\nhop_limit: 3\npriority: BACKGROUND\n",
  "fromId": "!09d446b4",
  "toId": "^all"
}
============================================================
{
  "from": 164906676,
  "to": 4294967295,
  "decoded": {
    "portnum": "TELEMETRY_APP",
    "payload": "b'\\r[;\\x00\\x00\\x12\\x14\\x08e\\x151\\x08\\x94@\\x1d\\x00\\x00\\x00\\x00%\\x00\\x00\\x00\\x00(\\x9dv'",
    "telemetry": {
      "time": 15195,
      "deviceMetrics": {
        "batteryLevel": 101,
        "voltage": 4.626,
        "channelUtilization": 0.0,
        "airUtilTx": 0.0,
        "uptimeSeconds": 15133
      },
      "raw": "time: 15195\ndevice_metrics {\n  battery_level: 101\n  voltage: 4.626\n  channel_utilization: 0\n  air_util_tx: 0\n  uptime_seconds: 15133\n}\n"
    }
  },
  "id": 1128875865,
  "hopLimit": 3,
  "priority": "BACKGROUND",
  "raw": "from: 164906676\nto: 4294967295\ndecoded {\n  portnum: TELEMETRY_APP\n  payload: \"\\r[;\\000\\000\\022\\024\\010e\\0251\\010\\224@\\035\\000\\000\\000\\000%\\000\\000\\000\\000(\\235v\"\n}\nid: 1128875865\nhop_limit: 3\npriority: BACKGROUND\n",
  "fromId": "!09d446b4",
  "toId": "^all"
}
============================================================
{
  "from": 164906676,
  "to": 4294967295,
  "decoded": {
    "portnum": "TELEMETRY_APP",
    "payload": "b'\\r\\x97;\\x00\\x00\\x12\\x14\\x08e\\x15\\x0e-\\x92@\\x1d\\x00\\x00\\x00\\x00%\\x00\\x00\\x00\\x00(\\xd9v'",
    "telemetry": {
      "time": 15255,
      "deviceMetrics": {
        "batteryLevel": 101,
        "voltage": 4.568,
        "channelUtilization": 0.0,
        "airUtilTx": 0.0,
        "uptimeSeconds": 15193
      },
      "raw": "time: 15255\ndevice_metrics {\n  battery_level: 101\n  voltage: 4.568\n  channel_utilization: 0\n  air_util_tx: 0\n  uptime_seconds: 15193\n}\n"
    }
  },
  "id": 2759527258,
  "hopLimit": 3,
  "priority": "BACKGROUND",
  "raw": "from: 164906676\nto: 4294967295\ndecoded {\n  portnum: TELEMETRY_APP\n  payload: \"\\r\\227;\\000\\000\\022\\024\\010e\\025\\016-\\222@\\035\\000\\000\\000\\000%\\000\\000\\000\\000(\\331v\"\n}\nid: 2759527258\nhop_limit: 3\npriority: BACKGROUND\n",
  "fromId": "!09d446b4",
  "toId": "^all"
}
============================================================
{
  "from": 164906676,
  "to": 4294967295,
  "decoded": {
    "portnum": "TELEMETRY_APP",
    "payload": "b'\\r\\xd3;\\x00\\x00\\x12\\x14\\x08e\\x155^\\x92@\\x1d\\x00\\x00\\x00\\x00%\\x00\\x00\\x00\\x00(\\x95w'",
    "telemetry": {
      "time": 15315,
      "deviceMetrics": {
        "batteryLevel": 101,
        "voltage": 4.574,
        "channelUtilization": 0.0,
        "airUtilTx": 0.0,
        "uptimeSeconds": 15253
      },
      "raw": "time: 15315\ndevice_metrics {\n  battery_level: 101\n  voltage: 4.574\n  channel_utilization: 0\n  air_util_tx: 0\n  uptime_seconds: 15253\n}\n"
    }
  },
  "id": 1439522651,
  "hopLimit": 3,
  "priority": "BACKGROUND",
  "raw": "from: 164906676\nto: 4294967295\ndecoded {\n  portnum: TELEMETRY_APP\n  payload: \"\\r\\323;\\000\\000\\022\\024\\010e\\0255^\\222@\\035\\000\\000\\000\\000%\\000\\000\\000\\000(\\225w\"\n}\nid: 1439522651\nhop_limit: 3\npriority: BACKGROUND\n",
  "fromId": "!09d446b4",
  "toId": "^all"
}
============================================================
{
  "from": 164906676,
  "to": 4294967295,
  "decoded": {
    "portnum": "TELEMETRY_APP",
    "payload": "b'\\r\\x0f<\\x00\\x00\\x12\\x14\\x08e\\x15-\\xb2\\x91@\\x1d\\x00\\x00\\x00\\x00%\\x00\\x00\\x00\\x00(\\xd1w'",
    "telemetry": {
      "time": 15375,
      "deviceMetrics": {
        "batteryLevel": 101,
        "voltage": 4.553,
        "channelUtilization": 0.0,
        "airUtilTx": 0.0,
        "uptimeSeconds": 15313
      },
      "raw": "time: 15375\ndevice_metrics {\n  battery_level: 101\n  voltage: 4.553\n  channel_utilization: 0\n  air_util_tx: 0\n  uptime_seconds: 15313\n}\n"
    }
  },
  "id": 851669852,
  "hopLimit": 3,
  "priority": "BACKGROUND",
  "raw": "from: 164906676\nto: 4294967295\ndecoded {\n  portnum: TELEMETRY_APP\n  payload: \"\\r\\017<\\000\\000\\022\\024\\010e\\025-\\262\\221@\\035\\000\\000\\000\\000%\\000\\000\\000\\000(\\321w\"\n}\nid: 851669852\nhop_limit: 3\npriority: BACKGROUND\n",
  "fromId": "!09d446b4",
  "toId": "^all"
}
============================================================
{
  "from": 164906676,
  "to": 4294967295,
  "decoded": {
    "portnum": "TELEMETRY_APP",
    "payload": "b'\\rK<\\x00\\x00\\x12\\x14\\x08e\\x15F\\xb6\\x93@\\x1d\\x00\\x00\\x00\\x00%\\x00\\x00\\x00\\x00(\\x8dx'",
    "telemetry": {
      "time": 15435,
      "deviceMetrics": {
        "batteryLevel": 101,
        "voltage": 4.616,
        "channelUtilization": 0.0,
        "airUtilTx": 0.0,
        "uptimeSeconds": 15373
      },
      "raw": "time: 15435\ndevice_metrics {\n  battery_level: 101\n  voltage: 4.616\n  channel_utilization: 0\n  air_util_tx: 0\n  uptime_seconds: 15373\n}\n"
    }
  },
  "id": 2850803549,
  "hopLimit": 3,
  "priority": "BACKGROUND",
  "raw": "from: 164906676\nto: 4294967295\ndecoded {\n  portnum: TELEMETRY_APP\n  payload: \"\\rK<\\000\\000\\022\\024\\010e\\025F\\266\\223@\\035\\000\\000\\000\\000%\\000\\000\\000\\000(\\215x\"\n}\nid: 2850803549\nhop_limit: 3\npriority: BACKGROUND\n",
  "fromId": "!09d446b4",
  "toId": "^all"
}
============================================================
{
  "from": 164906676,
  "to": 4294967295,
  "decoded": {
    "portnum": "TELEMETRY_APP",
    "payload": "b'\\rK<\\x00\\x002\\x1e\\x08\\x8dx \\x01(\\x030\\x03@\\x01`\\x90\\x99\\x0fh\\xd0\\xcf\\x04x\\x9b\\xff\\xff\\xff\\xff\\xff\\xff\\xff\\xff\\x01'",
    "telemetry": {
      "time": 15435,
      "localStats": {
        "uptimeSeconds": 15373,
        "numPacketsTx": 1,
        "numPacketsRx": 3,
        "numPacketsRxBad": 3,
        "numTotalNodes": 1,
        "heapTotalBytes": 248976,
        "heapFreeBytes": 75728,
        "noiseFloor": -101
      },
      "raw": "time: 15435\nlocal_stats {\n  uptime_seconds: 15373\n  num_packets_tx: 1\n  num_packets_rx: 3\n  num_packets_rx_bad: 3\n  num_total_nodes: 1\n  heap_total_bytes: 248976\n  heap_free_bytes: 75728\n  noise_floor: -101\n}\n"
    }
  },
  "id": 1755793246,
  "hopLimit": 3,
  "priority": "BACKGROUND",
  "raw": "from: 164906676\nto: 4294967295\ndecoded {\n  portnum: TELEMETRY_APP\n  payload: \"\\rK<\\000\\0002\\036\\010\\215x \\001(\\0030\\003@\\001`\\220\\231\\017h\\320\\317\\004x\\233\\377\\377\\377\\377\\377\\377\\377\\377\\001\"\n}\nid: 1755793246\nhop_limit: 3\npriority: BACKGROUND\n",
  "fromId": "!09d446b4",
  "toId": "^all"
}
============================================================
{
  "from": 164906676,
  "to": 4294967295,
  "decoded": {
    "portnum": "TELEMETRY_APP",
    "payload": "b'\\r\\x87<\\x00\\x00\\x12\\x14\\x08e\\x15^\\xba\\x91@\\x1d\\x00\\x00\\x00\\x00%\\x00\\x00\\x00\\x00(\\xc9x'",
    "telemetry": {
      "time": 15495,
      "deviceMetrics": {
        "batteryLevel": 101,
        "voltage": 4.554,
        "channelUtilization": 0.0,
        "airUtilTx": 0.0,
        "uptimeSeconds": 15433
      },
      "raw": "time: 15495\ndevice_metrics {\n  battery_level: 101\n  voltage: 4.554\n  channel_utilization: 0\n  air_util_tx: 0\n  uptime_seconds: 15433\n}\n"
    }
  },
  "id": 656856927,
  "hopLimit": 3,
  "priority": "BACKGROUND",
  "raw": "from: 164906676\nto: 4294967295\ndecoded {\n  portnum: TELEMETRY_APP\n  payload: \"\\r\\207<\\000\\000\\022\\024\\010e\\025^\\272\\221@\\035\\000\\000\\000\\000%\\000\\000\\000\\000(\\311x\"\n}\nid: 656856927\nhop_limit: 3\npriority: BACKGROUND\n",
  "fromId": "!09d446b4",
  "toId": "^all"
}
============================================================
{
  "from": 164906676,
  "to": 4294967295,
  "decoded": {
    "portnum": "TELEMETRY_APP",
    "payload": "b'\\r\\xc3<\\x00\\x00\\x12\\x14\\x08e\\x15\\x04V\\x92@\\x1d\\x00\\x00\\x00\\x00%\\x00\\x00\\x00\\x00(\\x85y'",
    "telemetry": {
      "time": 15555,
      "deviceMetrics": {
        "batteryLevel": 101,
        "voltage": 4.573,
        "channelUtilization": 0.0,
        "airUtilTx": 0.0,
        "uptimeSeconds": 15493
      },
      "raw": "time: 15555\ndevice_metrics {\n  battery_level: 101\n  voltage: 4.573\n  channel_utilization: 0\n  air_util_tx: 0\n  uptime_seconds: 15493\n}\n"
    }
  },
  "id": 2229177184,
  "hopLimit": 3,
  "priority": "BACKGROUND",
  "raw": "from: 164906676\nto: 4294967295\ndecoded {\n  portnum: TELEMETRY_APP\n  payload: \"\\r\\303<\\000\\000\\022\\024\\010e\\025\\004V\\222@\\035\\000\\000\\000\\000%\\000\\000\\000\\000(\\205y\"\n}\nid: 2229177184\nhop_limit: 3\npriority: BACKGROUND\n",
  "fromId": "!09d446b4",
  "toId": "^all"
}
============================================================
{
  "from": 164906676,
  "to": 4294967295,
  "decoded": {
    "portnum": "TELEMETRY_APP",
    "payload": "b'\\r\\xff<\\x00\\x00\\x12\\x14\\x08e\\x1533\\x93@\\x1d\\x00\\x00\\x00\\x00%\\x00\\x00\\x00\\x00(\\xc1y'",
    "telemetry": {
      "time": 15615,
      "deviceMetrics": {
        "batteryLevel": 101,
        "voltage": 4.6,
        "channelUtilization": 0.0,
        "airUtilTx": 0.0,
        "uptimeSeconds": 15553
      },
      "raw": "time: 15615\ndevice_metrics {\n  battery_level: 101\n  voltage: 4.6\n  channel_utilization: 0\n  air_util_tx: 0\n  uptime_seconds: 15553\n}\n"
    }
  },
  "id": 3504349025,
  "hopLimit": 3,
  "priority": "BACKGROUND",
  "raw": "from: 164906676\nto: 4294967295\ndecoded {\n  portnum: TELEMETRY_APP\n  payload: \"\\r\\377<\\000\\000\\022\\024\\010e\\02533\\223@\\035\\000\\000\\000\\000%\\000\\000\\000\\000(\\301y\"\n}\nid: 3504349025\nhop_limit: 3\npriority: BACKGROUND\n",
  "fromId": "!09d446b4",
  "toId": "^all"
}
============================================================
{
  "from": 164906676,
  "to": 4294967295,
  "decoded": {
    "portnum": "TELEMETRY_APP",
    "payload": "b'\\r;=\\x00\\x00\\x12\\x14\\x08e\\x15\\xf8S\\x93@\\x1d\\x00\\x00\\x00\\x00%\\x00\\x00\\x00\\x00(\\xfdy'",
    "telemetry": {
      "time": 15675,
      "deviceMetrics": {
        "batteryLevel": 101,
        "voltage": 4.604,
        "channelUtilization": 0.0,
        "airUtilTx": 0.0,
        "uptimeSeconds": 15613
      },
      "raw": "time: 15675\ndevice_metrics {\n  battery_level: 101\n  voltage: 4.604\n  channel_utilization: 0\n  air_util_tx: 0\n  uptime_seconds: 15613\n}\n"
    }
  },
  "id": 1293953890,
  "hopLimit": 3,
  "priority": "BACKGROUND",
  "raw": "from: 164906676\nto: 4294967295\ndecoded {\n  portnum: TELEMETRY_APP\n  payload: \"\\r;=\\000\\000\\022\\024\\010e\\025\\370S\\223@\\035\\000\\000\\000\\000%\\000\\000\\000\\000(\\375y\"\n}\nid: 1293953890\nhop_limit: 3\npriority: BACKGROUND\n",
  "fromId": "!09d446b4",
  "toId": "^all"
}
============================================================
{
  "from": 164906676,
  "to": 4294967295,
  "decoded": {
    "portnum": "TELEMETRY_APP",
    "payload": "b'\\rw=\\x00\\x00\\x12\\x14\\x08e\\x15D\\x8b\\x94@\\x1d\\x00\\x00\\x00\\x00%\\x00\\x00\\x00\\x00(\\xb9z'",
    "telemetry": {
      "time": 15735,
      "deviceMetrics": {
        "batteryLevel": 101,
        "voltage": 4.642,
        "channelUtilization": 0.0,
        "airUtilTx": 0.0,
        "uptimeSeconds": 15673
      },
      "raw": "time: 15735\ndevice_metrics {\n  battery_level: 101\n  voltage: 4.642\n  channel_utilization: 0\n  air_util_tx: 0\n  uptime_seconds: 15673\n}\n"
    }
  },
  "id": 3011358563,
  "hopLimit": 3,
  "priority": "BACKGROUND",
  "raw": "from: 164906676\nto: 4294967295\ndecoded {\n  portnum: TELEMETRY_APP\n  payload: \"\\rw=\\000\\000\\022\\024\\010e\\025D\\213\\224@\\035\\000\\000\\000\\000%\\000\\000\\000\\000(\\271z\"\n}\nid: 3011358563\nhop_limit: 3\npriority: BACKGROUND\n",
  "fromId": "!09d446b4",
  "toId": "^all"
}
============================================================
{
  "from": 164906676,
  "to": 4294967295,
  "decoded": {
    "portnum": "TELEMETRY_APP",
    "payload": "b'\\r\\xb3=\\x00\\x00\\x12\\x14\\x08e\\x15\\x9e\\xef\\x93@\\x1d\\x00\\x00\\x00\\x00%\\x00\\x00\\x00\\x00(\\xf5z'",
    "telemetry": {
      "time": 15795,
      "deviceMetrics": {
        "batteryLevel": 101,
        "voltage": 4.623,
        "channelUtilization": 0.0,
        "airUtilTx": 0.0,
        "uptimeSeconds": 15733
      },
      "raw": "time: 15795\ndevice_metrics {\n  battery_level: 101\n  voltage: 4.623\n  channel_utilization: 0\n  air_util_tx: 0\n  uptime_seconds: 15733\n}\n"
    }
  },
  "id": 695894884,
  "hopLimit": 3,
  "priority": "BACKGROUND",
  "raw": "from: 164906676\nto: 4294967295\ndecoded {\n  portnum: TELEMETRY_APP\n  payload: \"\\r\\263=\\000\\000\\022\\024\\010e\\025\\236\\357\\223@\\035\\000\\000\\000\\000%\\000\\000\\000\\000(\\365z\"\n}\nid: 695894884\nhop_limit: 3\npriority: BACKGROUND\n",
  "fromId": "!09d446b4",
  "toId": "^all"
}
============================================================
{
  "from": 164906676,
  "to": 4294967295,
  "decoded": {
    "portnum": "TELEMETRY_APP",
    "payload": "b'\\r\\xef=\\x00\\x00\\x12\\x14\\x08e\\x15\\x04V\\x92@\\x1d\\x00\\x00\\x00\\x00%\\x00\\x00\\x00\\x00(\\xb1{'",
    "telemetry": {
      "time": 15855,
      "deviceMetrics": {
        "batteryLevel": 101,
        "voltage": 4.573,
        "channelUtilization": 0.0,
        "airUtilTx": 0.0,
        "uptimeSeconds": 15793
      },
      "raw": "time: 15855\ndevice_metrics {\n  battery_level: 101\n  voltage: 4.573\n  channel_utilization: 0\n  air_util_tx: 0\n  uptime_seconds: 15793\n}\n"
    }
  },
  "id": 4195139429,
  "hopLimit": 3,
  "priority": "BACKGROUND",
  "raw": "from: 164906676\nto: 4294967295\ndecoded {\n  portnum: TELEMETRY_APP\n  payload: \"\\r\\357=\\000\\000\\022\\024\\010e\\025\\004V\\222@\\035\\000\\000\\000\\000%\\000\\000\\000\\000(\\261{\"\n}\nid: 4195139429\nhop_limit: 3\npriority: BACKGROUND\n",
  "fromId": "!09d446b4",
  "toId": "^all"
}
============================================================
{
  "from": 164906676,
  "to": 4294967295,
  "decoded": {
    "portnum": "TELEMETRY_APP",
    "payload": "b'\\r,>\\x00\\x00\\x12\\x14\\x08e\\x15-\\xb2\\x91@\\x1d\\x00\\x00\\x00\\x00%\\x00\\x00\\x00\\x00(\\xed{'",
    "telemetry": {
      "time": 15916,
      "deviceMetrics": {
        "batteryLevel": 101,
        "voltage": 4.553,
        "channelUtilization": 0.0,
        "airUtilTx": 0.0,
        "uptimeSeconds": 15853
      },
      "raw": "time: 15916\ndevice_metrics {\n  battery_level: 101\n  voltage: 4.553\n  channel_utilization: 0\n  air_util_tx: 0\n  uptime_seconds: 15853\n}\n"
    }
  },
  "id": 958047078,
  "hopLimit": 3,
  "priority": "BACKGROUND",
  "raw": "from: 164906676\nto: 4294967295\ndecoded {\n  portnum: TELEMETRY_APP\n  payload: \"\\r,>\\000\\000\\022\\024\\010e\\025-\\262\\221@\\035\\000\\000\\000\\000%\\000\\000\\000\\000(\\355{\"\n}\nid: 958047078\nhop_limit: 3\npriority: BACKGROUND\n",
  "fromId": "!09d446b4",
  "toId": "^all"
}
============================================================
{
  "from": 164906676,
  "to": 4294967295,
  "decoded": {
    "portnum": "TELEMETRY_APP",
    "payload": "b'\\rh>\\x00\\x00\\x12\\x14\\x08e\\x15\\xa8\\xc6\\x93@\\x1d\\x00\\x00\\x00\\x00%\\x00\\x00\\x00\\x00(\\xa9|'",
    "telemetry": {
      "time": 15976,
      "deviceMetrics": {
        "batteryLevel": 101,
        "voltage": 4.618,
        "channelUtilization": 0.0,
        "airUtilTx": 0.0,
        "uptimeSeconds": 15913
      },
      "raw": "time: 15976\ndevice_metrics {\n  battery_level: 101\n  voltage: 4.618\n  channel_utilization: 0\n  air_util_tx: 0\n  uptime_seconds: 15913\n}\n"
    }
  },
  "id": 255718247,
  "hopLimit": 3,
  "priority": "BACKGROUND",
  "raw": "from: 164906676\nto: 4294967295\ndecoded {\n  portnum: TELEMETRY_APP\n  payload: \"\\rh>\\000\\000\\022\\024\\010e\\025\\250\\306\\223@\\035\\000\\000\\000\\000%\\000\\000\\000\\000(\\251|\"\n}\nid: 255718247\nhop_limit: 3\npriority: BACKGROUND\n",
  "fromId": "!09d446b4",
  "toId": "^all"
}
============================================================
{
  "from": 164906676,
  "to": 4294967295,
  "decoded": {
    "portnum": "TELEMETRY_APP",
    "payload": "b'\\r\\xa4>\\x00\\x00\\x12\\x14\\x08e\\x15\\x7fj\\x94@\\x1d\\x00\\x00\\x00\\x00%\\x00\\x00\\x00\\x00(\\xe6|'",
    "telemetry": {
      "time": 16036,
      "deviceMetrics": {
        "batteryLevel": 101,
        "voltage": 4.638,
        "channelUtilization": 0.0,
        "airUtilTx": 0.0,
        "uptimeSeconds": 15974
      },
      "raw": "time: 16036\ndevice_metrics {\n  battery_level: 101\n  voltage: 4.638\n  channel_utilization: 0\n  air_util_tx: 0\n  uptime_seconds: 15974\n}\n"
    }
  },
  "id": 2240945000,
  "hopLimit": 3,
  "priority": "BACKGROUND",
  "raw": "from: 164906676\nto: 4294967295\ndecoded {\n  portnum: TELEMETRY_APP\n  payload: \"\\r\\244>\\000\\000\\022\\024\\010e\\025\\177j\\224@\\035\\000\\000\\000\\000%\\000\\000\\000\\000(\\346|\"\n}\nid: 2240945000\nhop_limit: 3\npriority: BACKGROUND\n",
  "fromId": "!09d446b4",
  "toId": "^all"
}
============================================================
{
  "from": 164906676,
  "to": 4294967295,
  "decoded": {
    "portnum": "TELEMETRY_APP",
    "payload": "b'\\r\\xe0>\\x00\\x00\\x12\\x14\\x08e\\x15\\xb4\\xc8\\x92@\\x1d\\x00\\x00\\x00\\x00%\\x00\\x00\\x00\\x00(\\xa2}'",
    "telemetry": {
      "time": 16096,
      "deviceMetrics": {
        "batteryLevel": 101,
        "voltage": 4.587,
        "channelUtilization": 0.0,
        "airUtilTx": 0.0,
        "uptimeSeconds": 16034
      },
      "raw": "time: 16096\ndevice_metrics {\n  battery_level: 101\n  voltage: 4.587\n  channel_utilization: 0\n  air_util_tx: 0\n  uptime_seconds: 16034\n}\n"
    }
  },
  "id": 3967211369,
  "hopLimit": 3,
  "priority": "BACKGROUND",
  "raw": "from: 164906676\nto: 4294967295\ndecoded {\n  portnum: TELEMETRY_APP\n  payload: \"\\r\\340>\\000\\000\\022\\024\\010e\\025\\264\\310\\222@\\035\\000\\000\\000\\000%\\000\\000\\000\\000(\\242}\"\n}\nid: 3967211369\nhop_limit: 3\npriority: BACKGROUND\n",
  "fromId": "!09d446b4",
  "toId": "^all"
}
============================================================
{
  "from": 164906676,
  "to": 4294967295,
  "decoded": {
    "portnum": "TELEMETRY_APP",
    "payload": "b'\\r\\x1c?\\x00\\x00\\x12\\x14\\x08e\\x15\\xfc\\xa9\\x91@\\x1d\\x00\\x00\\x00\\x00%\\x00\\x00\\x00\\x00(\\xde}'",
    "telemetry": {
      "time": 16156,
      "deviceMetrics": {
        "batteryLevel": 101,
        "voltage": 4.552,
        "channelUtilization": 0.0,
        "airUtilTx": 0.0,
        "uptimeSeconds": 16094
      },
      "raw": "time: 16156\ndevice_metrics {\n  battery_level: 101\n  voltage: 4.552\n  channel_utilization: 0\n  air_util_tx: 0\n  uptime_seconds: 16094\n}\n"
    }
  },
  "id": 2321173354,
  "hopLimit": 3,
  "priority": "BACKGROUND",
  "raw": "from: 164906676\nto: 4294967295\ndecoded {\n  portnum: TELEMETRY_APP\n  payload: \"\\r\\034?\\000\\000\\022\\024\\010e\\025\\374\\251\\221@\\035\\000\\000\\000\\000%\\000\\000\\000\\000(\\336}\"\n}\nid: 2321173354\nhop_limit: 3\npriority: BACKGROUND\n",
  "fromId": "!09d446b4",
  "toId": "^all"
}
============================================================
{
  "from": 164906676,
  "to": 4294967295,
  "decoded": {
    "portnum": "TELEMETRY_APP",
    "payload": "b'\\rX?\\x00\\x00\\x12\\x14\\x08e\\x15\\xa6\\x9b\\x94@\\x1d\\x00\\x00\\x00\\x00%\\x00\\x00\\x00\\x00(\\x9a~'",
    "telemetry": {
      "time": 16216,
      "deviceMetrics": {
        "batteryLevel": 101,
        "voltage": 4.644,
        "channelUtilization": 0.0,
        "airUtilTx": 0.0,
        "uptimeSeconds": 16154
      },
      "raw": "time: 16216\ndevice_metrics {\n  battery_level: 101\n  voltage: 4.644\n  channel_utilization: 0\n  air_util_tx: 0\n  uptime_seconds: 16154\n}\n"
    }
  },
  "id": 606396267,
  "hopLimit": 3,
  "priority": "BACKGROUND",
  "raw": "from: 164906676\nto: 4294967295\ndecoded {\n  portnum: TELEMETRY_APP\n  payload: \"\\rX?\\000\\000\\022\\024\\010e\\025\\246\\233\\224@\\035\\000\\000\\000\\000%\\000\\000\\000\\000(\\232~\"\n}\nid: 606396267\nhop_limit: 3\npriority: BACKGROUND\n",
  "fromId": "!09d446b4",
  "toId": "^all"
}
============================================================
{
  "from": 164906676,
  "to": 4294967295,
  "decoded": {
    "portnum": "TELEMETRY_APP",
    "payload": "b'\\r\\x94?\\x00\\x00\\x12\\x14\\x08e\\x15\\xecQ\\x94@\\x1d\\x00\\x00\\x00\\x00%\\x00\\x00\\x00\\x00(\\xd6~'",
    "telemetry": {
      "time": 16276,
      "deviceMetrics": {
        "batteryLevel": 101,
        "voltage": 4.635,
        "channelUtilization": 0.0,
        "airUtilTx": 0.0,
        "uptimeSeconds": 16214
      },
      "raw": "time: 16276\ndevice_metrics {\n  battery_level: 101\n  voltage: 4.635\n  channel_utilization: 0\n  air_util_tx: 0\n  uptime_seconds: 16214\n}\n"
    }
  },
  "id": 1269446508,
  "hopLimit": 3,
  "priority": "BACKGROUND",
  "raw": "from: 164906676\nto: 4294967295\ndecoded {\n  portnum: TELEMETRY_APP\n  payload: \"\\r\\224?\\000\\000\\022\\024\\010e\\025\\354Q\\224@\\035\\000\\000\\000\\000%\\000\\000\\000\\000(\\326~\"\n}\nid: 1269446508\nhop_limit: 3\npriority: BACKGROUND\n",
  "fromId": "!09d446b4",
  "toId": "^all"
}
============================================================
{
  "from": 164906676,
  "to": 4294967295,
  "decoded": {
    "portnum": "TELEMETRY_APP",
    "payload": "b'\\r\\xd0?\\x00\\x00\\x12\\x14\\x08e\\x15{\\x14\\x92@\\x1d\\x00\\x00\\x00\\x00%\\x00\\x00\\x00\\x00(\\x92\\x7f'",
    "telemetry": {
      "time": 16336,
      "deviceMetrics": {
        "batteryLevel": 101,
        "voltage": 4.565,
        "channelUtilization": 0.0,
        "airUtilTx": 0.0,
        "uptimeSeconds": 16274
      },
      "raw": "time: 16336\ndevice_metrics {\n  battery_level: 101\n  voltage: 4.565\n  channel_utilization: 0\n  air_util_tx: 0\n  uptime_seconds: 16274\n}\n"
    }
  },
  "id": 40609645,
  "hopLimit": 3,
  "priority": "BACKGROUND",
  "raw": "from: 164906676\nto: 4294967295\ndecoded {\n  portnum: TELEMETRY_APP\n  payload: \"\\r\\320?\\000\\000\\022\\024\\010e\\025{\\024\\222@\\035\\000\\000\\000\\000%\\000\\000\\000\\000(\\222\\177\"\n}\nid: 40609645\nhop_limit: 3\npriority: BACKGROUND\n",
  "fromId": "!09d446b4",
  "toId": "^all"
}
============================================================
{
  "from": 164906676,
  "to": 4294967295,
  "decoded": {
    "portnum": "TELEMETRY_APP",
    "payload": "b'\\r\\xd0?\\x00\\x002\\x1e\\x08\\x92\\x7f \\x01(\\x030\\x03@\\x01`\\x90\\x99\\x0fh\\xd0\\xcf\\x04x\\x9b\\xff\\xff\\xff\\xff\\xff\\xff\\xff\\xff\\x01'",
    "telemetry": {
      "time": 16336,
      "localStats": {
        "uptimeSeconds": 16274,
        "numPacketsTx": 1,
        "numPacketsRx": 3,
        "numPacketsRxBad": 3,
        "numTotalNodes": 1,
        "heapTotalBytes": 248976,
        "heapFreeBytes": 75728,
        "noiseFloor": -101
      },
      "raw": "time: 16336\nlocal_stats {\n  uptime_seconds: 16274\n  num_packets_tx: 1\n  num_packets_rx: 3\n  num_packets_rx_bad: 3\n  num_total_nodes: 1\n  heap_total_bytes: 248976\n  heap_free_bytes: 75728\n  noise_floor: -101\n}\n"
    }
  },
  "id": 1143803758,
  "hopLimit": 3,
  "priority": "BACKGROUND",
  "raw": "from: 164906676\nto: 4294967295\ndecoded {\n  portnum: TELEMETRY_APP\n  payload: \"\\r\\320?\\000\\0002\\036\\010\\222\\177 \\001(\\0030\\003@\\001`\\220\\231\\017h\\320\\317\\004x\\233\\377\\377\\377\\377\\377\\377\\377\\377\\001\"\n}\nid: 1143803758\nhop_limit: 3\npriority: BACKGROUND\n",
  "fromId": "!09d446b4",
  "toId": "^all"
}
============================================================
{
  "from": 164906676,
  "to": 4294967295,
  "decoded": {
    "portnum": "TELEMETRY_APP",
    "payload": "b'\\r\\x0c@\\x00\\x00\\x12\\x14\\x08e\\x15y\\xe9\\x92@\\x1d\\x00\\x00\\x00\\x00%\\x00\\x00\\x00\\x00(\\xce\\x7f'",
    "telemetry": {
      "time": 16396,
      "deviceMetrics": {
        "batteryLevel": 101,
        "voltage": 4.591,
        "channelUtilization": 0.0,
        "airUtilTx": 0.0,
        "uptimeSeconds": 16334
      },
      "raw": "time: 16396\ndevice_metrics {\n  battery_level: 101\n  voltage: 4.591\n  channel_utilization: 0\n  air_util_tx: 0\n  uptime_seconds: 16334\n}\n"
    }
  },
  "id": 2070780783,
  "hopLimit": 3,
  "priority": "BACKGROUND",
  "raw": "from: 164906676\nto: 4294967295\ndecoded {\n  portnum: TELEMETRY_APP\n  payload: \"\\r\\014@\\000\\000\\022\\024\\010e\\025y\\351\\222@\\035\\000\\000\\000\\000%\\000\\000\\000\\000(\\316\\177\"\n}\nid: 2070780783\nhop_limit: 3\npriority: BACKGROUND\n",
  "fromId": "!09d446b4",
  "toId": "^all"
}
============================================================
{
  "from": 164906676,
  "to": 4294967295,
  "decoded": {
    "portnum": "TELEMETRY_APP",
    "payload": "b'\\rH@\\x00\\x00\\x12\\x15\\x08e\\x15y\\xe9\\x92@\\x1d\\x00\\x00\\x00\\x00%\\x00\\x00\\x00\\x00(\\x8a\\x80\\x01'",
    "telemetry": {
      "time": 16456,
      "deviceMetrics": {
        "batteryLevel": 101,
        "voltage": 4.591,
        "channelUtilization": 0.0,
        "airUtilTx": 0.0,
        "uptimeSeconds": 16394
      },
      "raw": "time: 16456\ndevice_metrics {\n  battery_level: 101\n  voltage: 4.591\n  channel_utilization: 0\n  air_util_tx: 0\n  uptime_seconds: 16394\n}\n"
    }
  },
  "id": 259344240,
  "hopLimit": 3,
  "priority": "BACKGROUND",
  "raw": "from: 164906676\nto: 4294967295\ndecoded {\n  portnum: TELEMETRY_APP\n  payload: \"\\rH@\\000\\000\\022\\025\\010e\\025y\\351\\222@\\035\\000\\000\\000\\000%\\000\\000\\000\\000(\\212\\200\\001\"\n}\nid: 259344240\nhop_limit: 3\npriority: BACKGROUND\n",
  "fromId": "!09d446b4",
  "toId": "^all"
}
============================================================
{
  "from": 164906676,
  "to": 4294967295,
  "decoded": {
    "portnum": "TELEMETRY_APP",
    "payload": "b'\\r\\x84@\\x00\\x00\\x12\\x15\\x08e\\x1533\\x93@\\x1d\\x00\\x00\\x00\\x00%\\x00\\x00\\x00\\x00(\\xc6\\x80\\x01'",
    "telemetry": {
      "time": 16516,
      "deviceMetrics": {
        "batteryLevel": 101,
        "voltage": 4.6,
        "channelUtilization": 0.0,
        "airUtilTx": 0.0,
        "uptimeSeconds": 16454
      },
      "raw": "time: 16516\ndevice_metrics {\n  battery_level: 101\n  voltage: 4.6\n  channel_utilization: 0\n  air_util_tx: 0\n  uptime_seconds: 16454\n}\n"
    }
  },
  "id": 3254110065,
  "hopLimit": 3,
  "priority": "BACKGROUND",
  "raw": "from: 164906676\nto: 4294967295\ndecoded {\n  portnum: TELEMETRY_APP\n  payload: \"\\r\\204@\\000\\000\\022\\025\\010e\\02533\\223@\\035\\000\\000\\000\\000%\\000\\000\\000\\000(\\306\\200\\001\"\n}\nid: 3254110065\nhop_limit: 3\npriority: BACKGROUND\n",
  "fromId": "!09d446b4",
  "toId": "^all"
}
============================================================
{
  "from": 164906676,
  "to": 4294967295,
  "decoded": {
    "portnum": "TELEMETRY_APP",
    "payload": "b'\\r\\xc0@\\x00\\x00\\x12\\x15\\x08e\\x15P\\x8d\\x93@\\x1d\\x00\\x00\\x00\\x00%\\x00\\x00\\x00\\x00(\\x82\\x81\\x01'",
    "telemetry": {
      "time": 16576,
      "deviceMetrics": {
        "batteryLevel": 101,
        "voltage": 4.611,
        "channelUtilization": 0.0,
        "airUtilTx": 0.0,
        "uptimeSeconds": 16514
      },
      "raw": "time: 16576\ndevice_metrics {\n  battery_level: 101\n  voltage: 4.611\n  channel_utilization: 0\n  air_util_tx: 0\n  uptime_seconds: 16514\n}\n"
    }
  },
  "id": 2549639026,
  "hopLimit": 3,
  "priority": "BACKGROUND",
  "raw": "from: 164906676\nto: 4294967295\ndecoded {\n  portnum: TELEMETRY_APP\n  payload: \"\\r\\300@\\000\\000\\022\\025\\010e\\025P\\215\\223@\\035\\000\\000\\000\\000%\\000\\000\\000\\000(\\202\\201\\001\"\n}\nid: 2549639026\nhop_limit: 3\npriority: BACKGROUND\n",
  "fromId": "!09d446b4",
  "toId": "^all"
}
============================================================
{
  "from": 164906676,
  "to": 4294967295,
  "decoded": {
    "portnum": "TELEMETRY_APP",
    "payload": "b'\\r\\xfc@\\x00\\x00\\x12\\x15\\x08e\\x15\\xa0\\x1a\\x93@\\x1d\\x00\\x00\\x00\\x00%\\x00\\x00\\x00\\x00(\\xbe\\x81\\x01'",
    "telemetry": {
      "time": 16636,
      "deviceMetrics": {
        "batteryLevel": 101,
        "voltage": 4.597,
        "channelUtilization": 0.0,
        "airUtilTx": 0.0,
        "uptimeSeconds": 16574
      },
      "raw": "time: 16636\ndevice_metrics {\n  battery_level: 101\n  voltage: 4.597\n  channel_utilization: 0\n  air_util_tx: 0\n  uptime_seconds: 16574\n}\n"
    }
  },
  "id": 2132866931,
  "hopLimit": 3,
  "priority": "BACKGROUND",
  "raw": "from: 164906676\nto: 4294967295\ndecoded {\n  portnum: TELEMETRY_APP\n  payload: \"\\r\\374@\\000\\000\\022\\025\\010e\\025\\240\\032\\223@\\035\\000\\000\\000\\000%\\000\\000\\000\\000(\\276\\201\\001\"\n}\nid: 2132866931\nhop_limit: 3\npriority: BACKGROUND\n",
  "fromId": "!09d446b4",
  "toId": "^all"
}
============================================================
{
  "from": 164906676,
  "to": 4294967295,
  "decoded": {
    "portnum": "TELEMETRY_APP",
    "payload": "b'\\r8A\\x00\\x00\\x12\\x15\\x08e\\x15\\xbct\\x93@\\x1d\\x00\\x00\\x00\\x00%\\x00\\x00\\x00\\x00(\\xfa\\x81\\x01'",
    "telemetry": {
      "time": 16696,
      "deviceMetrics": {
        "batteryLevel": 101,
        "voltage": 4.608,
        "channelUtilization": 0.0,
        "airUtilTx": 0.0,
        "uptimeSeconds": 16634
      },
      "raw": "time: 16696\ndevice_metrics {\n  battery_level: 101\n  voltage: 4.608\n  channel_utilization: 0\n  air_util_tx: 0\n  uptime_seconds: 16634\n}\n"
    }
  },
  "id": 2854647668,
  "hopLimit": 3,
  "priority": "BACKGROUND",
  "raw": "from: 164906676\nto: 4294967295\ndecoded {\n  portnum: TELEMETRY_APP\n  payload: \"\\r8A\\000\\000\\022\\025\\010e\\025\\274t\\223@\\035\\000\\000\\000\\000%\\000\\000\\000\\000(\\372\\201\\001\"\n}\nid: 2854647668\nhop_limit: 3\npriority: BACKGROUND\n",
  "fromId": "!09d446b4",
  "toId": "^all"
}
============================================================
{
  "from": 164906676,
  "to": 4294967295,
  "decoded": {
    "portnum": "TELEMETRY_APP",
    "payload": "b'\\rtA\\x00\\x00\\x12\\x15\\x08e\\x15\\x1f\\x85\\x93@\\x1d\\x00\\x00\\x00\\x00%\\x00\\x00\\x00\\x00(\\xb6\\x82\\x01'",
    "telemetry": {
      "time": 16756,
      "deviceMetrics": {
        "batteryLevel": 101,
        "voltage": 4.61,
        "channelUtilization": 0.0,
        "airUtilTx": 0.0,
        "uptimeSeconds": 16694
      },
      "raw": "time: 16756\ndevice_metrics {\n  battery_level: 101\n  voltage: 4.61\n  channel_utilization: 0\n  air_util_tx: 0\n  uptime_seconds: 16694\n}\n"
    }
  },
  "id": 1003151221,
  "hopLimit": 3,
  "priority": "BACKGROUND",
  "raw": "from: 164906676\nto: 4294967295\ndecoded {\n  portnum: TELEMETRY_APP\n  payload: \"\\rtA\\000\\000\\022\\025\\010e\\025\\037\\205\\223@\\035\\000\\000\\000\\000%\\000\\000\\000\\000(\\266\\202\\001\"\n}\nid: 1003151221\nhop_limit: 3\npriority: BACKGROUND\n",
  "fromId": "!09d446b4",
  "toId": "^all"
}
============================================================
{
  "from": 164906676,
  "to": 4294967295,
  "decoded": {
    "portnum": "TELEMETRY_APP",
    "payload": "b'\\r\\xb0A\\x00\\x00\\x12\\x15\\x08e\\x15^\\xba\\x91@\\x1d\\x00\\x00\\x00\\x00%\\x00\\x00\\x00\\x00(\\xf2\\x82\\x01'",
    "telemetry": {
      "time": 16816,
      "deviceMetrics": {
        "batteryLevel": 101,
        "voltage": 4.554,
        "channelUtilization": 0.0,
        "airUtilTx": 0.0,
        "uptimeSeconds": 16754
      },
      "raw": "time: 16816\ndevice_metrics {\n  battery_level: 101\n  voltage: 4.554\n  channel_utilization: 0\n  air_util_tx: 0\n  uptime_seconds: 16754\n}\n"
    }
  },
  "id": 3875740534,
  "hopLimit": 3,
  "priority": "BACKGROUND",
  "raw": "from: 164906676\nto: 4294967295\ndecoded {\n  portnum: TELEMETRY_APP\n  payload: \"\\r\\260A\\000\\000\\022\\025\\010e\\025^\\272\\221@\\035\\000\\000\\000\\000%\\000\\000\\000\\000(\\362\\202\\001\"\n}\nid: 3875740534\nhop_limit: 3\npriority: BACKGROUND\n",
  "fromId": "!09d446b4",
  "toId": "^all"
}
============================================================
{
  "from": 164906676,
  "to": 4294967295,
  "decoded": {
    "portnum": "TELEMETRY_APP",
    "payload": "b'\\r\\xecA\\x00\\x00\\x12\\x15\\x08e\\x15\\xbaI\\x94@\\x1d\\x00\\x00\\x00\\x00%\\x00\\x00\\x00\\x00(\\xae\\x83\\x01'",
    "telemetry": {
      "time": 16876,
      "deviceMetrics": {
        "batteryLevel": 101,
        "voltage": 4.634,
        "channelUtilization": 0.0,
        "airUtilTx": 0.0,
        "uptimeSeconds": 16814
      },
      "raw": "time: 16876\ndevice_metrics {\n  battery_level: 101\n  voltage: 4.634\n  channel_utilization: 0\n  air_util_tx: 0\n  uptime_seconds: 16814\n}\n"
    }
  },
  "id": 4156126071,
  "hopLimit": 3,
  "priority": "BACKGROUND",
  "raw": "from: 164906676\nto: 4294967295\ndecoded {\n  portnum: TELEMETRY_APP\n  payload: \"\\r\\354A\\000\\000\\022\\025\\010e\\025\\272I\\224@\\035\\000\\000\\000\\000%\\000\\000\\000\\000(\\256\\203\\001\"\n}\nid: 4156126071\nhop_limit: 3\npriority: BACKGROUND\n",
  "fromId": "!09d446b4",
  "toId": "^all"
}
============================================================
{
  "from": 164906676,
  "to": 4294967295,
  "decoded": {
    "portnum": "TELEMETRY_APP",
    "payload": "b'\\r(B\\x00\\x00\\x12\\x15\\x08e\\x15\\xd7\\xa3\\x94@\\x1d\\x00\\x00\\x00\\x00%\\x00\\x00\\x00\\x00(\\xea\\x83\\x01'",
    "telemetry": {
      "time": 16936,
      "deviceMetrics": {
        "batteryLevel": 101,
        "voltage": 4.645,
        "channelUtilization": 0.0,
        "airUtilTx": 0.0,
        "uptimeSeconds": 16874
      },
      "raw": "time: 16936\ndevice_metrics {\n  battery_level: 101\n  voltage: 4.645\n  channel_utilization: 0\n  air_util_tx: 0\n  uptime_seconds: 16874\n}\n"
    }
  },
  "id": 3526523768,
  "hopLimit": 3,
  "priority": "BACKGROUND",
  "raw": "from: 164906676\nto: 4294967295\ndecoded {\n  portnum: TELEMETRY_APP\n  payload: \"\\r(B\\000\\000\\022\\025\\010e\\025\\327\\243\\224@\\035\\000\\000\\000\\000%\\000\\000\\000\\000(\\352\\203\\001\"\n}\nid: 3526523768\nhop_limit: 3\npriority: BACKGROUND\n",
  "fromId": "!09d446b4",
  "toId": "^all"
}
============================================================
{
  "from": 164906676,
  "to": 4294967295,
  "decoded": {
    "portnum": "TELEMETRY_APP",
    "payload": "b'\\rdB\\x00\\x00\\x12\\x15\\x08e\\x15\\x04V\\x92@\\x1d\\x00\\x00\\x00\\x00%\\x00\\x00\\x00\\x00(\\xa6\\x84\\x01'",
    "telemetry": {
      "time": 16996,
      "deviceMetrics": {
        "batteryLevel": 101,
        "voltage": 4.573,
        "channelUtilization": 0.0,
        "airUtilTx": 0.0,
        "uptimeSeconds": 16934
      },
      "raw": "time: 16996\ndevice_metrics {\n  battery_level: 101\n  voltage: 4.573\n  channel_utilization: 0\n  air_util_tx: 0\n  uptime_seconds: 16934\n}\n"
    }
  },
  "id": 581961593,
  "hopLimit": 3,
  "priority": "BACKGROUND",
  "raw": "from: 164906676\nto: 4294967295\ndecoded {\n  portnum: TELEMETRY_APP\n  payload: \"\\rdB\\000\\000\\022\\025\\010e\\025\\004V\\222@\\035\\000\\000\\000\\000%\\000\\000\\000\\000(\\246\\204\\001\"\n}\nid: 581961593\nhop_limit: 3\npriority: BACKGROUND\n",
  "fromId": "!09d446b4",
  "toId": "^all"
}
============================================================
{
  "from": 164906676,
  "to": 4294967295,
  "decoded": {
    "portnum": "TELEMETRY_APP",
    "payload": "b'\\r\\xa0B\\x00\\x00\\x12\\x15\\x08e\\x15%\\x06\\x95@\\x1d\\x00\\x00\\x00\\x00%\\x00\\x00\\x00\\x00(\\xe2\\x84\\x01'",
    "telemetry": {
      "time": 17056,
      "deviceMetrics": {
        "batteryLevel": 101,
        "voltage": 4.657,
        "channelUtilization": 0.0,
        "airUtilTx": 0.0,
        "uptimeSeconds": 16994
      },
      "raw": "time: 17056\ndevice_metrics {\n  battery_level: 101\n  voltage: 4.657\n  channel_utilization: 0\n  air_util_tx: 0\n  uptime_seconds: 16994\n}\n"
    }
  },
  "id": 4125867898,
  "hopLimit": 3,
  "priority": "BACKGROUND",
  "raw": "from: 164906676\nto: 4294967295\ndecoded {\n  portnum: TELEMETRY_APP\n  payload: \"\\r\\240B\\000\\000\\022\\025\\010e\\025%\\006\\225@\\035\\000\\000\\000\\000%\\000\\000\\000\\000(\\342\\204\\001\"\n}\nid: 4125867898\nhop_limit: 3\npriority: BACKGROUND\n",
  "fromId": "!09d446b4",
  "toId": "^all"
}
============================================================
{
  "from": 164906676,
  "to": 4294967295,
  "decoded": {
    "portnum": "TELEMETRY_APP",
    "payload": "b'\\r\\xdcB\\x00\\x00\\x12\\x15\\x08e\\x15\\x9e\\xef\\x93@\\x1d\\x00\\x00\\x00\\x00%\\x00\\x00\\x00\\x00(\\x9e\\x85\\x01'",
    "telemetry": {
      "time": 17116,
      "deviceMetrics": {
        "batteryLevel": 101,
        "voltage": 4.623,
        "channelUtilization": 0.0,
        "airUtilTx": 0.0,
        "uptimeSeconds": 17054
      },
      "raw": "time: 17116\ndevice_metrics {\n  battery_level: 101\n  voltage: 4.623\n  channel_utilization: 0\n  air_util_tx: 0\n  uptime_seconds: 17054\n}\n"
    }
  },
  "id": 657657723,
  "hopLimit": 3,
  "priority": "BACKGROUND",
  "raw": "from: 164906676\nto: 4294967295\ndecoded {\n  portnum: TELEMETRY_APP\n  payload: \"\\r\\334B\\000\\000\\022\\025\\010e\\025\\236\\357\\223@\\035\\000\\000\\000\\000%\\000\\000\\000\\000(\\236\\205\\001\"\n}\nid: 657657723\nhop_limit: 3\npriority: BACKGROUND\n",
  "fromId": "!09d446b4",
  "toId": "^all"
}
============================================================
{
  "from": 164906676,
  "to": 4294967295,
  "decoded": {
    "portnum": "TELEMETRY_APP",
    "payload": "b'\\r\\x19C\\x00\\x00\\x12\\x15\\x08e\\x15\\xd1\"\\x93@\\x1d\\x00\\x00\\x00\\x00%\\x00\\x00\\x00\\x00(\\xda\\x85\\x01'",
    "telemetry": {
      "time": 17177,
      "deviceMetrics": {
        "batteryLevel": 101,
        "voltage": 4.598,
        "channelUtilization": 0.0,
        "airUtilTx": 0.0,
        "uptimeSeconds": 17114
      },
      "raw": "time: 17177\ndevice_metrics {\n  battery_level: 101\n  voltage: 4.598\n  channel_utilization: 0\n  air_util_tx: 0\n  uptime_seconds: 17114\n}\n"
    }
  },
  "id": 2944426876,
  "hopLimit": 3,
  "priority": "BACKGROUND",
  "raw": "from: 164906676\nto: 4294967295\ndecoded {\n  portnum: TELEMETRY_APP\n  payload: \"\\r\\031C\\000\\000\\022\\025\\010e\\025\\321\\\"\\223@\\035\\000\\000\\000\\000%\\000\\000\\000\\000(\\332\\205\\001\"\n}\nid: 2944426876\nhop_limit: 3\npriority: BACKGROUND\n",
  "fromId": "!09d446b4",
  "toId": "^all"
}
============================================================
{
  "from": 164906676,
  "to": 4294967295,
  "decoded": {
    "portnum": "TELEMETRY_APP",
    "payload": "b'\\rUC\\x00\\x00\\x12\\x15\\x08e\\x15\\xb8\\x1e\\x91@\\x1d\\x00\\x00\\x00\\x00%\\x00\\x00\\x00\\x00(\\x96\\x86\\x01'",
    "telemetry": {
      "time": 17237,
      "deviceMetrics": {
        "batteryLevel": 101,
        "voltage": 4.535,
        "channelUtilization": 0.0,
        "airUtilTx": 0.0,
        "uptimeSeconds": 17174
      },
      "raw": "time: 17237\ndevice_metrics {\n  battery_level: 101\n  voltage: 4.535\n  channel_utilization: 0\n  air_util_tx: 0\n  uptime_seconds: 17174\n}\n"
    }
  },
  "id": 202334077,
  "hopLimit": 3,
  "priority": "BACKGROUND",
  "raw": "from: 164906676\nto: 4294967295\ndecoded {\n  portnum: TELEMETRY_APP\n  payload: \"\\rUC\\000\\000\\022\\025\\010e\\025\\270\\036\\221@\\035\\000\\000\\000\\000%\\000\\000\\000\\000(\\226\\206\\001\"\n}\nid: 202334077\nhop_limit: 3\npriority: BACKGROUND\n",
  "fromId": "!09d446b4",
  "toId": "^all"
}
============================================================
{
  "from": 164906676,
  "to": 4294967295,
  "decoded": {
    "portnum": "TELEMETRY_APP",
    "payload": "b'\\rUC\\x00\\x002\\x1f\\x08\\x96\\x86\\x01 \\x01(\\x030\\x03@\\x01`\\x90\\x99\\x0fh\\xd0\\xcf\\x04x\\x9b\\xff\\xff\\xff\\xff\\xff\\xff\\xff\\xff\\x01'",
    "telemetry": {
      "time": 17237,
      "localStats": {
        "uptimeSeconds": 17174,
        "numPacketsTx": 1,
        "numPacketsRx": 3,
        "numPacketsRxBad": 3,
        "numTotalNodes": 1,
        "heapTotalBytes": 248976,
        "heapFreeBytes": 75728,
        "noiseFloor": -101
      },
      "raw": "time: 17237\nlocal_stats {\n  uptime_seconds: 17174\n  num_packets_tx: 1\n  num_packets_rx: 3\n  num_packets_rx_bad: 3\n  num_total_nodes: 1\n  heap_total_bytes: 248976\n  heap_free_bytes: 75728\n  noise_floor: -101\n}\n"
    }
  },
  "id": 3948472190,
  "hopLimit": 3,
  "priority": "BACKGROUND",
  "raw": "from: 164906676\nto: 4294967295\ndecoded {\n  portnum: TELEMETRY_APP\n  payload: \"\\rUC\\000\\0002\\037\\010\\226\\206\\001 \\001(\\0030\\003@\\001`\\220\\231\\017h\\320\\317\\004x\\233\\377\\377\\377\\377\\377\\377\\377\\377\\001\"\n}\nid: 3948472190\nhop_limit: 3\npriority: BACKGROUND\n",
  "fromId": "!09d446b4",
  "toId": "^all"
}
============================================================
{
  "from": 164906676,
  "to": 4294967295,
  "decoded": {
    "portnum": "TELEMETRY_APP",
    "payload": "b'\\r\\x91C\\x00\\x00\\x12\\x15\\x08e\\x15\\xe1z\\x94@\\x1d\\x00\\x00\\x00\\x00%\\x00\\x00\\x00\\x00(\\xd3\\x86\\x01'",
    "telemetry": {
      "time": 17297,
      "deviceMetrics": {
        "batteryLevel": 101,
        "voltage": 4.64,
        "channelUtilization": 0.0,
        "airUtilTx": 0.0,
        "uptimeSeconds": 17235
      },
      "raw": "time: 17297\ndevice_metrics {\n  battery_level: 101\n  voltage: 4.64\n  channel_utilization: 0\n  air_util_tx: 0\n  uptime_seconds: 17235\n}\n"
    }
  },
  "id": 2765161343,
  "hopLimit": 3,
  "priority": "BACKGROUND",
  "raw": "from: 164906676\nto: 4294967295\ndecoded {\n  portnum: TELEMETRY_APP\n  payload: \"\\r\\221C\\000\\000\\022\\025\\010e\\025\\341z\\224@\\035\\000\\000\\000\\000%\\000\\000\\000\\000(\\323\\206\\001\"\n}\nid: 2765161343\nhop_limit: 3\npriority: BACKGROUND\n",
  "fromId": "!09d446b4",
  "toId": "^all"
}
============================================================
{
  "from": 164906676,
  "to": 4294967295,
  "decoded": {
    "portnum": "TELEMETRY_APP",
    "payload": "b'\\r\\xcdC\\x00\\x00\\x12\\x15\\x08e\\x15\\xc3\\xf5\\x94@\\x1d\\x00\\x00\\x00\\x00%\\x00\\x00\\x00\\x00(\\x8f\\x87\\x01'",
    "telemetry": {
      "time": 17357,
      "deviceMetrics": {
        "batteryLevel": 101,
        "voltage": 4.655,
        "channelUtilization": 0.0,
        "airUtilTx": 0.0,
        "uptimeSeconds": 17295
      },
      "raw": "time: 17357\ndevice_metrics {\n  battery_level: 101\n  voltage: 4.655\n  channel_utilization: 0\n  air_util_tx: 0\n  uptime_seconds: 17295\n}\n"
    }
  },
  "id": 1305735040,
  "hopLimit": 3,
  "priority": "BACKGROUND",
  "raw": "from: 164906676\nto: 4294967295\ndecoded {\n  portnum: TELEMETRY_APP\n  payload: \"\\r\\315C\\000\\000\\022\\025\\010e\\025\\303\\365\\224@\\035\\000\\000\\000\\000%\\000\\000\\000\\000(\\217\\207\\001\"\n}\nid: 1305735040\nhop_limit: 3\npriority: BACKGROUND\n",
  "fromId": "!09d446b4",
  "toId": "^all"
}
============================================================
{
  "from": 164906676,
  "to": 4294967295,
  "decoded": {
    "portnum": "TELEMETRY_APP",
    "payload": "b'\\r\\tD\\x00\\x00\\x12\\x15\\x08e\\x15L7\\x95@\\x1d\\x00\\x00\\x00\\x00%\\x00\\x00\\x00\\x00(\\xcb\\x87\\x01'",
    "telemetry": {
      "time": 17417,
      "deviceMetrics": {
        "batteryLevel": 101,
        "voltage": 4.663,
        "channelUtilization": 0.0,
        "airUtilTx": 0.0,
        "uptimeSeconds": 17355
      },
      "raw": "time: 17417\ndevice_metrics {\n  battery_level: 101\n  voltage: 4.663\n  channel_utilization: 0\n  air_util_tx: 0\n  uptime_seconds: 17355\n}\n"
    }
  },
  "id": 3514877825,
  "hopLimit": 3,
  "priority": "BACKGROUND",
  "raw": "from: 164906676\nto: 4294967295\ndecoded {\n  portnum: TELEMETRY_APP\n  payload: \"\\r\\tD\\000\\000\\022\\025\\010e\\025L7\\225@\\035\\000\\000\\000\\000%\\000\\000\\000\\000(\\313\\207\\001\"\n}\nid: 3514877825\nhop_limit: 3\npriority: BACKGROUND\n",
  "fromId": "!09d446b4",
  "toId": "^all"
}
============================================================
{
  "from": 164906676,
  "to": 4294967295,
  "decoded": {
    "portnum": "TELEMETRY_APP",
    "payload": "b'\\rED\\x00\\x00\\x12\\x15\\x08e\\x15\\xe3\\xa5\\x93@\\x1d\\x00\\x00\\x00\\x00%\\x00\\x00\\x00\\x00(\\x87\\x88\\x01'",
    "telemetry": {
      "time": 17477,
      "deviceMetrics": {
        "batteryLevel": 101,
        "voltage": 4.614,
        "channelUtilization": 0.0,
        "airUtilTx": 0.0,
        "uptimeSeconds": 17415
      },
      "raw": "time: 17477\ndevice_metrics {\n  battery_level: 101\n  voltage: 4.614\n  channel_utilization: 0\n  air_util_tx: 0\n  uptime_seconds: 17415\n}\n"
    }
  },
  "id": 3118220162,
  "hopLimit": 3,
  "priority": "BACKGROUND",
  "raw": "from: 164906676\nto: 4294967295\ndecoded {\n  portnum: TELEMETRY_APP\n  payload: \"\\rED\\000\\000\\022\\025\\010e\\025\\343\\245\\223@\\035\\000\\000\\000\\000%\\000\\000\\000\\000(\\207\\210\\001\"\n}\nid: 3118220162\nhop_limit: 3\npriority: BACKGROUND\n",
  "fromId": "!09d446b4",
  "toId": "^all"
}
============================================================
{
  "from": 164906676,
  "to": 4294967295,
  "decoded": {
    "portnum": "TELEMETRY_APP",
    "payload": "b'\\r\\x81D\\x00\\x00\\x12\\x15\\x08e\\x15\\x14\\xae\\x93@\\x1d\\x00\\x00\\x00\\x00%\\x00\\x00\\x00\\x00(\\xc3\\x88\\x01'",
    "telemetry": {
      "time": 17537,
      "deviceMetrics": {
        "batteryLevel": 101,
        "voltage": 4.615,
        "channelUtilization": 0.0,
        "airUtilTx": 0.0,
        "uptimeSeconds": 17475
      },
      "raw": "time: 17537\ndevice_metrics {\n  battery_level: 101\n  voltage: 4.615\n  channel_utilization: 0\n  air_util_tx: 0\n  uptime_seconds: 17475\n}\n"
    }
  },
  "id": 2017388419,
  "hopLimit": 3,
  "priority": "BACKGROUND",
  "raw": "from: 164906676\nto: 4294967295\ndecoded {\n  portnum: TELEMETRY_APP\n  payload: \"\\r\\201D\\000\\000\\022\\025\\010e\\025\\024\\256\\223@\\035\\000\\000\\000\\000%\\000\\000\\000\\000(\\303\\210\\001\"\n}\nid: 2017388419\nhop_limit: 3\npriority: BACKGROUND\n",
  "fromId": "!09d446b4",
  "toId": "^all"
}
============================================================
{
  "from": 164906676,
  "to": 4294967295,
  "decoded": {
    "portnum": "TELEMETRY_APP",
    "payload": "b'\\r\\xbdD\\x00\\x00\\x12\\x15\\x08e\\x15\\n\\xd7\\x93@\\x1d\\x00\\x00\\x00\\x00%\\x00\\x00\\x00\\x00(\\xff\\x88\\x01'",
    "telemetry": {
      "time": 17597,
      "deviceMetrics": {
        "batteryLevel": 101,
        "voltage": 4.62,
        "channelUtilization": 0.0,
        "airUtilTx": 0.0,
        "uptimeSeconds": 17535
      },
      "raw": "time: 17597\ndevice_metrics {\n  battery_level: 101\n  voltage: 4.62\n  channel_utilization: 0\n  air_util_tx: 0\n  uptime_seconds: 17535\n}\n"
    }
  },
  "id": 3397072772,
  "hopLimit": 3,
  "priority": "BACKGROUND",
  "raw": "from: 164906676\nto: 4294967295\ndecoded {\n  portnum: TELEMETRY_APP\n  payload: \"\\r\\275D\\000\\000\\022\\025\\010e\\025\\n\\327\\223@\\035\\000\\000\\000\\000%\\000\\000\\000\\000(\\377\\210\\001\"\n}\nid: 3397072772\nhop_limit: 3\npriority: BACKGROUND\n",
  "fromId": "!09d446b4",
  "toId": "^all"
}
============================================================
{
  "from": 164906676,
  "to": 4294967295,
  "decoded": {
    "portnum": "TELEMETRY_APP",
    "payload": "b'\\r\\xf9D\\x00\\x00\\x12\\x15\\x08e\\x15\\xa8\\xc6\\x93@\\x1d\\x00\\x00\\x00\\x00%\\x00\\x00\\x00\\x00(\\xbb\\x89\\x01'",
    "telemetry": {
      "time": 17657,
      "deviceMetrics": {
        "batteryLevel": 101,
        "voltage": 4.618,
        "channelUtilization": 0.0,
        "airUtilTx": 0.0,
        "uptimeSeconds": 17595
      },
      "raw": "time: 17657\ndevice_metrics {\n  battery_level: 101\n  voltage: 4.618\n  channel_utilization: 0\n  air_util_tx: 0\n  uptime_seconds: 17595\n}\n"
    }
  },
  "id": 2205023109,
  "hopLimit": 3,
  "priority": "BACKGROUND",
  "raw": "from: 164906676\nto: 4294967295\ndecoded {\n  portnum: TELEMETRY_APP\n  payload: \"\\r\\371D\\000\\000\\022\\025\\010e\\025\\250\\306\\223@\\035\\000\\000\\000\\000%\\000\\000\\000\\000(\\273\\211\\001\"\n}\nid: 2205023109\nhop_limit: 3\npriority: BACKGROUND\n",
  "fromId": "!09d446b4",
  "toId": "^all"
}
============================================================
{
  "from": 164906676,
  "to": 4294967295,
  "decoded": {
    "portnum": "TELEMETRY_APP",
    "payload": "b'\\r5E\\x00\\x00\\x12\\x15\\x08e\\x15\\xac\\x1c\\x92@\\x1d\\x00\\x00\\x00\\x00%\\x00\\x00\\x00\\x00(\\xf7\\x89\\x01'",
    "telemetry": {
      "time": 17717,
      "deviceMetrics": {
        "batteryLevel": 101,
        "voltage": 4.566,
        "channelUtilization": 0.0,
        "airUtilTx": 0.0,
        "uptimeSeconds": 17655
      },
      "raw": "time: 17717\ndevice_metrics {\n  battery_level: 101\n  voltage: 4.566\n  channel_utilization: 0\n  air_util_tx: 0\n  uptime_seconds: 17655\n}\n"
    }
  },
  "id": 280182662,
  "hopLimit": 3,
  "priority": "BACKGROUND",
  "raw": "from: 164906676\nto: 4294967295\ndecoded {\n  portnum: TELEMETRY_APP\n  payload: \"\\r5E\\000\\000\\022\\025\\010e\\025\\254\\034\\222@\\035\\000\\000\\000\\000%\\000\\000\\000\\000(\\367\\211\\001\"\n}\nid: 280182662\nhop_limit: 3\npriority: BACKGROUND\n",
  "fromId": "!09d446b4",
  "toId": "^all"
}
============================================================
{
  "from": 164906676,
  "to": 4294967295,
  "decoded": {
    "portnum": "TELEMETRY_APP",
    "payload": "b'\\rqE\\x00\\x00\\x12\\x15\\x08e\\x15V\\x0e\\x95@\\x1d\\x00\\x00\\x00\\x00%\\x00\\x00\\x00\\x00(\\xb3\\x8a\\x01'",
    "telemetry": {
      "time": 17777,
      "deviceMetrics": {
        "batteryLevel": 101,
        "voltage": 4.658,
        "channelUtilization": 0.0,
        "airUtilTx": 0.0,
        "uptimeSeconds": 17715
      },
      "raw": "time: 17777\ndevice_metrics {\n  battery_level: 101\n  voltage: 4.658\n  channel_utilization: 0\n  air_util_tx: 0\n  uptime_seconds: 17715\n}\n"
    }
  },
  "id": 3756718983,
  "hopLimit": 3,
  "priority": "BACKGROUND",
  "raw": "from: 164906676\nto: 4294967295\ndecoded {\n  portnum: TELEMETRY_APP\n  payload: \"\\rqE\\000\\000\\022\\025\\010e\\025V\\016\\225@\\035\\000\\000\\000\\000%\\000\\000\\000\\000(\\263\\212\\001\"\n}\nid: 3756718983\nhop_limit: 3\npriority: BACKGROUND\n",
  "fromId": "!09d446b4",
  "toId": "^all"
}
============================================================
{
  "from": 164906676,
  "to": 4294967295,
  "decoded": {
    "portnum": "TELEMETRY_APP",
    "payload": "b'\\r\\xadE\\x00\\x00\\x12\\x15\\x08e\\x15\\x87\\x16\\x95@\\x1d\\x00\\x00\\x00\\x00%\\x00\\x00\\x00\\x00(\\xef\\x8a\\x01'",
    "telemetry": {
      "time": 17837,
      "deviceMetrics": {
        "batteryLevel": 101,
        "voltage": 4.659,
        "channelUtilization": 0.0,
        "airUtilTx": 0.0,
        "uptimeSeconds": 17775
      },
      "raw": "time: 17837\ndevice_metrics {\n  battery_level: 101\n  voltage: 4.659\n  channel_utilization: 0\n  air_util_tx: 0\n  uptime_seconds: 17775\n}\n"
    }
  },
  "id": 43865992,
  "hopLimit": 3,
  "priority": "BACKGROUND",
  "raw": "from: 164906676\nto: 4294967295\ndecoded {\n  portnum: TELEMETRY_APP\n  payload: \"\\r\\255E\\000\\000\\022\\025\\010e\\025\\207\\026\\225@\\035\\000\\000\\000\\000%\\000\\000\\000\\000(\\357\\212\\001\"\n}\nid: 43865992\nhop_limit: 3\npriority: BACKGROUND\n",
  "fromId": "!09d446b4",
  "toId": "^all"
}
============================================================
{
  "from": 164906676,
  "to": 4294967295,
  "decoded": {
    "portnum": "TELEMETRY_APP",
    "payload": "b'\\r\\xe9E\\x00\\x00\\x12\\x15\\x08e\\x15\\x0e-\\x92@\\x1d\\x00\\x00\\x00\\x00%\\x00\\x00\\x00\\x00(\\xab\\x8b\\x01'",
    "telemetry": {
      "time": 17897,
      "deviceMetrics": {
        "batteryLevel": 101,
        "voltage": 4.568,
        "channelUtilization": 0.0,
        "airUtilTx": 0.0,
        "uptimeSeconds": 17835
      },
      "raw": "time: 17897\ndevice_metrics {\n  battery_level: 101\n  voltage: 4.568\n  channel_utilization: 0\n  air_util_tx: 0\n  uptime_seconds: 17835\n}\n"
    }
  },
  "id": 2631337865,
  "hopLimit": 3,
  "priority": "BACKGROUND",
  "raw": "from: 164906676\nto: 4294967295\ndecoded {\n  portnum: TELEMETRY_APP\n  payload: \"\\r\\351E\\000\\000\\022\\025\\010e\\025\\016-\\222@\\035\\000\\000\\000\\000%\\000\\000\\000\\000(\\253\\213\\001\"\n}\nid: 2631337865\nhop_limit: 3\npriority: BACKGROUND\n",
  "fromId": "!09d446b4",
  "toId": "^all"
}
============================================================
{
  "from": 164906676,
  "to": 4294967295,
  "decoded": {
    "portnum": "TELEMETRY_APP",
    "payload": "b'\\r%F\\x00\\x00\\x12\\x15\\x08e\\x15\\xd7\\xa3\\x94@\\x1d\\x00\\x00\\x00\\x00%\\x00\\x00\\x00\\x00(\\xe7\\x8b\\x01'",
    "telemetry": {
      "time": 17957,
      "deviceMetrics": {
        "batteryLevel": 101,
        "voltage": 4.645,
        "channelUtilization": 0.0,
        "airUtilTx": 0.0,
        "uptimeSeconds": 17895
      },
      "raw": "time: 17957\ndevice_metrics {\n  battery_level: 101\n  voltage: 4.645\n  channel_utilization: 0\n  air_util_tx: 0\n  uptime_seconds: 17895\n}\n"
    }
  },
  "id": 2865776522,
  "hopLimit": 3,
  "priority": "BACKGROUND",
  "raw": "from: 164906676\nto: 4294967295\ndecoded {\n  portnum: TELEMETRY_APP\n  payload: \"\\r%F\\000\\000\\022\\025\\010e\\025\\327\\243\\224@\\035\\000\\000\\000\\000%\\000\\000\\000\\000(\\347\\213\\001\"\n}\nid: 2865776522\nhop_limit: 3\npriority: BACKGROUND\n",
  "fromId": "!09d446b4",
  "toId": "^all"
}
============================================================
{
  "from": 164906676,
  "to": 4294967295,
  "decoded": {
    "portnum": "TELEMETRY_APP",
    "payload": "b'\\raF\\x00\\x00\\x12\\x15\\x08e\\x15V\\x0e\\x95@\\x1d\\x00\\x00\\x00\\x00%\\x00\\x00\\x00\\x00(\\xa3\\x8c\\x01'",
    "telemetry": {
      "time": 18017,
      "deviceMetrics": {
        "batteryLevel": 101,
        "voltage": 4.658,
        "channelUtilization": 0.0,
        "airUtilTx": 0.0,
        "uptimeSeconds": 17955
      },
      "raw": "time: 18017\ndevice_metrics {\n  battery_level: 101\n  voltage: 4.658\n  channel_utilization: 0\n  air_util_tx: 0\n  uptime_seconds: 17955\n}\n"
    }
  },
  "id": 3752232843,
  "hopLimit": 3,
  "priority": "BACKGROUND",
  "raw": "from: 164906676\nto: 4294967295\ndecoded {\n  portnum: TELEMETRY_APP\n  payload: \"\\raF\\000\\000\\022\\025\\010e\\025V\\016\\225@\\035\\000\\000\\000\\000%\\000\\000\\000\\000(\\243\\214\\001\"\n}\nid: 3752232843\nhop_limit: 3\npriority: BACKGROUND\n",
  "fromId": "!09d446b4",
  "toId": "^all"
}
============================================================
{
  "from": 164906676,
  "to": 4294967295,
  "decoded": {
    "portnum": "TELEMETRY_APP",
    "payload": "b'\\r\\x9dF\\x00\\x00\\x12\\x15\\x08e\\x15\\x17\\xd9\\x92@\\x1d\\x00\\x00\\x00\\x00%\\x00\\x00\\x00\\x00(\\xdf\\x8c\\x01'",
    "telemetry": {
      "time": 18077,
      "deviceMetrics": {
        "batteryLevel": 101,
        "voltage": 4.589,
        "channelUtilization": 0.0,
        "airUtilTx": 0.0,
        "uptimeSeconds": 18015
      },
      "raw": "time: 18077\ndevice_metrics {\n  battery_level: 101\n  voltage: 4.589\n  channel_utilization: 0\n  air_util_tx: 0\n  uptime_seconds: 18015\n}\n"
    }
  },
  "id": 3784814476,
  "hopLimit": 3,
  "priority": "BACKGROUND",
  "raw": "from: 164906676\nto: 4294967295\ndecoded {\n  portnum: TELEMETRY_APP\n  payload: \"\\r\\235F\\000\\000\\022\\025\\010e\\025\\027\\331\\222@\\035\\000\\000\\000\\000%\\000\\000\\000\\000(\\337\\214\\001\"\n}\nid: 3784814476\nhop_limit: 3\npriority: BACKGROUND\n",
  "fromId": "!09d446b4",
  "toId": "^all"
}
============================================================
{
  "from": 164906676,
  "to": 4294967295,
  "decoded": {
    "portnum": "TELEMETRY_APP",
    "payload": "b'\\r\\xd9F\\x00\\x00\\x12\\x15\\x08e\\x15\\xdfO\\x95@\\x1d\\x00\\x00\\x00\\x00%\\x00\\x00\\x00\\x00(\\x9b\\x8d\\x01'",
    "telemetry": {
      "time": 18137,
      "deviceMetrics": {
        "batteryLevel": 101,
        "voltage": 4.666,
        "channelUtilization": 0.0,
        "airUtilTx": 0.0,
        "uptimeSeconds": 18075
      },
      "raw": "time: 18137\ndevice_metrics {\n  battery_level: 101\n  voltage: 4.666\n  channel_utilization: 0\n  air_util_tx: 0\n  uptime_seconds: 18075\n}\n"
    }
  },
  "id": 1750954893,
  "hopLimit": 3,
  "priority": "BACKGROUND",
  "raw": "from: 164906676\nto: 4294967295\ndecoded {\n  portnum: TELEMETRY_APP\n  payload: \"\\r\\331F\\000\\000\\022\\025\\010e\\025\\337O\\225@\\035\\000\\000\\000\\000%\\000\\000\\000\\000(\\233\\215\\001\"\n}\nid: 1750954893\nhop_limit: 3\npriority: BACKGROUND\n",
  "fromId": "!09d446b4",
  "toId": "^all"
}
============================================================
{
  "from": 164906676,
  "to": 4294967295,
  "decoded": {
    "portnum": "TELEMETRY_APP",
    "payload": "b'\\r\\xd9F\\x00\\x002\\x1f\\x08\\x9b\\x8d\\x01 \\x01(\\x030\\x03@\\x01`\\x90\\x99\\x0fh\\xd0\\xcf\\x04x\\x9b\\xff\\xff\\xff\\xff\\xff\\xff\\xff\\xff\\x01'",
    "telemetry": {
      "time": 18137,
      "localStats": {
        "uptimeSeconds": 18075,
        "numPacketsTx": 1,
        "numPacketsRx": 3,
        "numPacketsRxBad": 3,
        "numTotalNodes": 1,
        "heapTotalBytes": 248976,
        "heapFreeBytes": 75728,
        "noiseFloor": -101
      },
      "raw": "time: 18137\nlocal_stats {\n  uptime_seconds: 18075\n  num_packets_tx: 1\n  num_packets_rx: 3\n  num_packets_rx_bad: 3\n  num_total_nodes: 1\n  heap_total_bytes: 248976\n  heap_free_bytes: 75728\n  noise_floor: -101\n}\n"
    }
  },
  "id": 896770958,
  "hopLimit": 3,
  "priority": "BACKGROUND",
  "raw": "from: 164906676\nto: 4294967295\ndecoded {\n  portnum: TELEMETRY_APP\n  payload: \"\\r\\331F\\000\\0002\\037\\010\\233\\215\\001 \\001(\\0030\\003@\\001`\\220\\231\\017h\\320\\317\\004x\\233\\377\\377\\377\\377\\377\\377\\377\\377\\001\"\n}\nid: 896770958\nhop_limit: 3\npriority: BACKGROUND\n",
  "fromId": "!09d446b4",
  "toId": "^all"
}
============================================================
{
  "from": 164906676,
  "to": 4294967295,
  "decoded": {
    "portnum": "TELEMETRY_APP",
    "payload": "b'\\r\\x15G\\x00\\x00\\x12\\x15\\x08e\\x15`\\xe5\\x94@\\x1d\\x00\\x00\\x00\\x00%\\x00\\x00\\x00\\x00(\\xd7\\x8d\\x01'",
    "telemetry": {
      "time": 18197,
      "deviceMetrics": {
        "batteryLevel": 101,
        "voltage": 4.653,
        "channelUtilization": 0.0,
        "airUtilTx": 0.0,
        "uptimeSeconds": 18135
      },
      "raw": "time: 18197\ndevice_metrics {\n  battery_level: 101\n  voltage: 4.653\n  channel_utilization: 0\n  air_util_tx: 0\n  uptime_seconds: 18135\n}\n"
    }
  },
  "id": 3558018959,
  "hopLimit": 3,
  "priority": "BACKGROUND",
  "raw": "from: 164906676\nto: 4294967295\ndecoded {\n  portnum: TELEMETRY_APP\n  payload: \"\\r\\025G\\000\\000\\022\\025\\010e\\025`\\345\\224@\\035\\000\\000\\000\\000%\\000\\000\\000\\000(\\327\\215\\001\"\n}\nid: 3558018959\nhop_limit: 3\npriority: BACKGROUND\n",
  "fromId": "!09d446b4",
  "toId": "^all"
}
============================================================
{
  "from": 164906676,
  "to": 4294967295,
  "decoded": {
    "portnum": "TELEMETRY_APP",
    "payload": "b'\\rQG\\x00\\x00\\x12\\x15\\x08e\\x15\\xf4\\xfd\\x94@\\x1d\\x00\\x00\\x00\\x00%\\x00\\x00\\x00\\x00(\\x93\\x8e\\x01'",
    "telemetry": {
      "time": 18257,
      "deviceMetrics": {
        "batteryLevel": 101,
        "voltage": 4.656,
        "channelUtilization": 0.0,
        "airUtilTx": 0.0,
        "uptimeSeconds": 18195
      },
      "raw": "time: 18257\ndevice_metrics {\n  battery_level: 101\n  voltage: 4.656\n  channel_utilization: 0\n  air_util_tx: 0\n  uptime_seconds: 18195\n}\n"
    }
  },
  "id": 933488528,
  "hopLimit": 3,
  "priority": "BACKGROUND",
  "raw": "from: 164906676\nto: 4294967295\ndecoded {\n  portnum: TELEMETRY_APP\n  payload: \"\\rQG\\000\\000\\022\\025\\010e\\025\\364\\375\\224@\\035\\000\\000\\000\\000%\\000\\000\\000\\000(\\223\\216\\001\"\n}\nid: 933488528\nhop_limit: 3\npriority: BACKGROUND\n",
  "fromId": "!09d446b4",
  "toId": "^all"
}
============================================================
{
  "from": 164906676,
  "to": 4294967295,
  "decoded": {
    "portnum": "TELEMETRY_APP",
    "payload": "b\"\\r\\x8dG\\x00\\x00\\x12\\x15\\x08e\\x15'1\\x94@\\x1d\\x00\\x00\\x00\\x00%\\x00\\x00\\x00\\x00(\\xcf\\x8e\\x01\"",
    "telemetry": {
      "time": 18317,
      "deviceMetrics": {
        "batteryLevel": 101,
        "voltage": 4.631,
        "channelUtilization": 0.0,
        "airUtilTx": 0.0,
        "uptimeSeconds": 18255
      },
      "raw": "time: 18317\ndevice_metrics {\n  battery_level: 101\n  voltage: 4.631\n  channel_utilization: 0\n  air_util_tx: 0\n  uptime_seconds: 18255\n}\n"
    }
  },
  "id": 2461451153,
  "hopLimit": 3,
  "priority": "BACKGROUND",
  "raw": "from: 164906676\nto: 4294967295\ndecoded {\n  portnum: TELEMETRY_APP\n  payload: \"\\r\\215G\\000\\000\\022\\025\\010e\\025\\'1\\224@\\035\\000\\000\\000\\000%\\000\\000\\000\\000(\\317\\216\\001\"\n}\nid: 2461451153\nhop_limit: 3\npriority: BACKGROUND\n",
  "fromId": "!09d446b4",
  "toId": "^all"
}
============================================================
{
  "from": 164906676,
  "to": 4294967295,
  "decoded": {
    "portnum": "TELEMETRY_APP",
    "payload": "b'\\r\\xc9G\\x00\\x00\\x12\\x15\\x08e\\x15\\x02+\\x93@\\x1d\\x00\\x00\\x00\\x00%\\x00\\x00\\x00\\x00(\\x8b\\x8f\\x01'",
    "telemetry": {
      "time": 18377,
      "deviceMetrics": {
        "batteryLevel": 101,
        "voltage": 4.599,
        "channelUtilization": 0.0,
        "airUtilTx": 0.0,
        "uptimeSeconds": 18315
      },
      "raw": "time: 18377\ndevice_metrics {\n  battery_level: 101\n  voltage: 4.599\n  channel_utilization: 0\n  air_util_tx: 0\n  uptime_seconds: 18315\n}\n"
    }
  },
  "id": 806553490,
  "hopLimit": 3,
  "priority": "BACKGROUND",
  "raw": "from: 164906676\nto: 4294967295\ndecoded {\n  portnum: TELEMETRY_APP\n  payload: \"\\r\\311G\\000\\000\\022\\025\\010e\\025\\002+\\223@\\035\\000\\000\\000\\000%\\000\\000\\000\\000(\\213\\217\\001\"\n}\nid: 806553490\nhop_limit: 3\npriority: BACKGROUND\n",
  "fromId": "!09d446b4",
  "toId": "^all"
}
============================================================
{
  "from": 164906676,
  "to": 4294967295,
  "decoded": {
    "portnum": "TELEMETRY_APP",
    "payload": "b'\\r\\x06H\\x00\\x00\\x12\\x15\\x08e\\x1533\\x93@\\x1d\\x00\\x00\\x00\\x00%\\x00\\x00\\x00\\x00(\\xc7\\x8f\\x01'",
    "telemetry": {
      "time": 18438,
      "deviceMetrics": {
        "batteryLevel": 101,
        "voltage": 4.6,
        "channelUtilization": 0.0,
        "airUtilTx": 0.0,
        "uptimeSeconds": 18375
      },
      "raw": "time: 18438\ndevice_metrics {\n  battery_level: 101\n  voltage: 4.6\n  channel_utilization: 0\n  air_util_tx: 0\n  uptime_seconds: 18375\n}\n"
    }
  },
  "id": 2109277075,
  "hopLimit": 3,
  "priority": "BACKGROUND",
  "raw": "from: 164906676\nto: 4294967295\ndecoded {\n  portnum: TELEMETRY_APP\n  payload: \"\\r\\006H\\000\\000\\022\\025\\010e\\02533\\223@\\035\\000\\000\\000\\000%\\000\\000\\000\\000(\\307\\217\\001\"\n}\nid: 2109277075\nhop_limit: 3\npriority: BACKGROUND\n",
  "fromId": "!09d446b4",
  "toId": "^all"
}
============================================================
{
  "from": 164906676,
  "to": 4294967295,
  "decoded": {
    "portnum": "TELEMETRY_APP",
    "payload": "b'\\rBH\\x00\\x00\\x12\\x15\\x08e\\x155^\\x92@\\x1d\\x00\\x00\\x00\\x00%\\x00\\x00\\x00\\x00(\\x83\\x90\\x01'",
    "telemetry": {
      "time": 18498,
      "deviceMetrics": {
        "batteryLevel": 101,
        "voltage": 4.574,
        "channelUtilization": 0.0,
        "airUtilTx": 0.0,
        "uptimeSeconds": 18435
      },
      "raw": "time: 18498\ndevice_metrics {\n  battery_level: 101\n  voltage: 4.574\n  channel_utilization: 0\n  air_util_tx: 0\n  uptime_seconds: 18435\n}\n"
    }
  },
  "id": 3953652628,
  "hopLimit": 3,
  "priority": "BACKGROUND",
  "raw": "from: 164906676\nto: 4294967295\ndecoded {\n  portnum: TELEMETRY_APP\n  payload: \"\\rBH\\000\\000\\022\\025\\010e\\0255^\\222@\\035\\000\\000\\000\\000%\\000\\000\\000\\000(\\203\\220\\001\"\n}\nid: 3953652628\nhop_limit: 3\npriority: BACKGROUND\n",
  "fromId": "!09d446b4",
  "toId": "^all"
}
============================================================
{
  "from": 164906676,
  "to": 4294967295,
  "decoded": {
    "portnum": "TELEMETRY_APP",
    "payload": "b'\\r~H\\x00\\x00\\x12\\x15\\x08e\\x15;\\xdf\\x93@\\x1d\\x00\\x00\\x00\\x00%\\x00\\x00\\x00\\x00(\\xbf\\x90\\x01'",
    "telemetry": {
      "time": 18558,
      "deviceMetrics": {
        "batteryLevel": 101,
        "voltage": 4.621,
        "channelUtilization": 0.0,
        "airUtilTx": 0.0,
        "uptimeSeconds": 18495
      },
      "raw": "time: 18558\ndevice_metrics {\n  battery_level: 101\n  voltage: 4.621\n  channel_utilization: 0\n  air_util_tx: 0\n  uptime_seconds: 18495\n}\n"
    }
  },
  "id": 418748309,
  "hopLimit": 3,
  "priority": "BACKGROUND",
  "raw": "from: 164906676\nto: 4294967295\ndecoded {\n  portnum: TELEMETRY_APP\n  payload: \"\\r~H\\000\\000\\022\\025\\010e\\025;\\337\\223@\\035\\000\\000\\000\\000%\\000\\000\\000\\000(\\277\\220\\001\"\n}\nid: 418748309\nhop_limit: 3\npriority: BACKGROUND\n",
  "fromId": "!09d446b4",
  "toId": "^all"
}
============================================================
{
  "from": 164906676,
  "to": 4294967295,
  "decoded": {
    "portnum": "TELEMETRY_APP",
    "payload": "b'\\r\\xbaH\\x00\\x00\\x12\\x15\\x08e\\x15\\xecQ\\x94@\\x1d\\x00\\x00\\x00\\x00%\\x00\\x00\\x00\\x00(\\xfc\\x90\\x01'",
    "telemetry": {
      "time": 18618,
      "deviceMetrics": {
        "batteryLevel": 101,
        "voltage": 4.635,
        "channelUtilization": 0.0,
        "airUtilTx": 0.0,
        "uptimeSeconds": 18556
      },
      "raw": "time: 18618\ndevice_metrics {\n  battery_level: 101\n  voltage: 4.635\n  channel_utilization: 0\n  air_util_tx: 0\n  uptime_seconds: 18556\n}\n"
    }
  },
  "id": 4103577494,
  "hopLimit": 3,
  "priority": "BACKGROUND",
  "raw": "from: 164906676\nto: 4294967295\ndecoded {\n  portnum: TELEMETRY_APP\n  payload: \"\\r\\272H\\000\\000\\022\\025\\010e\\025\\354Q\\224@\\035\\000\\000\\000\\000%\\000\\000\\000\\000(\\374\\220\\001\"\n}\nid: 4103577494\nhop_limit: 3\npriority: BACKGROUND\n",
  "fromId": "!09d446b4",
  "toId": "^all"
}
============================================================
{
  "from": 164906676,
  "to": 4294967295,
  "decoded": {
    "portnum": "TELEMETRY_APP",
    "payload": "b'\\r\\xf6H\\x00\\x00\\x12\\x15\\x08e\\x15\\x9e\\xef\\x93@\\x1d\\x00\\x00\\x00\\x00%\\x00\\x00\\x00\\x00(\\xb8\\x91\\x01'",
    "telemetry": {
      "time": 18678,
      "deviceMetrics": {
        "batteryLevel": 101,
        "voltage": 4.623,
        "channelUtilization": 0.0,
        "airUtilTx": 0.0,
        "uptimeSeconds": 18616
      },
      "raw": "time: 18678\ndevice_metrics {\n  battery_level: 101\n  voltage: 4.623\n  channel_utilization: 0\n  air_util_tx: 0\n  uptime_seconds: 18616\n}\n"
    }
  },
  "id": 2988146583,
  "hopLimit": 3,
  "priority": "BACKGROUND",
  "raw": "from: 164906676\nto: 4294967295\ndecoded {\n  portnum: TELEMETRY_APP\n  payload: \"\\r\\366H\\000\\000\\022\\025\\010e\\025\\236\\357\\223@\\035\\000\\000\\000\\000%\\000\\000\\000\\000(\\270\\221\\001\"\n}\nid: 2988146583\nhop_limit: 3\npriority: BACKGROUND\n",
  "fromId": "!09d446b4",
  "toId": "^all"
}
============================================================
{
  "from": 164906676,
  "to": 4294967295,
  "decoded": {
    "portnum": "TELEMETRY_APP",
    "payload": "b'\\r2I\\x00\\x00\\x12\\x15\\x08e\\x15D\\x8b\\x94@\\x1d\\x00\\x00\\x00\\x00%\\x00\\x00\\x00\\x00(\\xf4\\x91\\x01'",
    "telemetry": {
      "time": 18738,
      "deviceMetrics": {
        "batteryLevel": 101,
        "voltage": 4.642,
        "channelUtilization": 0.0,
        "airUtilTx": 0.0,
        "uptimeSeconds": 18676
      },
      "raw": "time: 18738\ndevice_metrics {\n  battery_level: 101\n  voltage: 4.642\n  channel_utilization: 0\n  air_util_tx: 0\n  uptime_seconds: 18676\n}\n"
    }
  },
  "id": 3414583192,
  "hopLimit": 3,
  "priority": "BACKGROUND",
  "raw": "from: 164906676\nto: 4294967295\ndecoded {\n  portnum: TELEMETRY_APP\n  payload: \"\\r2I\\000\\000\\022\\025\\010e\\025D\\213\\224@\\035\\000\\000\\000\\000%\\000\\000\\000\\000(\\364\\221\\001\"\n}\nid: 3414583192\nhop_limit: 3\npriority: BACKGROUND\n",
  "fromId": "!09d446b4",
  "toId": "^all"
}
============================================================
{
  "from": 164906676,
  "to": 4294967295,
  "decoded": {
    "portnum": "TELEMETRY_APP",
    "payload": "b'\\rnI\\x00\\x00\\x12\\x15\\x08e\\x15{\\x14\\x92@\\x1d\\x00\\x00\\x00\\x00%\\x00\\x00\\x00\\x00(\\xb0\\x92\\x01'",
    "telemetry": {
      "time": 18798,
      "deviceMetrics": {
        "batteryLevel": 101,
        "voltage": 4.565,
        "channelUtilization": 0.0,
        "airUtilTx": 0.0,
        "uptimeSeconds": 18736
      },
      "raw": "time: 18798\ndevice_metrics {\n  battery_level: 101\n  voltage: 4.565\n  channel_utilization: 0\n  air_util_tx: 0\n  uptime_seconds: 18736\n}\n"
    }
  },
  "id": 702401433,
  "hopLimit": 3,
  "priority": "BACKGROUND",
  "raw": "from: 164906676\nto: 4294967295\ndecoded {\n  portnum: TELEMETRY_APP\n  payload: \"\\rnI\\000\\000\\022\\025\\010e\\025{\\024\\222@\\035\\000\\000\\000\\000%\\000\\000\\000\\000(\\260\\222\\001\"\n}\nid: 702401433\nhop_limit: 3\npriority: BACKGROUND\n",
  "fromId": "!09d446b4",
  "toId": "^all"
}
============================================================
{
  "from": 164906676,
  "to": 4294967295,
  "decoded": {
    "portnum": "TELEMETRY_APP",
    "payload": "b'\\r\\xaaI\\x00\\x00\\x12\\x15\\x08e\\x15w\\xbe\\x93@\\x1d\\x00\\x00\\x00\\x00%\\x00\\x00\\x00\\x00(\\xec\\x92\\x01'",
    "telemetry": {
      "time": 18858,
      "deviceMetrics": {
        "batteryLevel": 101,
        "voltage": 4.617,
        "channelUtilization": 0.0,
        "airUtilTx": 0.0,
        "uptimeSeconds": 18796
      },
      "raw": "time: 18858\ndevice_metrics {\n  battery_level: 101\n  voltage: 4.617\n  channel_utilization: 0\n  air_util_tx: 0\n  uptime_seconds: 18796\n}\n"
    }
  },
  "id": 377002906,
  "hopLimit": 3,
  "priority": "BACKGROUND",
  "raw": "from: 164906676\nto: 4294967295\ndecoded {\n  portnum: TELEMETRY_APP\n  payload: \"\\r\\252I\\000\\000\\022\\025\\010e\\025w\\276\\223@\\035\\000\\000\\000\\000%\\000\\000\\000\\000(\\354\\222\\001\"\n}\nid: 377002906\nhop_limit: 3\npriority: BACKGROUND\n",
  "fromId": "!09d446b4",
  "toId": "^all"
}
============================================================
{
  "from": 164906676,
  "to": 4294967295,
  "decoded": {
    "portnum": "TELEMETRY_APP",
    "payload": "b'\\r\\xe6I\\x00\\x00\\x12\\x15\\x08e\\x15\\xbe\\x9f\\x92@\\x1d\\x00\\x00\\x00\\x00%\\x00\\x00\\x00\\x00(\\xa8\\x93\\x01'",
    "telemetry": {
      "time": 18918,
      "deviceMetrics": {
        "batteryLevel": 101,
        "voltage": 4.582,
        "channelUtilization": 0.0,
        "airUtilTx": 0.0,
        "uptimeSeconds": 18856
      },
      "raw": "time: 18918\ndevice_metrics {\n  battery_level: 101\n  voltage: 4.582\n  channel_utilization: 0\n  air_util_tx: 0\n  uptime_seconds: 18856\n}\n"
    }
  },
  "id": 3946994587,
  "hopLimit": 3,
  "priority": "BACKGROUND",
  "raw": "from: 164906676\nto: 4294967295\ndecoded {\n  portnum: TELEMETRY_APP\n  payload: \"\\r\\346I\\000\\000\\022\\025\\010e\\025\\276\\237\\222@\\035\\000\\000\\000\\000%\\000\\000\\000\\000(\\250\\223\\001\"\n}\nid: 3946994587\nhop_limit: 3\npriority: BACKGROUND\n",
  "fromId": "!09d446b4",
  "toId": "^all"
}
============================================================
{
  "from": 164906676,
  "to": 4294967295,
  "decoded": {
    "portnum": "TELEMETRY_APP",
    "payload": "b'\\r\"J\\x00\\x00\\x12\\x15\\x08e\\x15j\\xbc\\x94@\\x1d\\x00\\x00\\x00\\x00%\\x00\\x00\\x00\\x00(\\xe4\\x93\\x01'",
    "telemetry": {
      "time": 18978,
      "deviceMetrics": {
        "batteryLevel": 101,
        "voltage": 4.648,
        "channelUtilization": 0.0,
        "airUtilTx": 0.0,
        "uptimeSeconds": 18916
      },
      "raw": "time: 18978\ndevice_metrics {\n  battery_level: 101\n  voltage: 4.648\n  channel_utilization: 0\n  air_util_tx: 0\n  uptime_seconds: 18916\n}\n"
    }
  },
  "id": 4141289372,
  "hopLimit": 3,
  "priority": "BACKGROUND",
  "raw": "from: 164906676\nto: 4294967295\ndecoded {\n  portnum: TELEMETRY_APP\n  payload: \"\\r\\\"J\\000\\000\\022\\025\\010e\\025j\\274\\224@\\035\\000\\000\\000\\000%\\000\\000\\000\\000(\\344\\223\\001\"\n}\nid: 4141289372\nhop_limit: 3\npriority: BACKGROUND\n",
  "fromId": "!09d446b4",
  "toId": "^all"
}
============================================================
{
  "from": 164906676,
  "to": 4294967295,
  "decoded": {
    "portnum": "TELEMETRY_APP",
    "payload": "b'\\r^J\\x00\\x00\\x12\\x15\\x08e\\x15\\xc7K\\x93@\\x1d\\x00\\x00\\x00\\x00%\\x00\\x00\\x00\\x00(\\xa0\\x94\\x01'",
    "telemetry": {
      "time": 19038,
      "deviceMetrics": {
        "batteryLevel": 101,
        "voltage": 4.603,
        "channelUtilization": 0.0,
        "airUtilTx": 0.0,
        "uptimeSeconds": 18976
      },
      "raw": "time: 19038\ndevice_metrics {\n  battery_level: 101\n  voltage: 4.603\n  channel_utilization: 0\n  air_util_tx: 0\n  uptime_seconds: 18976\n}\n"
    }
  },
  "id": 3321831325,
  "hopLimit": 3,
  "priority": "BACKGROUND",
  "raw": "from: 164906676\nto: 4294967295\ndecoded {\n  portnum: TELEMETRY_APP\n  payload: \"\\r^J\\000\\000\\022\\025\\010e\\025\\307K\\223@\\035\\000\\000\\000\\000%\\000\\000\\000\\000(\\240\\224\\001\"\n}\nid: 3321831325\nhop_limit: 3\npriority: BACKGROUND\n",
  "fromId": "!09d446b4",
  "toId": "^all"
}
============================================================
{
  "from": 164906676,
  "to": 4294967295,
  "decoded": {
    "portnum": "TELEMETRY_APP",
    "payload": "b'\\r^J\\x00\\x002\\x1f\\x08\\xa0\\x94\\x01 \\x01(\\x030\\x03@\\x01`\\x90\\x99\\x0fh\\xd0\\xcf\\x04x\\x9b\\xff\\xff\\xff\\xff\\xff\\xff\\xff\\xff\\x01'",
    "telemetry": {
      "time": 19038,
      "localStats": {
        "uptimeSeconds": 18976,
        "numPacketsTx": 1,
        "numPacketsRx": 3,
        "numPacketsRxBad": 3,
        "numTotalNodes": 1,
        "heapTotalBytes": 248976,
        "heapFreeBytes": 75728,
        "noiseFloor": -101
      },
      "raw": "time: 19038\nlocal_stats {\n  uptime_seconds: 18976\n  num_packets_tx: 1\n  num_packets_rx: 3\n  num_packets_rx_bad: 3\n  num_total_nodes: 1\n  heap_total_bytes: 248976\n  heap_free_bytes: 75728\n  noise_floor: -101\n}\n"
    }
  },
  "id": 1230803870,
  "hopLimit": 3,
  "priority": "BACKGROUND",
  "raw": "from: 164906676\nto: 4294967295\ndecoded {\n  portnum: TELEMETRY_APP\n  payload: \"\\r^J\\000\\0002\\037\\010\\240\\224\\001 \\001(\\0030\\003@\\001`\\220\\231\\017h\\320\\317\\004x\\233\\377\\377\\377\\377\\377\\377\\377\\377\\001\"\n}\nid: 1230803870\nhop_limit: 3\npriority: BACKGROUND\n",
  "fromId": "!09d446b4",
  "toId": "^all"
}
============================================================
{
  "from": 164906676,
  "to": 4294967295,
  "decoded": {
    "portnum": "TELEMETRY_APP",
    "payload": "b'\\r\\x9aJ\\x00\\x00\\x12\\x15\\x08e\\x15\\x00\\x00\\x94@\\x1d\\x00\\x00\\x00\\x00%\\x00\\x00\\x00\\x00(\\xdc\\x94\\x01'",
    "telemetry": {
      "time": 19098,
      "deviceMetrics": {
        "batteryLevel": 101,
        "voltage": 4.625,
        "channelUtilization": 0.0,
        "airUtilTx": 0.0,
        "uptimeSeconds": 19036
      },
      "raw": "time: 19098\ndevice_metrics {\n  battery_level: 101\n  voltage: 4.625\n  channel_utilization: 0\n  air_util_tx: 0\n  uptime_seconds: 19036\n}\n"
    }
  },
  "id": 2297426847,
  "hopLimit": 3,
  "priority": "BACKGROUND",
  "raw": "from: 164906676\nto: 4294967295\ndecoded {\n  portnum: TELEMETRY_APP\n  payload: \"\\r\\232J\\000\\000\\022\\025\\010e\\025\\000\\000\\224@\\035\\000\\000\\000\\000%\\000\\000\\000\\000(\\334\\224\\001\"\n}\nid: 2297426847\nhop_limit: 3\npriority: BACKGROUND\n",
  "fromId": "!09d446b4",
  "toId": "^all"
}
============================================================
{
  "from": 164906676,
  "to": 4294967295,
  "decoded": {
    "portnum": "TELEMETRY_APP",
    "payload": "b'\\r\\xd6J\\x00\\x00\\x12\\x15\\x08e\\x15/\\xdd\\x94@\\x1d\\x00\\x00\\x00\\x00%\\x00\\x00\\x00\\x00(\\x98\\x95\\x01'",
    "telemetry": {
      "time": 19158,
      "deviceMetrics": {
        "batteryLevel": 101,
        "voltage": 4.652,
        "channelUtilization": 0.0,
        "airUtilTx": 0.0,
        "uptimeSeconds": 19096
      },
      "raw": "time: 19158\ndevice_metrics {\n  battery_level: 101\n  voltage: 4.652\n  channel_utilization: 0\n  air_util_tx: 0\n  uptime_seconds: 19096\n}\n"
    }
  },
  "id": 414385056,
  "hopLimit": 3,
  "priority": "BACKGROUND",
  "raw": "from: 164906676\nto: 4294967295\ndecoded {\n  portnum: TELEMETRY_APP\n  payload: \"\\r\\326J\\000\\000\\022\\025\\010e\\025/\\335\\224@\\035\\000\\000\\000\\000%\\000\\000\\000\\000(\\230\\225\\001\"\n}\nid: 414385056\nhop_limit: 3\npriority: BACKGROUND\n",
  "fromId": "!09d446b4",
  "toId": "^all"
}
============================================================
{
  "from": 164906676,
  "to": 4294967295,
  "decoded": {
    "portnum": "TELEMETRY_APP",
    "payload": "b'\\r\\x12K\\x00\\x00\\x12\\x15\\x08e\\x15\\x8bl\\x93@\\x1d\\x00\\x00\\x00\\x00%\\x00\\x00\\x00\\x00(\\xd4\\x95\\x01'",
    "telemetry": {
      "time": 19218,
      "deviceMetrics": {
        "batteryLevel": 101,
        "voltage": 4.607,
        "channelUtilization": 0.0,
        "airUtilTx": 0.0,
        "uptimeSeconds": 19156
      },
      "raw": "time: 19218\ndevice_metrics {\n  battery_level: 101\n  voltage: 4.607\n  channel_utilization: 0\n  air_util_tx: 0\n  uptime_seconds: 19156\n}\n"
    }
  },
  "id": 3164054433,
  "hopLimit": 3,
  "priority": "BACKGROUND",
  "raw": "from: 164906676\nto: 4294967295\ndecoded {\n  portnum: TELEMETRY_APP\n  payload: \"\\r\\022K\\000\\000\\022\\025\\010e\\025\\213l\\223@\\035\\000\\000\\000\\000%\\000\\000\\000\\000(\\324\\225\\001\"\n}\nid: 3164054433\nhop_limit: 3\npriority: BACKGROUND\n",
  "fromId": "!09d446b4",
  "toId": "^all"
}
============================================================
{
  "from": 164906676,
  "to": 4294967295,
  "decoded": {
    "portnum": "TELEMETRY_APP",
    "payload": "b'\\rNK\\x00\\x00\\x12\\x15\\x08e\\x15\\xe1z\\x94@\\x1d\\x00\\x00\\x00\\x00%\\x00\\x00\\x00\\x00(\\x90\\x96\\x01'",
    "telemetry": {
      "time": 19278,
      "deviceMetrics": {
        "batteryLevel": 101,
        "voltage": 4.64,
        "channelUtilization": 0.0,
        "airUtilTx": 0.0,
        "uptimeSeconds": 19216
      },
      "raw": "time: 19278\ndevice_metrics {\n  battery_level: 101\n  voltage: 4.64\n  channel_utilization: 0\n  air_util_tx: 0\n  uptime_seconds: 19216\n}\n"
    }
  },
  "id": 3224797090,
  "hopLimit": 3,
  "priority": "BACKGROUND",
  "raw": "from: 164906676\nto: 4294967295\ndecoded {\n  portnum: TELEMETRY_APP\n  payload: \"\\rNK\\000\\000\\022\\025\\010e\\025\\341z\\224@\\035\\000\\000\\000\\000%\\000\\000\\000\\000(\\220\\226\\001\"\n}\nid: 3224797090\nhop_limit: 3\npriority: BACKGROUND\n",
  "fromId": "!09d446b4",
  "toId": "^all"
}
============================================================
{
  "from": 164906676,
  "to": 4294967295,
  "decoded": {
    "portnum": "TELEMETRY_APP",
    "payload": "b'\\r\\x8aK\\x00\\x00\\x12\\x15\\x08e\\x15\\xf6(\\x94@\\x1d\\x00\\x00\\x00\\x00%\\x00\\x00\\x00\\x00(\\xcc\\x96\\x01'",
    "telemetry": {
      "time": 19338,
      "deviceMetrics": {
        "batteryLevel": 101,
        "voltage": 4.63,
        "channelUtilization": 0.0,
        "airUtilTx": 0.0,
        "uptimeSeconds": 19276
      },
      "raw": "time: 19338\ndevice_metrics {\n  battery_level: 101\n  voltage: 4.63\n  channel_utilization: 0\n  air_util_tx: 0\n  uptime_seconds: 19276\n}\n"
    }
  },
  "id": 1044709283,
  "hopLimit": 3,
  "priority": "BACKGROUND",
  "raw": "from: 164906676\nto: 4294967295\ndecoded {\n  portnum: TELEMETRY_APP\n  payload: \"\\r\\212K\\000\\000\\022\\025\\010e\\025\\366(\\224@\\035\\000\\000\\000\\000%\\000\\000\\000\\000(\\314\\226\\001\"\n}\nid: 1044709283\nhop_limit: 3\npriority: BACKGROUND\n",
  "fromId": "!09d446b4",
  "toId": "^all"
}
============================================================
{
  "from": 164906676,
  "to": 4294967295,
  "decoded": {
    "portnum": "TELEMETRY_APP",
    "payload": "b'\\r\\xc6K\\x00\\x00\\x12\\x15\\x08e\\x15Zd\\x93@\\x1d\\x00\\x00\\x00\\x00%\\x00\\x00\\x00\\x00(\\x88\\x97\\x01'",
    "telemetry": {
      "time": 19398,
      "deviceMetrics": {
        "batteryLevel": 101,
        "voltage": 4.606,
        "channelUtilization": 0.0,
        "airUtilTx": 0.0,
        "uptimeSeconds": 19336
      },
      "raw": "time: 19398\ndevice_metrics {\n  battery_level: 101\n  voltage: 4.606\n  channel_utilization: 0\n  air_util_tx: 0\n  uptime_seconds: 19336\n}\n"
    }
  },
  "id": 3715965860,
  "hopLimit": 3,
  "priority": "BACKGROUND",
  "raw": "from: 164906676\nto: 4294967295\ndecoded {\n  portnum: TELEMETRY_APP\n  payload: \"\\r\\306K\\000\\000\\022\\025\\010e\\025Zd\\223@\\035\\000\\000\\000\\000%\\000\\000\\000\\000(\\210\\227\\001\"\n}\nid: 3715965860\nhop_limit: 3\npriority: BACKGROUND\n",
  "fromId": "!09d446b4",
  "toId": "^all"
}
============================================================
{
  "from": 164906676,
  "to": 4294967295,
  "decoded": {
    "portnum": "TELEMETRY_APP",
    "payload": "b'\\r\\x02L\\x00\\x00\\x12\\x15\\x08e\\x15\\x98n\\x92@\\x1d\\x00\\x00\\x00\\x00%\\x00\\x00\\x00\\x00(\\xc4\\x97\\x01'",
    "telemetry": {
      "time": 19458,
      "deviceMetrics": {
        "batteryLevel": 101,
        "voltage": 4.576,
        "channelUtilization": 0.0,
        "airUtilTx": 0.0,
        "uptimeSeconds": 19396
      },
      "raw": "time: 19458\ndevice_metrics {\n  battery_level: 101\n  voltage: 4.576\n  channel_utilization: 0\n  air_util_tx: 0\n  uptime_seconds: 19396\n}\n"
    }
  },
  "id": 3771194277,
  "hopLimit": 3,
  "priority": "BACKGROUND",
  "raw": "from: 164906676\nto: 4294967295\ndecoded {\n  portnum: TELEMETRY_APP\n  payload: \"\\r\\002L\\000\\000\\022\\025\\010e\\025\\230n\\222@\\035\\000\\000\\000\\000%\\000\\000\\000\\000(\\304\\227\\001\"\n}\nid: 3771194277\nhop_limit: 3\npriority: BACKGROUND\n",
  "fromId": "!09d446b4",
  "toId": "^all"
}
============================================================
{
  "from": 164906676,
  "to": 4294967295,
  "decoded": {
    "portnum": "TELEMETRY_APP",
    "payload": "b'\\r>L\\x00\\x00\\x12\\x15\\x08e\\x15\\x9e\\xef\\x93@\\x1d\\x00\\x00\\x00\\x00%\\x00\\x00\\x00\\x00(\\x80\\x98\\x01'",
    "telemetry": {
      "time": 19518,
      "deviceMetrics": {
        "batteryLevel": 101,
        "voltage": 4.623,
        "channelUtilization": 0.0,
        "airUtilTx": 0.0,
        "uptimeSeconds": 19456
      },
      "raw": "time: 19518\ndevice_metrics {\n  battery_level: 101\n  voltage: 4.623\n  channel_utilization: 0\n  air_util_tx: 0\n  uptime_seconds: 19456\n}\n"
    }
  },
  "id": 1795940262,
  "hopLimit": 3,
  "priority": "BACKGROUND",
  "raw": "from: 164906676\nto: 4294967295\ndecoded {\n  portnum: TELEMETRY_APP\n  payload: \"\\r>L\\000\\000\\022\\025\\010e\\025\\236\\357\\223@\\035\\000\\000\\000\\000%\\000\\000\\000\\000(\\200\\230\\001\"\n}\nid: 1795940262\nhop_limit: 3\npriority: BACKGROUND\n",
  "fromId": "!09d446b4",
  "toId": "^all"
}
============================================================
{
  "from": 164906676,
  "to": 4294967295,
  "decoded": {
    "portnum": "TELEMETRY_APP",
    "payload": "b'\\rzL\\x00\\x00\\x12\\x15\\x08e\\x15R\\xb8\\x92@\\x1d\\x00\\x00\\x00\\x00%\\x00\\x00\\x00\\x00(\\xbc\\x98\\x01'",
    "telemetry": {
      "time": 19578,
      "deviceMetrics": {
        "batteryLevel": 101,
        "voltage": 4.585,
        "channelUtilization": 0.0,
        "airUtilTx": 0.0,
        "uptimeSeconds": 19516
      },
      "raw": "time: 19578\ndevice_metrics {\n  battery_level: 101\n  voltage: 4.585\n  channel_utilization: 0\n  air_util_tx: 0\n  uptime_seconds: 19516\n}\n"
    }
  },
  "id": 1311163303,
  "hopLimit": 3,
  "priority": "BACKGROUND",
  "raw": "from: 164906676\nto: 4294967295\ndecoded {\n  portnum: TELEMETRY_APP\n  payload: \"\\rzL\\000\\000\\022\\025\\010e\\025R\\270\\222@\\035\\000\\000\\000\\000%\\000\\000\\000\\000(\\274\\230\\001\"\n}\nid: 1311163303\nhop_limit: 3\npriority: BACKGROUND\n",
  "fromId": "!09d446b4",
  "toId": "^all"
}
============================================================
{
  "from": 164906676,
  "to": 4294967295,
  "decoded": {
    "portnum": "TELEMETRY_APP",
    "payload": "b'\\r\\xb6L\\x00\\x00\\x12\\x15\\x08e\\x15y\\xe9\\x92@\\x1d\\x00\\x00\\x00\\x00%\\x00\\x00\\x00\\x00(\\xf8\\x98\\x01'",
    "telemetry": {
      "time": 19638,
      "deviceMetrics": {
        "batteryLevel": 101,
        "voltage": 4.591,
        "channelUtilization": 0.0,
        "airUtilTx": 0.0,
        "uptimeSeconds": 19576
      },
      "raw": "time: 19638\ndevice_metrics {\n  battery_level: 101\n  voltage: 4.591\n  channel_utilization: 0\n  air_util_tx: 0\n  uptime_seconds: 19576\n}\n"
    }
  },
  "id": 1564019624,
  "hopLimit": 3,
  "priority": "BACKGROUND",
  "raw": "from: 164906676\nto: 4294967295\ndecoded {\n  portnum: TELEMETRY_APP\n  payload: \"\\r\\266L\\000\\000\\022\\025\\010e\\025y\\351\\222@\\035\\000\\000\\000\\000%\\000\\000\\000\\000(\\370\\230\\001\"\n}\nid: 1564019624\nhop_limit: 3\npriority: BACKGROUND\n",
  "fromId": "!09d446b4",
  "toId": "^all"
}
============================================================
{
  "from": 164906676,
  "to": 4294967295,
  "decoded": {
    "portnum": "TELEMETRY_APP",
    "payload": "b'\\r\\xf2L\\x00\\x00\\x12\\x15\\x08e\\x15\\x9e\\xef\\x93@\\x1d\\x00\\x00\\x00\\x00%\\x00\\x00\\x00\\x00(\\xb4\\x99\\x01'",
    "telemetry": {
      "time": 19698,
      "deviceMetrics": {
        "batteryLevel": 101,
        "voltage": 4.623,
        "channelUtilization": 0.0,
        "airUtilTx": 0.0,
        "uptimeSeconds": 19636
      },
      "raw": "time: 19698\ndevice_metrics {\n  battery_level: 101\n  voltage: 4.623\n  channel_utilization: 0\n  air_util_tx: 0\n  uptime_seconds: 19636\n}\n"
    }
  },
  "id": 1549747113,
  "hopLimit": 3,
  "priority": "BACKGROUND",
  "raw": "from: 164906676\nto: 4294967295\ndecoded {\n  portnum: TELEMETRY_APP\n  payload: \"\\r\\362L\\000\\000\\022\\025\\010e\\025\\236\\357\\223@\\035\\000\\000\\000\\000%\\000\\000\\000\\000(\\264\\231\\001\"\n}\nid: 1549747113\nhop_limit: 3\npriority: BACKGROUND\n",
  "fromId": "!09d446b4",
  "toId": "^all"
}
============================================================
{
  "from": 164906676,
  "to": 4294967295,
  "decoded": {
    "portnum": "TELEMETRY_APP",
    "payload": "b'\\r/M\\x00\\x00\\x12\\x15\\x08e\\x15\\xf0\\xa7\\x92@\\x1d\\x00\\x00\\x00\\x00%\\x00\\x00\\x00\\x00(\\xf0\\x99\\x01'",
    "telemetry": {
      "time": 19759,
      "deviceMetrics": {
        "batteryLevel": 101,
        "voltage": 4.583,
        "channelUtilization": 0.0,
        "airUtilTx": 0.0,
        "uptimeSeconds": 19696
      },
      "raw": "time: 19759\ndevice_metrics {\n  battery_level: 101\n  voltage: 4.583\n  channel_utilization: 0\n  air_util_tx: 0\n  uptime_seconds: 19696\n}\n"
    }
  },
  "id": 3651644330,
  "hopLimit": 3,
  "priority": "BACKGROUND",
  "raw": "from: 164906676\nto: 4294967295\ndecoded {\n  portnum: TELEMETRY_APP\n  payload: \"\\r/M\\000\\000\\022\\025\\010e\\025\\360\\247\\222@\\035\\000\\000\\000\\000%\\000\\000\\000\\000(\\360\\231\\001\"\n}\nid: 3651644330\nhop_limit: 3\npriority: BACKGROUND\n",
  "fromId": "!09d446b4",
  "toId": "^all"
}
============================================================
{
  "from": 164906676,
  "to": 4294967295,
  "decoded": {
    "portnum": "TELEMETRY_APP",
    "payload": "b'\\rkM\\x00\\x00\\x12\\x15\\x08e\\x15\\xc5 \\x94@\\x1d\\x00\\x00\\x00\\x00%\\x00\\x00\\x00\\x00(\\xac\\x9a\\x01'",
    "telemetry": {
      "time": 19819,
      "deviceMetrics": {
        "batteryLevel": 101,
        "voltage": 4.629,
        "channelUtilization": 0.0,
        "airUtilTx": 0.0,
        "uptimeSeconds": 19756
      },
      "raw": "time: 19819\ndevice_metrics {\n  battery_level: 101\n  voltage: 4.629\n  channel_utilization: 0\n  air_util_tx: 0\n  uptime_seconds: 19756\n}\n"
    }
  },
  "id": 3026019243,
  "hopLimit": 3,
  "priority": "BACKGROUND",
  "raw": "from: 164906676\nto: 4294967295\ndecoded {\n  portnum: TELEMETRY_APP\n  payload: \"\\rkM\\000\\000\\022\\025\\010e\\025\\305 \\224@\\035\\000\\000\\000\\000%\\000\\000\\000\\000(\\254\\232\\001\"\n}\nid: 3026019243\nhop_limit: 3\npriority: BACKGROUND\n",
  "fromId": "!09d446b4",
  "toId": "^all"
}
============================================================
{
  "from": 164906676,
  "to": 4294967295,
  "decoded": {
    "portnum": "TELEMETRY_APP",
    "payload": "b'\\r\\xa7M\\x00\\x00\\x12\\x15\\x08e\\x15\\x1f\\x85\\x93@\\x1d\\x00\\x00\\x00\\x00%\\x00\\x00\\x00\\x00(\\xe9\\x9a\\x01'",
    "telemetry": {
      "time": 19879,
      "deviceMetrics": {
        "batteryLevel": 101,
        "voltage": 4.61,
        "channelUtilization": 0.0,
        "airUtilTx": 0.0,
        "uptimeSeconds": 19817
      },
      "raw": "time: 19879\ndevice_metrics {\n  battery_level: 101\n  voltage: 4.61\n  channel_utilization: 0\n  air_util_tx: 0\n  uptime_seconds: 19817\n}\n"
    }
  },
  "id": 1598381996,
  "hopLimit": 3,
  "priority": "BACKGROUND",
  "raw": "from: 164906676\nto: 4294967295\ndecoded {\n  portnum: TELEMETRY_APP\n  payload: \"\\r\\247M\\000\\000\\022\\025\\010e\\025\\037\\205\\223@\\035\\000\\000\\000\\000%\\000\\000\\000\\000(\\351\\232\\001\"\n}\nid: 1598381996\nhop_limit: 3\npriority: BACKGROUND\n",
  "fromId": "!09d446b4",
  "toId": "^all"
}
============================================================
{
  "from": 164906676,
  "to": 4294967295,
  "decoded": {
    "portnum": "TELEMETRY_APP",
    "payload": "b'\\r\\xe3M\\x00\\x00\\x12\\x15\\x08e\\x15\\x96C\\x93@\\x1d\\x00\\x00\\x00\\x00%\\x00\\x00\\x00\\x00(\\xa5\\x9b\\x01'",
    "telemetry": {
      "time": 19939,
      "deviceMetrics": {
        "batteryLevel": 101,
        "voltage": 4.602,
        "channelUtilization": 0.0,
        "airUtilTx": 0.0,
        "uptimeSeconds": 19877
      },
      "raw": "time: 19939\ndevice_metrics {\n  battery_level: 101\n  voltage: 4.602\n  channel_utilization: 0\n  air_util_tx: 0\n  uptime_seconds: 19877\n}\n"
    }
  },
  "id": 3523723181,
  "hopLimit": 3,
  "priority": "BACKGROUND",
  "raw": "from: 164906676\nto: 4294967295\ndecoded {\n  portnum: TELEMETRY_APP\n  payload: \"\\r\\343M\\000\\000\\022\\025\\010e\\025\\226C\\223@\\035\\000\\000\\000\\000%\\000\\000\\000\\000(\\245\\233\\001\"\n}\nid: 3523723181\nhop_limit: 3\npriority: BACKGROUND\n",
  "fromId": "!09d446b4",
  "toId": "^all"
}
============================================================
{
  "from": 164906676,
  "to": 4294967295,
  "decoded": {
    "portnum": "TELEMETRY_APP",
    "payload": "b'\\r\\xe3M\\x00\\x002\\x1f\\x08\\xa5\\x9b\\x01 \\x01(\\x030\\x03@\\x01`\\x90\\x99\\x0fh\\xd0\\xcf\\x04x\\x9b\\xff\\xff\\xff\\xff\\xff\\xff\\xff\\xff\\x01'",
    "telemetry": {
      "time": 19939,
      "localStats": {
        "uptimeSeconds": 19877,
        "numPacketsTx": 1,
        "numPacketsRx": 3,
        "numPacketsRxBad": 3,
        "numTotalNodes": 1,
        "heapTotalBytes": 248976,
        "heapFreeBytes": 75728,
        "noiseFloor": -101
      },
      "raw": "time: 19939\nlocal_stats {\n  uptime_seconds: 19877\n  num_packets_tx: 1\n  num_packets_rx: 3\n  num_packets_rx_bad: 3\n  num_total_nodes: 1\n  heap_total_bytes: 248976\n  heap_free_bytes: 75728\n  noise_floor: -101\n}\n"
    }
  },
  "id": 1557838766,
  "hopLimit": 3,
  "priority": "BACKGROUND",
  "raw": "from: 164906676\nto: 4294967295\ndecoded {\n  portnum: TELEMETRY_APP\n  payload: \"\\r\\343M\\000\\0002\\037\\010\\245\\233\\001 \\001(\\0030\\003@\\001`\\220\\231\\017h\\320\\317\\004x\\233\\377\\377\\377\\377\\377\\377\\377\\377\\001\"\n}\nid: 1557838766\nhop_limit: 3\npriority: BACKGROUND\n",
  "fromId": "!09d446b4",
  "toId": "^all"
}
============================================================
{
  "from": 164906676,
  "to": 4294967295,
  "decoded": {
    "portnum": "TELEMETRY_APP",
    "payload": "b'\\r\\x1fN\\x00\\x00\\x12\\x15\\x08e\\x15\\xecQ\\x94@\\x1d\\x00\\x00\\x00\\x00%\\x00\\x00\\x00\\x00(\\xe1\\x9b\\x01'",
    "telemetry": {
      "time": 19999,
      "deviceMetrics": {
        "batteryLevel": 101,
        "voltage": 4.635,
        "channelUtilization": 0.0,
        "airUtilTx": 0.0,
        "uptimeSeconds": 19937
      },
      "raw": "time: 19999\ndevice_metrics {\n  battery_level: 101\n  voltage: 4.635\n  channel_utilization: 0\n  air_util_tx: 0\n  uptime_seconds: 19937\n}\n"
    }
  },
  "id": 2086833071,
  "hopLimit": 3,
  "priority": "BACKGROUND",
  "raw": "from: 164906676\nto: 4294967295\ndecoded {\n  portnum: TELEMETRY_APP\n  payload: \"\\r\\037N\\000\\000\\022\\025\\010e\\025\\354Q\\224@\\035\\000\\000\\000\\000%\\000\\000\\000\\000(\\341\\233\\001\"\n}\nid: 2086833071\nhop_limit: 3\npriority: BACKGROUND\n",
  "fromId": "!09d446b4",
  "toId": "^all"
}
============================================================
{
  "from": 164906676,
  "to": 4294967295,
  "decoded": {
    "portnum": "TELEMETRY_APP",
    "payload": "b'\\r[N\\x00\\x00\\x12\\x15\\x08e\\x15m\\xe7\\x93@\\x1d\\x00\\x00\\x00\\x00%\\x00\\x00\\x00\\x00(\\x9d\\x9c\\x01'",
    "telemetry": {
      "time": 20059,
      "deviceMetrics": {
        "batteryLevel": 101,
        "voltage": 4.622,
        "channelUtilization": 0.0,
        "airUtilTx": 0.0,
        "uptimeSeconds": 19997
      },
      "raw": "time: 20059\ndevice_metrics {\n  battery_level: 101\n  voltage: 4.622\n  channel_utilization: 0\n  air_util_tx: 0\n  uptime_seconds: 19997\n}\n"
    }
  },
  "id": 1713114032,
  "hopLimit": 3,
  "priority": "BACKGROUND",
  "raw": "from: 164906676\nto: 4294967295\ndecoded {\n  portnum: TELEMETRY_APP\n  payload: \"\\r[N\\000\\000\\022\\025\\010e\\025m\\347\\223@\\035\\000\\000\\000\\000%\\000\\000\\000\\000(\\235\\234\\001\"\n}\nid: 1713114032\nhop_limit: 3\npriority: BACKGROUND\n",
  "fromId": "!09d446b4",
  "toId": "^all"
}
============================================================
{
  "from": 164906676,
  "to": 4294967295,
  "decoded": {
    "portnum": "TELEMETRY_APP",
    "payload": "b'\\r\\x97N\\x00\\x00\\x12\\x15\\x08e\\x15X9\\x94@\\x1d\\x00\\x00\\x00\\x00%\\x00\\x00\\x00\\x00(\\xd9\\x9c\\x01'",
    "telemetry": {
      "time": 20119,
      "deviceMetrics": {
        "batteryLevel": 101,
        "voltage": 4.632,
        "channelUtilization": 0.0,
        "airUtilTx": 0.0,
        "uptimeSeconds": 20057
      },
      "raw": "time: 20119\ndevice_metrics {\n  battery_level: 101\n  voltage: 4.632\n  channel_utilization: 0\n  air_util_tx: 0\n  uptime_seconds: 20057\n}\n"
    }
  },
  "id": 1062600625,
  "hopLimit": 3,
  "priority": "BACKGROUND",
  "raw": "from: 164906676\nto: 4294967295\ndecoded {\n  portnum: TELEMETRY_APP\n  payload: \"\\r\\227N\\000\\000\\022\\025\\010e\\025X9\\224@\\035\\000\\000\\000\\000%\\000\\000\\000\\000(\\331\\234\\001\"\n}\nid: 1062600625\nhop_limit: 3\npriority: BACKGROUND\n",
  "fromId": "!09d446b4",
  "toId": "^all"
}
============================================================
{
  "from": 164906676,
  "to": 4294967295,
  "decoded": {
    "portnum": "TELEMETRY_APP",
    "payload": "b'\\r\\xd3N\\x00\\x00\\x12\\x15\\x08e\\x15\\xfa~\\x92@\\x1d\\x00\\x00\\x00\\x00%\\x00\\x00\\x00\\x00(\\x95\\x9d\\x01'",
    "telemetry": {
      "time": 20179,
      "deviceMetrics": {
        "batteryLevel": 101,
        "voltage": 4.578,
        "channelUtilization": 0.0,
        "airUtilTx": 0.0,
        "uptimeSeconds": 20117
      },
      "raw": "time: 20179\ndevice_metrics {\n  battery_level: 101\n  voltage: 4.578\n  channel_utilization: 0\n  air_util_tx: 0\n  uptime_seconds: 20117\n}\n"
    }
  },
  "id": 2251453362,
  "hopLimit": 3,
  "priority": "BACKGROUND",
  "raw": "from: 164906676\nto: 4294967295\ndecoded {\n  portnum: TELEMETRY_APP\n  payload: \"\\r\\323N\\000\\000\\022\\025\\010e\\025\\372~\\222@\\035\\000\\000\\000\\000%\\000\\000\\000\\000(\\225\\235\\001\"\n}\nid: 2251453362\nhop_limit: 3\npriority: BACKGROUND\n",
  "fromId": "!09d446b4",
  "toId": "^all"
}
============================================================
{
  "from": 164906676,
  "to": 4294967295,
  "decoded": {
    "portnum": "TELEMETRY_APP",
    "payload": "b'\\r\\x0fO\\x00\\x00\\x12\\x15\\x08e\\x15ff\\x92@\\x1d\\x00\\x00\\x00\\x00%\\x00\\x00\\x00\\x00(\\xd1\\x9d\\x01'",
    "telemetry": {
      "time": 20239,
      "deviceMetrics": {
        "batteryLevel": 101,
        "voltage": 4.575,
        "channelUtilization": 0.0,
        "airUtilTx": 0.0,
        "uptimeSeconds": 20177
      },
      "raw": "time: 20239\ndevice_metrics {\n  battery_level: 101\n  voltage: 4.575\n  channel_utilization: 0\n  air_util_tx: 0\n  uptime_seconds: 20177\n}\n"
    }
  },
  "id": 2433796019,
  "hopLimit": 3,
  "priority": "BACKGROUND",
  "raw": "from: 164906676\nto: 4294967295\ndecoded {\n  portnum: TELEMETRY_APP\n  payload: \"\\r\\017O\\000\\000\\022\\025\\010e\\025ff\\222@\\035\\000\\000\\000\\000%\\000\\000\\000\\000(\\321\\235\\001\"\n}\nid: 2433796019\nhop_limit: 3\npriority: BACKGROUND\n",
  "fromId": "!09d446b4",
  "toId": "^all"
}
============================================================
{
  "from": 164906676,
  "to": 4294967295,
  "decoded": {
    "portnum": "TELEMETRY_APP",
    "payload": "b'\\rKO\\x00\\x00\\x12\\x15\\x08e\\x15\\xe7\\xfb\\x91@\\x1d\\x00\\x00\\x00\\x00%\\x00\\x00\\x00\\x00(\\x8d\\x9e\\x01'",
    "telemetry": {
      "time": 20299,
      "deviceMetrics": {
        "batteryLevel": 101,
        "voltage": 4.562,
        "channelUtilization": 0.0,
        "airUtilTx": 0.0,
        "uptimeSeconds": 20237
      },
      "raw": "time: 20299\ndevice_metrics {\n  battery_level: 101\n  voltage: 4.562\n  channel_utilization: 0\n  air_util_tx: 0\n  uptime_seconds: 20237\n}\n"
    }
  },
  "id": 893226932,
  "hopLimit": 3,
  "priority": "BACKGROUND",
  "raw": "from: 164906676\nto: 4294967295\ndecoded {\n  portnum: TELEMETRY_APP\n  payload: \"\\rKO\\000\\000\\022\\025\\010e\\025\\347\\373\\221@\\035\\000\\000\\000\\000%\\000\\000\\000\\000(\\215\\236\\001\"\n}\nid: 893226932\nhop_limit: 3\npriority: BACKGROUND\n",
  "fromId": "!09d446b4",
  "toId": "^all"
}
============================================================
{
  "from": 164906676,
  "to": 4294967295,
  "decoded": {
    "portnum": "TELEMETRY_APP",
    "payload": "b'\\r\\x87O\\x00\\x00\\x12\\x15\\x08e\\x15\\xfe\\xd4\\x94@\\x1d\\x00\\x00\\x00\\x00%\\x00\\x00\\x00\\x00(\\xc9\\x9e\\x01'",
    "telemetry": {
      "time": 20359,
      "deviceMetrics": {
        "batteryLevel": 101,
        "voltage": 4.651,
        "channelUtilization": 0.0,
        "airUtilTx": 0.0,
        "uptimeSeconds": 20297
      },
      "raw": "time: 20359\ndevice_metrics {\n  battery_level: 101\n  voltage: 4.651\n  channel_utilization: 0\n  air_util_tx: 0\n  uptime_seconds: 20297\n}\n"
    }
  },
  "id": 613290933,
  "hopLimit": 3,
  "priority": "BACKGROUND",
  "raw": "from: 164906676\nto: 4294967295\ndecoded {\n  portnum: TELEMETRY_APP\n  payload: \"\\r\\207O\\000\\000\\022\\025\\010e\\025\\376\\324\\224@\\035\\000\\000\\000\\000%\\000\\000\\000\\000(\\311\\236\\001\"\n}\nid: 613290933\nhop_limit: 3\npriority: BACKGROUND\n",
  "fromId": "!09d446b4",
  "toId": "^all"
}
============================================================
{
  "from": 164906676,
  "to": 4294967295,
  "decoded": {
    "portnum": "TELEMETRY_APP",
    "payload": "b'\\r\\xc3O\\x00\\x00\\x12\\x15\\x08e\\x15\\xe7\\xfb\\x91@\\x1d\\x00\\x00\\x00\\x00%\\x00\\x00\\x00\\x00(\\x85\\x9f\\x01'",
    "telemetry": {
      "time": 20419,
      "deviceMetrics": {
        "batteryLevel": 101,
        "voltage": 4.562,
        "channelUtilization": 0.0,
        "airUtilTx": 0.0,
        "uptimeSeconds": 20357
      },
      "raw": "time: 20419\ndevice_metrics {\n  battery_level: 101\n  voltage: 4.562\n  channel_utilization: 0\n  air_util_tx: 0\n  uptime_seconds: 20357\n}\n"
    }
  },
  "id": 3210223542,
  "hopLimit": 3,
  "priority": "BACKGROUND",
  "raw": "from: 164906676\nto: 4294967295\ndecoded {\n  portnum: TELEMETRY_APP\n  payload: \"\\r\\303O\\000\\000\\022\\025\\010e\\025\\347\\373\\221@\\035\\000\\000\\000\\000%\\000\\000\\000\\000(\\205\\237\\001\"\n}\nid: 3210223542\nhop_limit: 3\npriority: BACKGROUND\n",
  "fromId": "!09d446b4",
  "toId": "^all"
}
============================================================
{
  "from": 164906676,
  "to": 4294967295,
  "decoded": {
    "portnum": "TELEMETRY_APP",
    "payload": "b'\\r\\xffO\\x00\\x00\\x12\\x15\\x08e\\x15\\xb2\\x9d\\x93@\\x1d\\x00\\x00\\x00\\x00%\\x00\\x00\\x00\\x00(\\xc1\\x9f\\x01'",
    "telemetry": {
      "time": 20479,
      "deviceMetrics": {
        "batteryLevel": 101,
        "voltage": 4.613,
        "channelUtilization": 0.0,
        "airUtilTx": 0.0,
        "uptimeSeconds": 20417
      },
      "raw": "time: 20479\ndevice_metrics {\n  battery_level: 101\n  voltage: 4.613\n  channel_utilization: 0\n  air_util_tx: 0\n  uptime_seconds: 20417\n}\n"
    }
  },
  "id": 1649767351,
  "hopLimit": 3,
  "priority": "BACKGROUND",
  "raw": "from: 164906676\nto: 4294967295\ndecoded {\n  portnum: TELEMETRY_APP\n  payload: \"\\r\\377O\\000\\000\\022\\025\\010e\\025\\262\\235\\223@\\035\\000\\000\\000\\000%\\000\\000\\000\\000(\\301\\237\\001\"\n}\nid: 1649767351\nhop_limit: 3\npriority: BACKGROUND\n",
  "fromId": "!09d446b4",
  "toId": "^all"
}
============================================================
{
  "from": 164906676,
  "to": 4294967295,
  "decoded": {
    "portnum": "TELEMETRY_APP",
    "payload": "b'\\r;P\\x00\\x00\\x12\\x15\\x08e\\x15\\xb4\\xc8\\x92@\\x1d\\x00\\x00\\x00\\x00%\\x00\\x00\\x00\\x00(\\xfd\\x9f\\x01'",
    "telemetry": {
      "time": 20539,
      "deviceMetrics": {
        "batteryLevel": 101,
        "voltage": 4.587,
        "channelUtilization": 0.0,
        "airUtilTx": 0.0,
        "uptimeSeconds": 20477
      },
      "raw": "time: 20539\ndevice_metrics {\n  battery_level: 101\n  voltage: 4.587\n  channel_utilization: 0\n  air_util_tx: 0\n  uptime_seconds: 20477\n}\n"
    }
  },
  "id": 3596208056,
  "hopLimit": 3,
  "priority": "BACKGROUND",
  "raw": "from: 164906676\nto: 4294967295\ndecoded {\n  portnum: TELEMETRY_APP\n  payload: \"\\r;P\\000\\000\\022\\025\\010e\\025\\264\\310\\222@\\035\\000\\000\\000\\000%\\000\\000\\000\\000(\\375\\237\\001\"\n}\nid: 3596208056\nhop_limit: 3\npriority: BACKGROUND\n",
  "fromId": "!09d446b4",
  "toId": "^all"
}
============================================================
{
  "from": 164906676,
  "to": 4294967295,
  "decoded": {
    "portnum": "TELEMETRY_APP",
    "payload": "b'\\rwP\\x00\\x00\\x12\\x15\\x08e\\x15%\\x06\\x95@\\x1d\\x00\\x00\\x00\\x00%\\x00\\x00\\x00\\x00(\\xb9\\xa0\\x01'",
    "telemetry": {
      "time": 20599,
      "deviceMetrics": {
        "batteryLevel": 101,
        "voltage": 4.657,
        "channelUtilization": 0.0,
        "airUtilTx": 0.0,
        "uptimeSeconds": 20537
      },
      "raw": "time: 20599\ndevice_metrics {\n  battery_level: 101\n  voltage: 4.657\n  channel_utilization: 0\n  air_util_tx: 0\n  uptime_seconds: 20537\n}\n"
    }
  },
  "id": 2123568057,
  "hopLimit": 3,
  "priority": "BACKGROUND",
  "raw": "from: 164906676\nto: 4294967295\ndecoded {\n  portnum: TELEMETRY_APP\n  payload: \"\\rwP\\000\\000\\022\\025\\010e\\025%\\006\\225@\\035\\000\\000\\000\\000%\\000\\000\\000\\000(\\271\\240\\001\"\n}\nid: 2123568057\nhop_limit: 3\npriority: BACKGROUND\n",
  "fromId": "!09d446b4",
  "toId": "^all"
}
============================================================
{
  "from": 164906676,
  "to": 4294967295,
  "decoded": {
    "portnum": "TELEMETRY_APP",
    "payload": "b'\\r\\xb3P\\x00\\x00\\x12\\x15\\x08e\\x15\\xcf\\xf7\\x93@\\x1d\\x00\\x00\\x00\\x00%\\x00\\x00\\x00\\x00(\\xf5\\xa0\\x01'",
    "telemetry": {
      "time": 20659,
      "deviceMetrics": {
        "batteryLevel": 101,
        "voltage": 4.624,
        "channelUtilization": 0.0,
        "airUtilTx": 0.0,
        "uptimeSeconds": 20597
      },
      "raw": "time: 20659\ndevice_metrics {\n  battery_level: 101\n  voltage: 4.624\n  channel_utilization: 0\n  air_util_tx: 0\n  uptime_seconds: 20597\n}\n"
    }
  },
  "id": 1345178554,
  "hopLimit": 3,
  "priority": "BACKGROUND",
  "raw": "from: 164906676\nto: 4294967295\ndecoded {\n  portnum: TELEMETRY_APP\n  payload: \"\\r\\263P\\000\\000\\022\\025\\010e\\025\\317\\367\\223@\\035\\000\\000\\000\\000%\\000\\000\\000\\000(\\365\\240\\001\"\n}\nid: 1345178554\nhop_limit: 3\npriority: BACKGROUND\n",
  "fromId": "!09d446b4",
  "toId": "^all"
}
============================================================
{
  "from": 164906676,
  "to": 4294967295,
  "decoded": {
    "portnum": "TELEMETRY_APP",
    "payload": "b'\\r\\xefP\\x00\\x00\\x12\\x15\\x08e\\x159\\xb4\\x94@\\x1d\\x00\\x00\\x00\\x00%\\x00\\x00\\x00\\x00(\\xb1\\xa1\\x01'",
    "telemetry": {
      "time": 20719,
      "deviceMetrics": {
        "batteryLevel": 101,
        "voltage": 4.647,
        "channelUtilization": 0.0,
        "airUtilTx": 0.0,
        "uptimeSeconds": 20657
      },
      "raw": "time: 20719\ndevice_metrics {\n  battery_level: 101\n  voltage: 4.647\n  channel_utilization: 0\n  air_util_tx: 0\n  uptime_seconds: 20657\n}\n"
    }
  },
  "id": 1137030075,
  "hopLimit": 3,
  "priority": "BACKGROUND",
  "raw": "from: 164906676\nto: 4294967295\ndecoded {\n  portnum: TELEMETRY_APP\n  payload: \"\\r\\357P\\000\\000\\022\\025\\010e\\0259\\264\\224@\\035\\000\\000\\000\\000%\\000\\000\\000\\000(\\261\\241\\001\"\n}\nid: 1137030075\nhop_limit: 3\npriority: BACKGROUND\n",
  "fromId": "!09d446b4",
  "toId": "^all"
}
============================================================
{
  "from": 164906676,
  "to": 4294967295,
  "decoded": {
    "portnum": "TELEMETRY_APP",
    "payload": "b'\\r+Q\\x00\\x00\\x12\\x15\\x08e\\x15\\xf4\\xfd\\x94@\\x1d\\x00\\x00\\x00\\x00%\\x00\\x00\\x00\\x00(\\xed\\xa1\\x01'",
    "telemetry": {
      "time": 20779,
      "deviceMetrics": {
        "batteryLevel": 101,
        "voltage": 4.656,
        "channelUtilization": 0.0,
        "airUtilTx": 0.0,
        "uptimeSeconds": 20717
      },
      "raw": "time: 20779\ndevice_metrics {\n  battery_level: 101\n  voltage: 4.656\n  channel_utilization: 0\n  air_util_tx: 0\n  uptime_seconds: 20717\n}\n"
    }
  },
  "id": 703210428,
  "hopLimit": 3,
  "priority": "BACKGROUND",
  "raw": "from: 164906676\nto: 4294967295\ndecoded {\n  portnum: TELEMETRY_APP\n  payload: \"\\r+Q\\000\\000\\022\\025\\010e\\025\\364\\375\\224@\\035\\000\\000\\000\\000%\\000\\000\\000\\000(\\355\\241\\001\"\n}\nid: 703210428\nhop_limit: 3\npriority: BACKGROUND\n",
  "fromId": "!09d446b4",
  "toId": "^all"
}
============================================================
{
  "from": 164906676,
  "to": 4294967295,
  "decoded": {
    "portnum": "TELEMETRY_APP",
    "payload": "b'\\rgQ\\x00\\x00\\x12\\x15\\x08e\\x15\\x85\\xeb\\x91@\\x1d\\x00\\x00\\x00\\x00%\\x00\\x00\\x00\\x00(\\xa9\\xa2\\x01'",
    "telemetry": {
      "time": 20839,
      "deviceMetrics": {
        "batteryLevel": 101,
        "voltage": 4.56,
        "channelUtilization": 0.0,
        "airUtilTx": 0.0,
        "uptimeSeconds": 20777
      },
      "raw": "time: 20839\ndevice_metrics {\n  battery_level: 101\n  voltage: 4.56\n  channel_utilization: 0\n  air_util_tx: 0\n  uptime_seconds: 20777\n}\n"
    }
  },
  "id": 3619122109,
  "hopLimit": 3,
  "priority": "BACKGROUND",
  "raw": "from: 164906676\nto: 4294967295\ndecoded {\n  portnum: TELEMETRY_APP\n  payload: \"\\rgQ\\000\\000\\022\\025\\010e\\025\\205\\353\\221@\\035\\000\\000\\000\\000%\\000\\000\\000\\000(\\251\\242\\001\"\n}\nid: 3619122109\nhop_limit: 3\npriority: BACKGROUND\n",
  "fromId": "!09d446b4",
  "toId": "^all"
}
============================================================
{
  "from": 164906676,
  "to": 4294967295,
  "decoded": {
    "portnum": "TELEMETRY_APP",
    "payload": "b'\\rgQ\\x00\\x002\\x1f\\x08\\xa9\\xa2\\x01 \\x01(\\x030\\x03@\\x01`\\x90\\x99\\x0fh\\xd0\\xcf\\x04x\\x9b\\xff\\xff\\xff\\xff\\xff\\xff\\xff\\xff\\x01'",
    "telemetry": {
      "time": 20839,
      "localStats": {
        "uptimeSeconds": 20777,
        "numPacketsTx": 1,
        "numPacketsRx": 3,
        "numPacketsRxBad": 3,
        "numTotalNodes": 1,
        "heapTotalBytes": 248976,
        "heapFreeBytes": 75728,
        "noiseFloor": -101
      },
      "raw": "time: 20839\nlocal_stats {\n  uptime_seconds: 20777\n  num_packets_tx: 1\n  num_packets_rx: 3\n  num_packets_rx_bad: 3\n  num_total_nodes: 1\n  heap_total_bytes: 248976\n  heap_free_bytes: 75728\n  noise_floor: -101\n}\n"
    }
  },
  "id": 2679830462,
  "hopLimit": 3,
  "priority": "BACKGROUND",
  "raw": "from: 164906676\nto: 4294967295\ndecoded {\n  portnum: TELEMETRY_APP\n  payload: \"\\rgQ\\000\\0002\\037\\010\\251\\242\\001 \\001(\\0030\\003@\\001`\\220\\231\\017h\\320\\317\\004x\\233\\377\\377\\377\\377\\377\\377\\377\\377\\001\"\n}\nid: 2679830462\nhop_limit: 3\npriority: BACKGROUND\n",
  "fromId": "!09d446b4",
  "toId": "^all"
}
============================================================
{
  "from": 164906676,
  "to": 4294967295,
  "decoded": {
    "portnum": "TELEMETRY_APP",
    "payload": "b'\\r\\xa3Q\\x00\\x00\\x12\\x15\\x08e\\x15\\xa0\\x1a\\x93@\\x1d\\x00\\x00\\x00\\x00%\\x00\\x00\\x00\\x00(\\xe5\\xa2\\x01'",
    "telemetry": {
      "time": 20899,
      "deviceMetrics": {
        "batteryLevel": 101,
        "voltage": 4.597,
        "channelUtilization": 0.0,
        "airUtilTx": 0.0,
        "uptimeSeconds": 20837
      },
      "raw": "time: 20899\ndevice_metrics {\n  battery_level: 101\n  voltage: 4.597\n  channel_utilization: 0\n  air_util_tx: 0\n  uptime_seconds: 20837\n}\n"
    }
  },
  "id": 2425775039,
  "hopLimit": 3,
  "priority": "BACKGROUND",
  "raw": "from: 164906676\nto: 4294967295\ndecoded {\n  portnum: TELEMETRY_APP\n  payload: \"\\r\\243Q\\000\\000\\022\\025\\010e\\025\\240\\032\\223@\\035\\000\\000\\000\\000%\\000\\000\\000\\000(\\345\\242\\001\"\n}\nid: 2425775039\nhop_limit: 3\npriority: BACKGROUND\n",
  "fromId": "!09d446b4",
  "toId": "^all"
}
============================================================
{
  "from": 164906676,
  "to": 4294967295,
  "decoded": {
    "portnum": "TELEMETRY_APP",
    "payload": "b'\\r\\xdfQ\\x00\\x00\\x12\\x15\\x08e\\x15D\\x8b\\x94@\\x1d\\x00\\x00\\x00\\x00%\\x00\\x00\\x00\\x00(\\xa1\\xa3\\x01'",
    "telemetry": {
      "time": 20959,
      "deviceMetrics": {
        "batteryLevel": 101,
        "voltage": 4.642,
        "channelUtilization": 0.0,
        "airUtilTx": 0.0,
        "uptimeSeconds": 20897
      },
      "raw": "time: 20959\ndevice_metrics {\n  battery_level: 101\n  voltage: 4.642\n  channel_utilization: 0\n  air_util_tx: 0\n  uptime_seconds: 20897\n}\n"
    }
  },
  "id": 989750208,
  "hopLimit": 3,
  "priority": "BACKGROUND",
  "raw": "from: 164906676\nto: 4294967295\ndecoded {\n  portnum: TELEMETRY_APP\n  payload: \"\\r\\337Q\\000\\000\\022\\025\\010e\\025D\\213\\224@\\035\\000\\000\\000\\000%\\000\\000\\000\\000(\\241\\243\\001\"\n}\nid: 989750208\nhop_limit: 3\npriority: BACKGROUND\n",
  "fromId": "!09d446b4",
  "toId": "^all"
}
============================================================
{
  "from": 164906676,
  "to": 4294967295,
  "decoded": {
    "portnum": "TELEMETRY_APP",
    "payload": "b'\\r\\x1cR\\x00\\x00\\x12\\x15\\x08e\\x15\\xecQ\\x94@\\x1d\\x00\\x00\\x00\\x00%\\x00\\x00\\x00\\x00(\\xdd\\xa3\\x01'",
    "telemetry": {
      "time": 21020,
      "deviceMetrics": {
        "batteryLevel": 101,
        "voltage": 4.635,
        "channelUtilization": 0.0,
        "airUtilTx": 0.0,
        "uptimeSeconds": 20957
      },
      "raw": "time: 21020\ndevice_metrics {\n  battery_level: 101\n  voltage: 4.635\n  channel_utilization: 0\n  air_util_tx: 0\n  uptime_seconds: 20957\n}\n"
    }
  },
  "id": 3419777985,
  "hopLimit": 3,
  "priority": "BACKGROUND",
  "raw": "from: 164906676\nto: 4294967295\ndecoded {\n  portnum: TELEMETRY_APP\n  payload: \"\\r\\034R\\000\\000\\022\\025\\010e\\025\\354Q\\224@\\035\\000\\000\\000\\000%\\000\\000\\000\\000(\\335\\243\\001\"\n}\nid: 3419777985\nhop_limit: 3\npriority: BACKGROUND\n",
  "fromId": "!09d446b4",
  "toId": "^all"
}
============================================================
{
  "from": 164906676,
  "to": 4294967295,
  "decoded": {
    "portnum": "TELEMETRY_APP",
    "payload": "b'\\rXR\\x00\\x00\\x12\\x15\\x08e\\x15m\\xe7\\x93@\\x1d\\x00\\x00\\x00\\x00%\\x00\\x00\\x00\\x00(\\x99\\xa4\\x01'",
    "telemetry": {
      "time": 21080,
      "deviceMetrics": {
        "batteryLevel": 101,
        "voltage": 4.622,
        "channelUtilization": 0.0,
        "airUtilTx": 0.0,
        "uptimeSeconds": 21017
      },
      "raw": "time: 21080\ndevice_metrics {\n  battery_level: 101\n  voltage: 4.622\n  channel_utilization: 0\n  air_util_tx: 0\n  uptime_seconds: 21017\n}\n"
    }
  },
  "id": 1227080642,
  "hopLimit": 3,
  "priority": "BACKGROUND",
  "raw": "from: 164906676\nto: 4294967295\ndecoded {\n  portnum: TELEMETRY_APP\n  payload: \"\\rXR\\000\\000\\022\\025\\010e\\025m\\347\\223@\\035\\000\\000\\000\\000%\\000\\000\\000\\000(\\231\\244\\001\"\n}\nid: 1227080642\nhop_limit: 3\npriority: BACKGROUND\n",
  "fromId": "!09d446b4",
  "toId": "^all"
}
============================================================
{
  "from": 164906676,
  "to": 4294967295,
  "decoded": {
    "portnum": "TELEMETRY_APP",
    "payload": "b'\\r\\x94R\\x00\\x00\\x12\\x15\\x08e\\x15\\x04V\\x92@\\x1d\\x00\\x00\\x00\\x00%\\x00\\x00\\x00\\x00(\\xd6\\xa4\\x01'",
    "telemetry": {
      "time": 21140,
      "deviceMetrics": {
        "batteryLevel": 101,
        "voltage": 4.573,
        "channelUtilization": 0.0,
        "airUtilTx": 0.0,
        "uptimeSeconds": 21078
      },
      "raw": "time: 21140\ndevice_metrics {\n  battery_level: 101\n  voltage: 4.573\n  channel_utilization: 0\n  air_util_tx: 0\n  uptime_seconds: 21078\n}\n"
    }
  },
  "id": 1311724483,
  "hopLimit": 3,
  "priority": "BACKGROUND",
  "raw": "from: 164906676\nto: 4294967295\ndecoded {\n  portnum: TELEMETRY_APP\n  payload: \"\\r\\224R\\000\\000\\022\\025\\010e\\025\\004V\\222@\\035\\000\\000\\000\\000%\\000\\000\\000\\000(\\326\\244\\001\"\n}\nid: 1311724483\nhop_limit: 3\npriority: BACKGROUND\n",
  "fromId": "!09d446b4",
  "toId": "^all"
}
============================================================
{
  "from": 164906676,
  "to": 4294967295,
  "decoded": {
    "portnum": "TELEMETRY_APP",
    "payload": "b'\\r\\xd0R\\x00\\x00\\x12\\x15\\x08e\\x15\\x0e-\\x92@\\x1d\\x00\\x00\\x00\\x00%\\x00\\x00\\x00\\x00(\\x92\\xa5\\x01'",
    "telemetry": {
      "time": 21200,
      "deviceMetrics": {
        "batteryLevel": 101,
        "voltage": 4.568,
        "channelUtilization": 0.0,
        "airUtilTx": 0.0,
        "uptimeSeconds": 21138
      },
      "raw": "time: 21200\ndevice_metrics {\n  battery_level: 101\n  voltage: 4.568\n  channel_utilization: 0\n  air_util_tx: 0\n  uptime_seconds: 21138\n}\n"
    }
  },
  "id": 210589636,
  "hopLimit": 3,
  "priority": "BACKGROUND",
  "raw": "from: 164906676\nto: 4294967295\ndecoded {\n  portnum: TELEMETRY_APP\n  payload: \"\\r\\320R\\000\\000\\022\\025\\010e\\025\\016-\\222@\\035\\000\\000\\000\\000%\\000\\000\\000\\000(\\222\\245\\001\"\n}\nid: 210589636\nhop_limit: 3\npriority: BACKGROUND\n",
  "fromId": "!09d446b4",
  "toId": "^all"
}
============================================================
{
  "from": 164906676,
  "to": 4294967295,
  "decoded": {
    "portnum": "TELEMETRY_APP",
    "payload": "b'\\r\\x0cS\\x00\\x00\\x12\\x15\\x08e\\x15u\\x93\\x94@\\x1d\\x00\\x00\\x00\\x00%\\x00\\x00\\x00\\x00(\\xce\\xa5\\x01'",
    "telemetry": {
      "time": 21260,
      "deviceMetrics": {
        "batteryLevel": 101,
        "voltage": 4.643,
        "channelUtilization": 0.0,
        "airUtilTx": 0.0,
        "uptimeSeconds": 21198
      },
      "raw": "time: 21260\ndevice_metrics {\n  battery_level: 101\n  voltage: 4.643\n  channel_utilization: 0\n  air_util_tx: 0\n  uptime_seconds: 21198\n}\n"
    }
  },
  "id": 2502027205,
  "hopLimit": 3,
  "priority": "BACKGROUND",
  "raw": "from: 164906676\nto: 4294967295\ndecoded {\n  portnum: TELEMETRY_APP\n  payload: \"\\r\\014S\\000\\000\\022\\025\\010e\\025u\\223\\224@\\035\\000\\000\\000\\000%\\000\\000\\000\\000(\\316\\245\\001\"\n}\nid: 2502027205\nhop_limit: 3\npriority: BACKGROUND\n",
  "fromId": "!09d446b4",
  "toId": "^all"
}
============================================================
{
  "from": 164906676,
  "to": 4294967295,
  "decoded": {
    "portnum": "TELEMETRY_APP",
    "payload": "b'\\rHS\\x00\\x00\\x12\\x15\\x08e\\x15\\x06\\x81\\x91@\\x1d\\x00\\x00\\x00\\x00%\\x00\\x00\\x00\\x00(\\x8a\\xa6\\x01'",
    "telemetry": {
      "time": 21320,
      "deviceMetrics": {
        "batteryLevel": 101,
        "voltage": 4.547,
        "channelUtilization": 0.0,
        "airUtilTx": 0.0,
        "uptimeSeconds": 21258
      },
      "raw": "time: 21320\ndevice_metrics {\n  battery_level: 101\n  voltage: 4.547\n  channel_utilization: 0\n  air_util_tx: 0\n  uptime_seconds: 21258\n}\n"
    }
  },
  "id": 1252998086,
  "hopLimit": 3,
  "priority": "BACKGROUND",
  "raw": "from: 164906676\nto: 4294967295\ndecoded {\n  portnum: TELEMETRY_APP\n  payload: \"\\rHS\\000\\000\\022\\025\\010e\\025\\006\\201\\221@\\035\\000\\000\\000\\000%\\000\\000\\000\\000(\\212\\246\\001\"\n}\nid: 1252998086\nhop_limit: 3\npriority: BACKGROUND\n",
  "fromId": "!09d446b4",
  "toId": "^all"
}
============================================================
{
  "from": 164906676,
  "to": 4294967295,
  "decoded": {
    "portnum": "TELEMETRY_APP",
    "payload": "b'\\r\\x84S\\x00\\x00\\x12\\x15\\x08e\\x15\\x89A\\x94@\\x1d\\x00\\x00\\x00\\x00%\\x00\\x00\\x00\\x00(\\xc6\\xa6\\x01'",
    "telemetry": {
      "time": 21380,
      "deviceMetrics": {
        "batteryLevel": 101,
        "voltage": 4.633,
        "channelUtilization": 0.0,
        "airUtilTx": 0.0,
        "uptimeSeconds": 21318
      },
      "raw": "time: 21380\ndevice_metrics {\n  battery_level: 101\n  voltage: 4.633\n  channel_utilization: 0\n  air_util_tx: 0\n  uptime_seconds: 21318\n}\n"
    }
  },
  "id": 3124683719,
  "hopLimit": 3,
  "priority": "BACKGROUND",
  "raw": "from: 164906676\nto: 4294967295\ndecoded {\n  portnum: TELEMETRY_APP\n  payload: \"\\r\\204S\\000\\000\\022\\025\\010e\\025\\211A\\224@\\035\\000\\000\\000\\000%\\000\\000\\000\\000(\\306\\246\\001\"\n}\nid: 3124683719\nhop_limit: 3\npriority: BACKGROUND\n",
  "fromId": "!09d446b4",
  "toId": "^all"
}
============================================================
{
  "from": 164906676,
  "to": 4294967295,
  "decoded": {
    "portnum": "TELEMETRY_APP",
    "payload": "b'\\r\\xc0S\\x00\\x00\\x12\\x15\\x08e\\x15\\x19\\x04\\x92@\\x1d\\x00\\x00\\x00\\x00%\\x00\\x00\\x00\\x00(\\x82\\xa7\\x01'",
    "telemetry": {
      "time": 21440,
      "deviceMetrics": {
        "batteryLevel": 101,
        "voltage": 4.563,
        "channelUtilization": 0.0,
        "airUtilTx": 0.0,
        "uptimeSeconds": 21378
      },
      "raw": "time: 21440\ndevice_metrics {\n  battery_level: 101\n  voltage: 4.563\n  channel_utilization: 0\n  air_util_tx: 0\n  uptime_seconds: 21378\n}\n"
    }
  },
  "id": 1750984648,
  "hopLimit": 3,
  "priority": "BACKGROUND",
  "raw": "from: 164906676\nto: 4294967295\ndecoded {\n  portnum: TELEMETRY_APP\n  payload: \"\\r\\300S\\000\\000\\022\\025\\010e\\025\\031\\004\\222@\\035\\000\\000\\000\\000%\\000\\000\\000\\000(\\202\\247\\001\"\n}\nid: 1750984648\nhop_limit: 3\npriority: BACKGROUND\n",
  "fromId": "!09d446b4",
  "toId": "^all"
}
============================================================
{
  "from": 164906676,
  "to": 4294967295,
  "decoded": {
    "portnum": "TELEMETRY_APP",
    "payload": "b'\\r\\xfcS\\x00\\x00\\x12\\x15\\x08e\\x15\\x14\\xae\\x93@\\x1d\\x00\\x00\\x00\\x00%\\x00\\x00\\x00\\x00(\\xbe\\xa7\\x01'",
    "telemetry": {
      "time": 21500,
      "deviceMetrics": {
        "batteryLevel": 101,
        "voltage": 4.615,
        "channelUtilization": 0.0,
        "airUtilTx": 0.0,
        "uptimeSeconds": 21438
      },
      "raw": "time: 21500\ndevice_metrics {\n  battery_level: 101\n  voltage: 4.615\n  channel_utilization: 0\n  air_util_tx: 0\n  uptime_seconds: 21438\n}\n"
    }
  },
  "id": 2749791177,
  "hopLimit": 3,
  "priority": "BACKGROUND",
  "raw": "from: 164906676\nto: 4294967295\ndecoded {\n  portnum: TELEMETRY_APP\n  payload: \"\\r\\374S\\000\\000\\022\\025\\010e\\025\\024\\256\\223@\\035\\000\\000\\000\\000%\\000\\000\\000\\000(\\276\\247\\001\"\n}\nid: 2749791177\nhop_limit: 3\npriority: BACKGROUND\n",
  "fromId": "!09d446b4",
  "toId": "^all"
}
============================================================
{
  "from": 164906676,
  "to": 4294967295,
  "decoded": {
    "portnum": "TELEMETRY_APP",
    "payload": "b'\\r8T\\x00\\x00\\x12\\x15\\x08e\\x15\\x8d\\x97\\x92@\\x1d\\x00\\x00\\x00\\x00%\\x00\\x00\\x00\\x00(\\xfa\\xa7\\x01'",
    "telemetry": {
      "time": 21560,
      "deviceMetrics": {
        "batteryLevel": 101,
        "voltage": 4.581,
        "channelUtilization": 0.0,
        "airUtilTx": 0.0,
        "uptimeSeconds": 21498
      },
      "raw": "time: 21560\ndevice_metrics {\n  battery_level: 101\n  voltage: 4.581\n  channel_utilization: 0\n  air_util_tx: 0\n  uptime_seconds: 21498\n}\n"
    }
  },
  "id": 2683421642,
  "hopLimit": 3,
  "priority": "BACKGROUND",
  "raw": "from: 164906676\nto: 4294967295\ndecoded {\n  portnum: TELEMETRY_APP\n  payload: \"\\r8T\\000\\000\\022\\025\\010e\\025\\215\\227\\222@\\035\\000\\000\\000\\000%\\000\\000\\000\\000(\\372\\247\\001\"\n}\nid: 2683421642\nhop_limit: 3\npriority: BACKGROUND\n",
  "fromId": "!09d446b4",
  "toId": "^all"
}
============================================================
{
  "from": 164906676,
  "to": 4294967295,
  "decoded": {
    "portnum": "TELEMETRY_APP",
    "payload": "b'\\rtT\\x00\\x00\\x12\\x15\\x08e\\x15;\\xdf\\x93@\\x1d\\x00\\x00\\x00\\x00%\\x00\\x00\\x00\\x00(\\xb6\\xa8\\x01'",
    "telemetry": {
      "time": 21620,
      "deviceMetrics": {
        "batteryLevel": 101,
        "voltage": 4.621,
        "channelUtilization": 0.0,
        "airUtilTx": 0.0,
        "uptimeSeconds": 21558
      },
      "raw": "time: 21620\ndevice_metrics {\n  battery_level: 101\n  voltage: 4.621\n  channel_utilization: 0\n  air_util_tx: 0\n  uptime_seconds: 21558\n}\n"
    }
  },
  "id": 3017156555,
  "hopLimit": 3,
  "priority": "BACKGROUND",
  "raw": "from: 164906676\nto: 4294967295\ndecoded {\n  portnum: TELEMETRY_APP\n  payload: \"\\rtT\\000\\000\\022\\025\\010e\\025;\\337\\223@\\035\\000\\000\\000\\000%\\000\\000\\000\\000(\\266\\250\\001\"\n}\nid: 3017156555\nhop_limit: 3\npriority: BACKGROUND\n",
  "fromId": "!09d446b4",
  "toId": "^all"
}
============================================================
{
  "from": 164906676,
  "to": 4294967295,
  "decoded": {
    "portnum": "TELEMETRY_APP",
    "payload": "b'\\r\\xb0T\\x00\\x00\\x12\\x15\\x08e\\x15H\\xe1\\x92@\\x1d\\x00\\x00\\x00\\x00%\\x00\\x00\\x00\\x00(\\xf2\\xa8\\x01'",
    "telemetry": {
      "time": 21680,
      "deviceMetrics": {
        "batteryLevel": 101,
        "voltage": 4.59,
        "channelUtilization": 0.0,
        "airUtilTx": 0.0,
        "uptimeSeconds": 21618
      },
      "raw": "time: 21680\ndevice_metrics {\n  battery_level: 101\n  voltage: 4.59\n  channel_utilization: 0\n  air_util_tx: 0\n  uptime_seconds: 21618\n}\n"
    }
  },
  "id": 2316515276,
  "hopLimit": 3,
  "priority": "BACKGROUND",
  "raw": "from: 164906676\nto: 4294967295\ndecoded {\n  portnum: TELEMETRY_APP\n  payload: \"\\r\\260T\\000\\000\\022\\025\\010e\\025H\\341\\222@\\035\\000\\000\\000\\000%\\000\\000\\000\\000(\\362\\250\\001\"\n}\nid: 2316515276\nhop_limit: 3\npriority: BACKGROUND\n",
  "fromId": "!09d446b4",
  "toId": "^all"
}
============================================================
{
  "from": 164906676,
  "to": 4294967295,
  "decoded": {
    "portnum": "TELEMETRY_APP",
    "payload": "b'\\r\\xecT\\x00\\x00\\x12\\x15\\x08e\\x15m\\xe7\\x93@\\x1d\\xda@\\xd7?%\\x82\\x9a\\xe5<(\\xae\\xa9\\x01'",
    "telemetry": {
      "time": 21740,
      "deviceMetrics": {
        "batteryLevel": 101,
        "voltage": 4.622,
        "channelUtilization": 1.6816666,
        "airUtilTx": 0.028027777,
        "uptimeSeconds": 21678
      },
      "raw": "time: 21740\ndevice_metrics {\n  battery_level: 101\n  voltage: 4.622\n  channel_utilization: 1.68166661\n  air_util_tx: 0.0280277766\n  uptime_seconds: 21678\n}\n"
    }
  },
  "id": 4208657358,
  "hopLimit": 3,
  "priority": "BACKGROUND",
  "raw": "from: 164906676\nto: 4294967295\ndecoded {\n  portnum: TELEMETRY_APP\n  payload: \"\\r\\354T\\000\\000\\022\\025\\010e\\025m\\347\\223@\\035\\332@\\327?%\\202\\232\\345<(\\256\\251\\001\"\n}\nid: 4208657358\nhop_limit: 3\npriority: BACKGROUND\n",
  "fromId": "!09d446b4",
  "toId": "^all"
}
============================================================
{
  "from": 164906676,
  "to": 4294967295,
  "decoded": {
    "portnum": "TELEMETRY_APP",
    "payload": "b'\\r\\xecT\\x00\\x002)\\x08\\xae\\xa9\\x01\\x15\\xda@\\xd7?\\x1d\\x82\\x9a\\xe5< \\x02(\\x030\\x03@\\x01`\\x90\\x99\\x0fh\\xd0\\xcf\\x04x\\x9b\\xff\\xff\\xff\\xff\\xff\\xff\\xff\\xff\\x01'",
    "telemetry": {
      "time": 21740,
      "localStats": {
        "uptimeSeconds": 21678,
        "channelUtilization": 1.6816666,
        "airUtilTx": 0.028027777,
        "numPacketsTx": 2,
        "numPacketsRx": 3,
        "numPacketsRxBad": 3,
        "numTotalNodes": 1,
        "heapTotalBytes": 248976,
        "heapFreeBytes": 75728,
        "noiseFloor": -101
      },
      "raw": "time: 21740\nlocal_stats {\n  uptime_seconds: 21678\n  channel_utilization: 1.68166661\n  air_util_tx: 0.0280277766\n  num_packets_tx: 2\n  num_packets_rx: 3\n  num_packets_rx_bad: 3\n  num_total_nodes: 1\n  heap_total_bytes: 248976\n  heap_free_bytes: 75728\n  noise_floor: -101\n}\n"
    }
  },
  "id": 2287014863,
  "hopLimit": 3,
  "priority": "BACKGROUND",
  "raw": "from: 164906676\nto: 4294967295\ndecoded {\n  portnum: TELEMETRY_APP\n  payload: \"\\r\\354T\\000\\0002)\\010\\256\\251\\001\\025\\332@\\327?\\035\\202\\232\\345< \\002(\\0030\\003@\\001`\\220\\231\\017h\\320\\317\\004x\\233\\377\\377\\377\\377\\377\\377\\377\\377\\001\"\n}\nid: 2287014863\nhop_limit: 3\npriority: BACKGROUND\n",
  "fromId": "!09d446b4",
  "toId": "^all"
}
============================================================
{
  "from": 164906676,
  "to": 4294967295,
  "decoded": {
    "portnum": "TELEMETRY_APP",
    "payload": "b'\\r(U\\x00\\x00\\x12\\x15\\x08e\\x15\\xb2\\x9d\\x93@\\x1d\\x00\\x00\\x00\\x00%\\x82\\x9a\\xe5<(\\xea\\xa9\\x01'",
    "telemetry": {
      "time": 21800,
      "deviceMetrics": {
        "batteryLevel": 101,
        "voltage": 4.613,
        "channelUtilization": 0.0,
        "airUtilTx": 0.028027777,
        "uptimeSeconds": 21738
      },
      "raw": "time: 21800\ndevice_metrics {\n  battery_level: 101\n  voltage: 4.613\n  channel_utilization: 0\n  air_util_tx: 0.0280277766\n  uptime_seconds: 21738\n}\n"
    }
  },
  "id": 2963154896,
  "hopLimit": 3,
  "priority": "BACKGROUND",
  "raw": "from: 164906676\nto: 4294967295\ndecoded {\n  portnum: TELEMETRY_APP\n  payload: \"\\r(U\\000\\000\\022\\025\\010e\\025\\262\\235\\223@\\035\\000\\000\\000\\000%\\202\\232\\345<(\\352\\251\\001\"\n}\nid: 2963154896\nhop_limit: 3\npriority: BACKGROUND\n",
  "fromId": "!09d446b4",
  "toId": "^all"
}
============================================================
{
  "from": 164906676,
  "to": 4294967295,
  "decoded": {
    "portnum": "TELEMETRY_APP",
    "payload": "b'\\rdU\\x00\\x00\\x12\\x15\\x08e\\x15\\xd5x\\x95@\\x1d\\x00\\x00\\x00\\x00%\\x82\\x9a\\xe5<(\\xa6\\xaa\\x01'",
    "telemetry": {
      "time": 21860,
      "deviceMetrics": {
        "batteryLevel": 101,
        "voltage": 4.671,
        "channelUtilization": 0.0,
        "airUtilTx": 0.028027777,
        "uptimeSeconds": 21798
      },
      "raw": "time: 21860\ndevice_metrics {\n  battery_level: 101\n  voltage: 4.671\n  channel_utilization: 0\n  air_util_tx: 0.0280277766\n  uptime_seconds: 21798\n}\n"
    }
  },
  "id": 2662757329,
  "hopLimit": 3,
  "priority": "BACKGROUND",
  "raw": "from: 164906676\nto: 4294967295\ndecoded {\n  portnum: TELEMETRY_APP\n  payload: \"\\rdU\\000\\000\\022\\025\\010e\\025\\325x\\225@\\035\\000\\000\\000\\000%\\202\\232\\345<(\\246\\252\\001\"\n}\nid: 2662757329\nhop_limit: 3\npriority: BACKGROUND\n",
  "fromId": "!09d446b4",
  "toId": "^all"
}
============================================================
{
  "from": 164906676,
  "to": 4294967295,
  "decoded": {
    "portnum": "TELEMETRY_APP",
    "payload": "b'\\r\\xa0U\\x00\\x00\\x12\\x15\\x08e\\x151\\x08\\x94@\\x1d\\x00\\x00\\x00\\x00%\\x82\\x9a\\xe5<(\\xe2\\xaa\\x01'",
    "telemetry": {
      "time": 21920,
      "deviceMetrics": {
        "batteryLevel": 101,
        "voltage": 4.626,
        "channelUtilization": 0.0,
        "airUtilTx": 0.028027777,
        "uptimeSeconds": 21858
      },
      "raw": "time: 21920\ndevice_metrics {\n  battery_level: 101\n  voltage: 4.626\n  channel_utilization: 0\n  air_util_tx: 0.0280277766\n  uptime_seconds: 21858\n}\n"
    }
  },
  "id": 1206641618,
  "hopLimit": 3,
  "priority": "BACKGROUND",
  "raw": "from: 164906676\nto: 4294967295\ndecoded {\n  portnum: TELEMETRY_APP\n  payload: \"\\r\\240U\\000\\000\\022\\025\\010e\\0251\\010\\224@\\035\\000\\000\\000\\000%\\202\\232\\345<(\\342\\252\\001\"\n}\nid: 1206641618\nhop_limit: 3\npriority: BACKGROUND\n",
  "fromId": "!09d446b4",
  "toId": "^all"
}
============================================================
{
  "from": 164906676,
  "to": 4294967295,
  "decoded": {
    "portnum": "TELEMETRY_APP",
    "payload": "b'\\r\\xdcU\\x00\\x00\\x12\\x15\\x08e\\x151\\x08\\x94@\\x1d\\x00\\x00\\x00\\x00%\\x82\\x9a\\xe5<(\\x9e\\xab\\x01'",
    "telemetry": {
      "time": 21980,
      "deviceMetrics": {
        "batteryLevel": 101,
        "voltage": 4.626,
        "channelUtilization": 0.0,
        "airUtilTx": 0.028027777,
        "uptimeSeconds": 21918
      },
      "raw": "time: 21980\ndevice_metrics {\n  battery_level: 101\n  voltage: 4.626\n  channel_utilization: 0\n  air_util_tx: 0.0280277766\n  uptime_seconds: 21918\n}\n"
    }
  },
  "id": 1668863955,
  "hopLimit": 3,
  "priority": "BACKGROUND",
  "raw": "from: 164906676\nto: 4294967295\ndecoded {\n  portnum: TELEMETRY_APP\n  payload: \"\\r\\334U\\000\\000\\022\\025\\010e\\0251\\010\\224@\\035\\000\\000\\000\\000%\\202\\232\\345<(\\236\\253\\001\"\n}\nid: 1668863955\nhop_limit: 3\npriority: BACKGROUND\n",
  "fromId": "!09d446b4",
  "toId": "^all"
}
============================================================
{
  "from": 164906676,
  "to": 4294967295,
  "decoded": {
    "portnum": "TELEMETRY_APP",
    "payload": "b'\\r\\x18V\\x00\\x00\\x12\\x15\\x08e\\x15\\x8d\\x97\\x92@\\x1d\\x00\\x00\\x00\\x00%\\x82\\x9a\\xe5<(\\xda\\xab\\x01'",
    "telemetry": {
      "time": 22040,
      "deviceMetrics": {
        "batteryLevel": 101,
        "voltage": 4.581,
        "channelUtilization": 0.0,
        "airUtilTx": 0.028027777,
        "uptimeSeconds": 21978
      },
      "raw": "time: 22040\ndevice_metrics {\n  battery_level: 101\n  voltage: 4.581\n  channel_utilization: 0\n  air_util_tx: 0.0280277766\n  uptime_seconds: 21978\n}\n"
    }
  },
  "id": 2426201044,
  "hopLimit": 3,
  "priority": "BACKGROUND",
  "raw": "from: 164906676\nto: 4294967295\ndecoded {\n  portnum: TELEMETRY_APP\n  payload: \"\\r\\030V\\000\\000\\022\\025\\010e\\025\\215\\227\\222@\\035\\000\\000\\000\\000%\\202\\232\\345<(\\332\\253\\001\"\n}\nid: 2426201044\nhop_limit: 3\npriority: BACKGROUND\n",
  "fromId": "!09d446b4",
  "toId": "^all"
}
============================================================
{
  "from": 164906676,
  "to": 4294967295,
  "decoded": {
    "portnum": "TELEMETRY_APP",
    "payload": "b'\\rTV\\x00\\x00\\x12\\x15\\x08e\\x15\\x06\\x81\\x95@\\x1d\\x00\\x00\\x00\\x00%\\x82\\x9a\\xe5<(\\x96\\xac\\x01'",
    "telemetry": {
      "time": 22100,
      "deviceMetrics": {
        "batteryLevel": 101,
        "voltage": 4.672,
        "channelUtilization": 0.0,
        "airUtilTx": 0.028027777,
        "uptimeSeconds": 22038
      },
      "raw": "time: 22100\ndevice_metrics {\n  battery_level: 101\n  voltage: 4.672\n  channel_utilization: 0\n  air_util_tx: 0.0280277766\n  uptime_seconds: 22038\n}\n"
    }
  },
  "id": 144864213,
  "hopLimit": 3,
  "priority": "BACKGROUND",
  "raw": "from: 164906676\nto: 4294967295\ndecoded {\n  portnum: TELEMETRY_APP\n  payload: \"\\rTV\\000\\000\\022\\025\\010e\\025\\006\\201\\225@\\035\\000\\000\\000\\000%\\202\\232\\345<(\\226\\254\\001\"\n}\nid: 144864213\nhop_limit: 3\npriority: BACKGROUND\n",
  "fromId": "!09d446b4",
  "toId": "^all"
}
============================================================
{
  "from": 164906676,
  "to": 4294967295,
  "decoded": {
    "portnum": "TELEMETRY_APP",
    "payload": "b'\\r\\x90V\\x00\\x00\\x12\\x15\\x08e\\x15\\x9c\\xc4\\x94@\\x1d\\x00\\x00\\x00\\x00%\\x82\\x9a\\xe5<(\\xd2\\xac\\x01'",
    "telemetry": {
      "time": 22160,
      "deviceMetrics": {
        "batteryLevel": 101,
        "voltage": 4.649,
        "channelUtilization": 0.0,
        "airUtilTx": 0.028027777,
        "uptimeSeconds": 22098
      },
      "raw": "time: 22160\ndevice_metrics {\n  battery_level: 101\n  voltage: 4.649\n  channel_utilization: 0\n  air_util_tx: 0.0280277766\n  uptime_seconds: 22098\n}\n"
    }
  },
  "id": 3535777750,
  "hopLimit": 3,
  "priority": "BACKGROUND",
  "raw": "from: 164906676\nto: 4294967295\ndecoded {\n  portnum: TELEMETRY_APP\n  payload: \"\\r\\220V\\000\\000\\022\\025\\010e\\025\\234\\304\\224@\\035\\000\\000\\000\\000%\\202\\232\\345<(\\322\\254\\001\"\n}\nid: 3535777750\nhop_limit: 3\npriority: BACKGROUND\n",
  "fromId": "!09d446b4",
  "toId": "^all"
}
============================================================
{
  "from": 164906676,
  "to": 4294967295,
  "decoded": {
    "portnum": "TELEMETRY_APP",
    "payload": "b'\\r\\xccV\\x00\\x00\\x12\\x15\\x08e\\x15\\xc7K\\x93@\\x1d\\x00\\x00\\x00\\x00%\\x82\\x9a\\xe5<(\\x8e\\xad\\x01'",
    "telemetry": {
      "time": 22220,
      "deviceMetrics": {
        "batteryLevel": 101,
        "voltage": 4.603,
        "channelUtilization": 0.0,
        "airUtilTx": 0.028027777,
        "uptimeSeconds": 22158
      },
      "raw": "time: 22220\ndevice_metrics {\n  battery_level: 101\n  voltage: 4.603\n  channel_utilization: 0\n  air_util_tx: 0.0280277766\n  uptime_seconds: 22158\n}\n"
    }
  },
  "id": 2930457559,
  "hopLimit": 3,
  "priority": "BACKGROUND",
  "raw": "from: 164906676\nto: 4294967295\ndecoded {\n  portnum: TELEMETRY_APP\n  payload: \"\\r\\314V\\000\\000\\022\\025\\010e\\025\\307K\\223@\\035\\000\\000\\000\\000%\\202\\232\\345<(\\216\\255\\001\"\n}\nid: 2930457559\nhop_limit: 3\npriority: BACKGROUND\n",
  "fromId": "!09d446b4",
  "toId": "^all"
}
============================================================
{
  "from": 164906676,
  "to": 4294967295,
  "decoded": {
    "portnum": "TELEMETRY_APP",
    "payload": "b'\\r\\tW\\x00\\x00\\x12\\x15\\x08e\\x15\\xcb\\xa1\\x91@\\x1d\\x00\\x00\\x00\\x00%\\x82\\x9a\\xe5<(\\xca\\xad\\x01'",
    "telemetry": {
      "time": 22281,
      "deviceMetrics": {
        "batteryLevel": 101,
        "voltage": 4.551,
        "channelUtilization": 0.0,
        "airUtilTx": 0.028027777,
        "uptimeSeconds": 22218
      },
      "raw": "time: 22281\ndevice_metrics {\n  battery_level: 101\n  voltage: 4.551\n  channel_utilization: 0\n  air_util_tx: 0.0280277766\n  uptime_seconds: 22218\n}\n"
    }
  },
  "id": 1255489496,
  "hopLimit": 3,
  "priority": "BACKGROUND",
  "raw": "from: 164906676\nto: 4294967295\ndecoded {\n  portnum: TELEMETRY_APP\n  payload: \"\\r\\tW\\000\\000\\022\\025\\010e\\025\\313\\241\\221@\\035\\000\\000\\000\\000%\\202\\232\\345<(\\312\\255\\001\"\n}\nid: 1255489496\nhop_limit: 3\npriority: BACKGROUND\n",
  "fromId": "!09d446b4",
  "toId": "^all"
}
============================================================
{
  "from": 164906676,
  "to": 4294967295,
  "decoded": {
    "portnum": "TELEMETRY_APP",
    "payload": "b'\\rEW\\x00\\x00\\x12\\x15\\x08e\\x15\\xb0r\\x94@\\x1d\\x00\\x00\\x00\\x00%\\x82\\x9a\\xe5<(\\x86\\xae\\x01'",
    "telemetry": {
      "time": 22341,
      "deviceMetrics": {
        "batteryLevel": 101,
        "voltage": 4.639,
        "channelUtilization": 0.0,
        "airUtilTx": 0.028027777,
        "uptimeSeconds": 22278
      },
      "raw": "time: 22341\ndevice_metrics {\n  battery_level: 101\n  voltage: 4.639\n  channel_utilization: 0\n  air_util_tx: 0.0280277766\n  uptime_seconds: 22278\n}\n"
    }
  },
  "id": 1903758297,
  "hopLimit": 3,
  "priority": "BACKGROUND",
  "raw": "from: 164906676\nto: 4294967295\ndecoded {\n  portnum: TELEMETRY_APP\n  payload: \"\\rEW\\000\\000\\022\\025\\010e\\025\\260r\\224@\\035\\000\\000\\000\\000%\\202\\232\\345<(\\206\\256\\001\"\n}\nid: 1903758297\nhop_limit: 3\npriority: BACKGROUND\n",
  "fromId": "!09d446b4",
  "toId": "^all"
}
============================================================
{
  "from": 164906676,
  "to": 4294967295,
  "decoded": {
    "portnum": "TELEMETRY_APP",
    "payload": "b'\\r\\x81W\\x00\\x00\\x12\\x15\\x08e\\x15\\xe1z\\x94@\\x1d\\x00\\x00\\x00\\x00%\\x82\\x9a\\xe5<(\\xc2\\xae\\x01'",
    "telemetry": {
      "time": 22401,
      "deviceMetrics": {
        "batteryLevel": 101,
        "voltage": 4.64,
        "channelUtilization": 0.0,
        "airUtilTx": 0.028027777,
        "uptimeSeconds": 22338
      },
      "raw": "time: 22401\ndevice_metrics {\n  battery_level: 101\n  voltage: 4.64\n  channel_utilization: 0\n  air_util_tx: 0.0280277766\n  uptime_seconds: 22338\n}\n"
    }
  },
  "id": 850489306,
  "hopLimit": 3,
  "priority": "BACKGROUND",
  "raw": "from: 164906676\nto: 4294967295\ndecoded {\n  portnum: TELEMETRY_APP\n  payload: \"\\r\\201W\\000\\000\\022\\025\\010e\\025\\341z\\224@\\035\\000\\000\\000\\000%\\202\\232\\345<(\\302\\256\\001\"\n}\nid: 850489306\nhop_limit: 3\npriority: BACKGROUND\n",
  "fromId": "!09d446b4",
  "toId": "^all"
}
============================================================
{
  "from": 164906676,
  "to": 4294967295,
  "decoded": {
    "portnum": "TELEMETRY_APP",
    "payload": "b'\\r\\xbdW\\x00\\x00\\x12\\x15\\x08e\\x15\\xa0\\x1a\\x93@\\x1d\\x00\\x00\\x00\\x00%\\x82\\x9a\\xe5<(\\xff\\xae\\x01'",
    "telemetry": {
      "time": 22461,
      "deviceMetrics": {
        "batteryLevel": 101,
        "voltage": 4.597,
        "channelUtilization": 0.0,
        "airUtilTx": 0.028027777,
        "uptimeSeconds": 22399
      },
      "raw": "time: 22461\ndevice_metrics {\n  battery_level: 101\n  voltage: 4.597\n  channel_utilization: 0\n  air_util_tx: 0.0280277766\n  uptime_seconds: 22399\n}\n"
    }
  },
  "id": 1458650075,
  "hopLimit": 3,
  "priority": "BACKGROUND",
  "raw": "from: 164906676\nto: 4294967295\ndecoded {\n  portnum: TELEMETRY_APP\n  payload: \"\\r\\275W\\000\\000\\022\\025\\010e\\025\\240\\032\\223@\\035\\000\\000\\000\\000%\\202\\232\\345<(\\377\\256\\001\"\n}\nid: 1458650075\nhop_limit: 3\npriority: BACKGROUND\n",
  "fromId": "!09d446b4",
  "toId": "^all"
}
============================================================
{
  "from": 164906676,
  "to": 4294967295,
  "decoded": {
    "portnum": "TELEMETRY_APP",
    "payload": "b'\\r\\xf9W\\x00\\x00\\x12\\x15\\x08e\\x15\\n\\xd7\\x93@\\x1d\\x00\\x00\\x00\\x00%\\x82\\x9a\\xe5<(\\xbb\\xaf\\x01'",
    "telemetry": {
      "time": 22521,
      "deviceMetrics": {
        "batteryLevel": 101,
        "voltage": 4.62,
        "channelUtilization": 0.0,
        "airUtilTx": 0.028027777,
        "uptimeSeconds": 22459
      },
      "raw": "time: 22521\ndevice_metrics {\n  battery_level: 101\n  voltage: 4.62\n  channel_utilization: 0\n  air_util_tx: 0.0280277766\n  uptime_seconds: 22459\n}\n"
    }
  },
  "id": 318951388,
  "hopLimit": 3,
  "priority": "BACKGROUND",
  "raw": "from: 164906676\nto: 4294967295\ndecoded {\n  portnum: TELEMETRY_APP\n  payload: \"\\r\\371W\\000\\000\\022\\025\\010e\\025\\n\\327\\223@\\035\\000\\000\\000\\000%\\202\\232\\345<(\\273\\257\\001\"\n}\nid: 318951388\nhop_limit: 3\npriority: BACKGROUND\n",
  "fromId": "!09d446b4",
  "toId": "^all"
}
============================================================
{
  "from": 164906676,
  "to": 4294967295,
  "decoded": {
    "portnum": "TELEMETRY_APP",
    "payload": "b'\\r5X\\x00\\x00\\x12\\x15\\x08e\\x15\\x19\\x04\\x92@\\x1d\\x00\\x00\\x00\\x00%\\x82\\x9a\\xe5<(\\xf7\\xaf\\x01'",
    "telemetry": {
      "time": 22581,
      "deviceMetrics": {
        "batteryLevel": 101,
        "voltage": 4.563,
        "channelUtilization": 0.0,
        "airUtilTx": 0.028027777,
        "uptimeSeconds": 22519
      },
      "raw": "time: 22581\ndevice_metrics {\n  battery_level: 101\n  voltage: 4.563\n  channel_utilization: 0\n  air_util_tx: 0.0280277766\n  uptime_seconds: 22519\n}\n"
    }
  },
  "id": 1439733725,
  "hopLimit": 3,
  "priority": "BACKGROUND",
  "raw": "from: 164906676\nto: 4294967295\ndecoded {\n  portnum: TELEMETRY_APP\n  payload: \"\\r5X\\000\\000\\022\\025\\010e\\025\\031\\004\\222@\\035\\000\\000\\000\\000%\\202\\232\\345<(\\367\\257\\001\"\n}\nid: 1439733725\nhop_limit: 3\npriority: BACKGROUND\n",
  "fromId": "!09d446b4",
  "toId": "^all"
}
============================================================
{
  "from": 164906676,
  "to": 4294967295,
  "decoded": {
    "portnum": "TELEMETRY_APP",
    "payload": "b'\\rqX\\x00\\x00\\x12\\x15\\x08e\\x15\\xdb\\xf9\\x92@\\x1d\\x00\\x00\\x00\\x00%\\x82\\x9a\\xe5<(\\xb3\\xb0\\x01'",
    "telemetry": {
      "time": 22641,
      "deviceMetrics": {
        "batteryLevel": 101,
        "voltage": 4.593,
        "channelUtilization": 0.0,
        "airUtilTx": 0.028027777,
        "uptimeSeconds": 22579
      },
      "raw": "time: 22641\ndevice_metrics {\n  battery_level: 101\n  voltage: 4.593\n  channel_utilization: 0\n  air_util_tx: 0.0280277766\n  uptime_seconds: 22579\n}\n"
    }
  },
  "id": 531822558,
  "hopLimit": 3,
  "priority": "BACKGROUND",
  "raw": "from: 164906676\nto: 4294967295\ndecoded {\n  portnum: TELEMETRY_APP\n  payload: \"\\rqX\\000\\000\\022\\025\\010e\\025\\333\\371\\222@\\035\\000\\000\\000\\000%\\202\\232\\345<(\\263\\260\\001\"\n}\nid: 531822558\nhop_limit: 3\npriority: BACKGROUND\n",
  "fromId": "!09d446b4",
  "toId": "^all"
}
============================================================
{
  "from": 164906676,
  "to": 4294967295,
  "decoded": {
    "portnum": "TELEMETRY_APP",
    "payload": "b'\\rqX\\x00\\x002$\\x08\\xb3\\xb0\\x01\\x1d\\x82\\x9a\\xe5< \\x02(\\x030\\x03@\\x01`\\x90\\x99\\x0fh\\xd0\\xcf\\x04x\\x9b\\xff\\xff\\xff\\xff\\xff\\xff\\xff\\xff\\x01'",
    "telemetry": {
      "time": 22641,
      "localStats": {
        "uptimeSeconds": 22579,
        "airUtilTx": 0.028027777,
        "numPacketsTx": 2,
        "numPacketsRx": 3,
        "numPacketsRxBad": 3,
        "numTotalNodes": 1,
        "heapTotalBytes": 248976,
        "heapFreeBytes": 75728,
        "noiseFloor": -101
      },
      "raw": "time: 22641\nlocal_stats {\n  uptime_seconds: 22579\n  air_util_tx: 0.0280277766\n  num_packets_tx: 2\n  num_packets_rx: 3\n  num_packets_rx_bad: 3\n  num_total_nodes: 1\n  heap_total_bytes: 248976\n  heap_free_bytes: 75728\n  noise_floor: -101\n}\n"
    }
  },
  "id": 2759367647,
  "hopLimit": 3,
  "priority": "BACKGROUND",
  "raw": "from: 164906676\nto: 4294967295\ndecoded {\n  portnum: TELEMETRY_APP\n  payload: \"\\rqX\\000\\0002$\\010\\263\\260\\001\\035\\202\\232\\345< \\002(\\0030\\003@\\001`\\220\\231\\017h\\320\\317\\004x\\233\\377\\377\\377\\377\\377\\377\\377\\377\\001\"\n}\nid: 2759367647\nhop_limit: 3\npriority: BACKGROUND\n",
  "fromId": "!09d446b4",
  "toId": "^all"
}
============================================================
{
  "from": 164906676,
  "to": 4294967295,
  "decoded": {
    "portnum": "TELEMETRY_APP",
    "payload": "b'\\r\\xadX\\x00\\x00\\x12\\x15\\x08e\\x15q=\\x92@\\x1d\\x00\\x00\\x00\\x00%\\x82\\x9a\\xe5<(\\xef\\xb0\\x01'",
    "telemetry": {
      "time": 22701,
      "deviceMetrics": {
        "batteryLevel": 101,
        "voltage": 4.57,
        "channelUtilization": 0.0,
        "airUtilTx": 0.028027777,
        "uptimeSeconds": 22639
      },
      "raw": "time: 22701\ndevice_metrics {\n  battery_level: 101\n  voltage: 4.57\n  channel_utilization: 0\n  air_util_tx: 0.0280277766\n  uptime_seconds: 22639\n}\n"
    }
  },
  "id": 2345990112,
  "hopLimit": 3,
  "priority": "BACKGROUND",
  "raw": "from: 164906676\nto: 4294967295\ndecoded {\n  portnum: TELEMETRY_APP\n  payload: \"\\r\\255X\\000\\000\\022\\025\\010e\\025q=\\222@\\035\\000\\000\\000\\000%\\202\\232\\345<(\\357\\260\\001\"\n}\nid: 2345990112\nhop_limit: 3\npriority: BACKGROUND\n",
  "fromId": "!09d446b4",
  "toId": "^all"
}
============================================================
{
  "from": 164906676,
  "to": 4294967295,
  "decoded": {
    "portnum": "TELEMETRY_APP",
    "payload": "b'\\r\\xe9X\\x00\\x00\\x12\\x15\\x08e\\x15\\xaeG\\x95@\\x1d\\x00\\x00\\x00\\x00%\\x82\\x9a\\xe5<(\\xab\\xb1\\x01'",
    "telemetry": {
      "time": 22761,
      "deviceMetrics": {
        "batteryLevel": 101,
        "voltage": 4.665,
        "channelUtilization": 0.0,
        "airUtilTx": 0.028027777,
        "uptimeSeconds": 22699
      },
      "raw": "time: 22761\ndevice_metrics {\n  battery_level: 101\n  voltage: 4.665\n  channel_utilization: 0\n  air_util_tx: 0.0280277766\n  uptime_seconds: 22699\n}\n"
    }
  },
  "id": 62796769,
  "hopLimit": 3,
  "priority": "BACKGROUND",
  "raw": "from: 164906676\nto: 4294967295\ndecoded {\n  portnum: TELEMETRY_APP\n  payload: \"\\r\\351X\\000\\000\\022\\025\\010e\\025\\256G\\225@\\035\\000\\000\\000\\000%\\202\\232\\345<(\\253\\261\\001\"\n}\nid: 62796769\nhop_limit: 3\npriority: BACKGROUND\n",
  "fromId": "!09d446b4",
  "toId": "^all"
}
============================================================
{
  "from": 164906676,
  "to": 4294967295,
  "decoded": {
    "portnum": "TELEMETRY_APP",
    "payload": "b'\\r%Y\\x00\\x00\\x12\\x15\\x08e\\x15/\\xdd\\x94@\\x1d\\x00\\x00\\x00\\x00%\\x82\\x9a\\xe5<(\\xe7\\xb1\\x01'",
    "telemetry": {
      "time": 22821,
      "deviceMetrics": {
        "batteryLevel": 101,
        "voltage": 4.652,
        "channelUtilization": 0.0,
        "airUtilTx": 0.028027777,
        "uptimeSeconds": 22759
      },
      "raw": "time: 22821\ndevice_metrics {\n  battery_level: 101\n  voltage: 4.652\n  channel_utilization: 0\n  air_util_tx: 0.0280277766\n  uptime_seconds: 22759\n}\n"
    }
  },
  "id": 915377122,
  "hopLimit": 3,
  "priority": "BACKGROUND",
  "raw": "from: 164906676\nto: 4294967295\ndecoded {\n  portnum: TELEMETRY_APP\n  payload: \"\\r%Y\\000\\000\\022\\025\\010e\\025/\\335\\224@\\035\\000\\000\\000\\000%\\202\\232\\345<(\\347\\261\\001\"\n}\nid: 915377122\nhop_limit: 3\npriority: BACKGROUND\n",
  "fromId": "!09d446b4",
  "toId": "^all"
}
============================================================
{
  "from": 164906676,
  "to": 4294967295,
  "decoded": {
    "portnum": "TELEMETRY_APP",
    "payload": "b'\\raY\\x00\\x00\\x12\\x15\\x08e\\x15\\x1f\\x85\\x93@\\x1d\\x00\\x00\\x00\\x00%\\x82\\x9a\\xe5<(\\xa3\\xb2\\x01'",
    "telemetry": {
      "time": 22881,
      "deviceMetrics": {
        "batteryLevel": 101,
        "voltage": 4.61,
        "channelUtilization": 0.0,
        "airUtilTx": 0.028027777,
        "uptimeSeconds": 22819
      },
      "raw": "time: 22881\ndevice_metrics {\n  battery_level: 101\n  voltage: 4.61\n  channel_utilization: 0\n  air_util_tx: 0.0280277766\n  uptime_seconds: 22819\n}\n"
    }
  },
  "id": 4220978147,
  "hopLimit": 3,
  "priority": "BACKGROUND",
  "raw": "from: 164906676\nto: 4294967295\ndecoded {\n  portnum: TELEMETRY_APP\n  payload: \"\\raY\\000\\000\\022\\025\\010e\\025\\037\\205\\223@\\035\\000\\000\\000\\000%\\202\\232\\345<(\\243\\262\\001\"\n}\nid: 4220978147\nhop_limit: 3\npriority: BACKGROUND\n",
  "fromId": "!09d446b4",
  "toId": "^all"
}
============================================================
{
  "from": 164906676,
  "to": 4294967295,
  "decoded": {
    "portnum": "TELEMETRY_APP",
    "payload": "b'\\r\\x9dY\\x00\\x00\\x12\\x15\\x08e\\x15o\\x12\\x93@\\x1d\\x00\\x00\\x00\\x00%\\x82\\x9a\\xe5<(\\xdf\\xb2\\x01'",
    "telemetry": {
      "time": 22941,
      "deviceMetrics": {
        "batteryLevel": 101,
        "voltage": 4.596,
        "channelUtilization": 0.0,
        "airUtilTx": 0.028027777,
        "uptimeSeconds": 22879
      },
      "raw": "time: 22941\ndevice_metrics {\n  battery_level: 101\n  voltage: 4.596\n  channel_utilization: 0\n  air_util_tx: 0.0280277766\n  uptime_seconds: 22879\n}\n"
    }
  },
  "id": 205899748,
  "hopLimit": 3,
  "priority": "BACKGROUND",
  "raw": "from: 164906676\nto: 4294967295\ndecoded {\n  portnum: TELEMETRY_APP\n  payload: \"\\r\\235Y\\000\\000\\022\\025\\010e\\025o\\022\\223@\\035\\000\\000\\000\\000%\\202\\232\\345<(\\337\\262\\001\"\n}\nid: 205899748\nhop_limit: 3\npriority: BACKGROUND\n",
  "fromId": "!09d446b4",
  "toId": "^all"
}
============================================================
{
  "from": 164906676,
  "to": 4294967295,
  "decoded": {
    "portnum": "TELEMETRY_APP",
    "payload": "b'\\r\\xd9Y\\x00\\x00\\x12\\x15\\x08e\\x15\\xdfO\\x95@\\x1d\\x00\\x00\\x00\\x00%\\x82\\x9a\\xe5<(\\x9b\\xb3\\x01'",
    "telemetry": {
      "time": 23001,
      "deviceMetrics": {
        "batteryLevel": 101,
        "voltage": 4.666,
        "channelUtilization": 0.0,
        "airUtilTx": 0.028027777,
        "uptimeSeconds": 22939
      },
      "raw": "time: 23001\ndevice_metrics {\n  battery_level: 101\n  voltage: 4.666\n  channel_utilization: 0\n  air_util_tx: 0.0280277766\n  uptime_seconds: 22939\n}\n"
    }
  },
  "id": 3767160805,
  "hopLimit": 3,
  "priority": "BACKGROUND",
  "raw": "from: 164906676\nto: 4294967295\ndecoded {\n  portnum: TELEMETRY_APP\n  payload: \"\\r\\331Y\\000\\000\\022\\025\\010e\\025\\337O\\225@\\035\\000\\000\\000\\000%\\202\\232\\345<(\\233\\263\\001\"\n}\nid: 3767160805\nhop_limit: 3\npriority: BACKGROUND\n",
  "fromId": "!09d446b4",
  "toId": "^all"
}
============================================================
{
  "from": 164906676,
  "to": 4294967295,
  "decoded": {
    "portnum": "TELEMETRY_APP",
    "payload": "b'\\r\\x15Z\\x00\\x00\\x12\\x15\\x08e\\x15\\xa0\\x1a\\x93@\\x1d\\x00\\x00\\x00\\x00%\\x82\\x9a\\xe5<(\\xd7\\xb3\\x01'",
    "telemetry": {
      "time": 23061,
      "deviceMetrics": {
        "batteryLevel": 101,
        "voltage": 4.597,
        "channelUtilization": 0.0,
        "airUtilTx": 0.028027777,
        "uptimeSeconds": 22999
      },
      "raw": "time: 23061\ndevice_metrics {\n  battery_level: 101\n  voltage: 4.597\n  channel_utilization: 0\n  air_util_tx: 0.0280277766\n  uptime_seconds: 22999\n}\n"
    }
  },
  "id": 1987568614,
  "hopLimit": 3,
  "priority": "BACKGROUND",
  "raw": "from: 164906676\nto: 4294967295\ndecoded {\n  portnum: TELEMETRY_APP\n  payload: \"\\r\\025Z\\000\\000\\022\\025\\010e\\025\\240\\032\\223@\\035\\000\\000\\000\\000%\\202\\232\\345<(\\327\\263\\001\"\n}\nid: 1987568614\nhop_limit: 3\npriority: BACKGROUND\n",
  "fromId": "!09d446b4",
  "toId": "^all"
}
============================================================
{
  "from": 164906676,
  "to": 4294967295,
  "decoded": {
    "portnum": "TELEMETRY_APP",
    "payload": "b'\\rQZ\\x00\\x00\\x12\\x15\\x08e\\x15\\x02+\\x93@\\x1d\\x00\\x00\\x00\\x00%\\x82\\x9a\\xe5<(\\x93\\xb4\\x01'",
    "telemetry": {
      "time": 23121,
      "deviceMetrics": {
        "batteryLevel": 101,
        "voltage": 4.599,
        "channelUtilization": 0.0,
        "airUtilTx": 0.028027777,
        "uptimeSeconds": 23059
      },
      "raw": "time: 23121\ndevice_metrics {\n  battery_level: 101\n  voltage: 4.599\n  channel_utilization: 0\n  air_util_tx: 0.0280277766\n  uptime_seconds: 23059\n}\n"
    }
  },
  "id": 2573707239,
  "hopLimit": 3,
  "priority": "BACKGROUND",
  "raw": "from: 164906676\nto: 4294967295\ndecoded {\n  portnum: TELEMETRY_APP\n  payload: \"\\rQZ\\000\\000\\022\\025\\010e\\025\\002+\\223@\\035\\000\\000\\000\\000%\\202\\232\\345<(\\223\\264\\001\"\n}\nid: 2573707239\nhop_limit: 3\npriority: BACKGROUND\n",
  "fromId": "!09d446b4",
  "toId": "^all"
}
============================================================
{
  "from": 164906676,
  "to": 4294967295,
  "decoded": {
    "portnum": "TELEMETRY_APP",
    "payload": "b'\\r\\x8dZ\\x00\\x00\\x12\\x15\\x08e\\x15\\x1dZ\\x94@\\x1d\\x00\\x00\\x00\\x00%\\x82\\x9a\\xe5<(\\xcf\\xb4\\x01'",
    "telemetry": {
      "time": 23181,
      "deviceMetrics": {
        "batteryLevel": 101,
        "voltage": 4.636,
        "channelUtilization": 0.0,
        "airUtilTx": 0.028027777,
        "uptimeSeconds": 23119
      },
      "raw": "time: 23181\ndevice_metrics {\n  battery_level: 101\n  voltage: 4.636\n  channel_utilization: 0\n  air_util_tx: 0.0280277766\n  uptime_seconds: 23119\n}\n"
    }
  },
  "id": 3670862824,
  "hopLimit": 3,
  "priority": "BACKGROUND",
  "raw": "from: 164906676\nto: 4294967295\ndecoded {\n  portnum: TELEMETRY_APP\n  payload: \"\\r\\215Z\\000\\000\\022\\025\\010e\\025\\035Z\\224@\\035\\000\\000\\000\\000%\\202\\232\\345<(\\317\\264\\001\"\n}\nid: 3670862824\nhop_limit: 3\npriority: BACKGROUND\n",
  "fromId": "!09d446b4",
  "toId": "^all"
}
============================================================
{
  "from": 164906676,
  "to": 4294967295,
  "decoded": {
    "portnum": "TELEMETRY_APP",
    "payload": "b'\\r\\xc9Z\\x00\\x00\\x12\\x15\\x08e\\x15\\xaa\\xf1\\x92@\\x1d\\x00\\x00\\x00\\x00%\\x82\\x9a\\xe5<(\\x8b\\xb5\\x01'",
    "telemetry": {
      "time": 23241,
      "deviceMetrics": {
        "batteryLevel": 101,
        "voltage": 4.592,
        "channelUtilization": 0.0,
        "airUtilTx": 0.028027777,
        "uptimeSeconds": 23179
      },
      "raw": "time: 23241\ndevice_metrics {\n  battery_level: 101\n  voltage: 4.592\n  channel_utilization: 0\n  air_util_tx: 0.0280277766\n  uptime_seconds: 23179\n}\n"
    }
  },
  "id": 1931939817,
  "hopLimit": 3,
  "priority": "BACKGROUND",
  "raw": "from: 164906676\nto: 4294967295\ndecoded {\n  portnum: TELEMETRY_APP\n  payload: \"\\r\\311Z\\000\\000\\022\\025\\010e\\025\\252\\361\\222@\\035\\000\\000\\000\\000%\\202\\232\\345<(\\213\\265\\001\"\n}\nid: 1931939817\nhop_limit: 3\npriority: BACKGROUND\n",
  "fromId": "!09d446b4",
  "toId": "^all"
}
============================================================
{
  "from": 164906676,
  "to": 4294967295,
  "decoded": {
    "portnum": "TELEMETRY_APP",
    "payload": "b'\\r\\x05[\\x00\\x00\\x12\\x15\\x08e\\x15V\\x0e\\x95@\\x1d\\x00\\x00\\x00\\x00%\\x82\\x9a\\xe5<(\\xc7\\xb5\\x01'",
    "telemetry": {
      "time": 23301,
      "deviceMetrics": {
        "batteryLevel": 101,
        "voltage": 4.658,
        "channelUtilization": 0.0,
        "airUtilTx": 0.028027777,
        "uptimeSeconds": 23239
      },
      "raw": "time: 23301\ndevice_metrics {\n  battery_level: 101\n  voltage: 4.658\n  channel_utilization: 0\n  air_util_tx: 0.0280277766\n  uptime_seconds: 23239\n}\n"
    }
  },
  "id": 947519466,
  "hopLimit": 3,
  "priority": "BACKGROUND",
  "raw": "from: 164906676\nto: 4294967295\ndecoded {\n  portnum: TELEMETRY_APP\n  payload: \"\\r\\005[\\000\\000\\022\\025\\010e\\025V\\016\\225@\\035\\000\\000\\000\\000%\\202\\232\\345<(\\307\\265\\001\"\n}\nid: 947519466\nhop_limit: 3\npriority: BACKGROUND\n",
  "fromId": "!09d446b4",
  "toId": "^all"
}
============================================================
{
  "from": 164906676,
  "to": 4294967295,
  "decoded": {
    "portnum": "TELEMETRY_APP",
    "payload": "b'\\rA[\\x00\\x00\\x12\\x15\\x08e\\x15=\\n\\x93@\\x1d\\x00\\x00\\x00\\x00%\\x82\\x9a\\xe5<(\\x83\\xb6\\x01'",
    "telemetry": {
      "time": 23361,
      "deviceMetrics": {
        "batteryLevel": 101,
        "voltage": 4.595,
        "channelUtilization": 0.0,
        "airUtilTx": 0.028027777,
        "uptimeSeconds": 23299
      },
      "raw": "time: 23361\ndevice_metrics {\n  battery_level: 101\n  voltage: 4.595\n  channel_utilization: 0\n  air_util_tx: 0.0280277766\n  uptime_seconds: 23299\n}\n"
    }
  },
  "id": 2525202411,
  "hopLimit": 3,
  "priority": "BACKGROUND",
  "raw": "from: 164906676\nto: 4294967295\ndecoded {\n  portnum: TELEMETRY_APP\n  payload: \"\\rA[\\000\\000\\022\\025\\010e\\025=\\n\\223@\\035\\000\\000\\000\\000%\\202\\232\\345<(\\203\\266\\001\"\n}\nid: 2525202411\nhop_limit: 3\npriority: BACKGROUND\n",
  "fromId": "!09d446b4",
  "toId": "^all"
}
============================================================
{
  "from": 164906676,
  "to": 4294967295,
  "decoded": {
    "portnum": "TELEMETRY_APP",
    "payload": "b'\\r}[\\x00\\x00\\x12\\x15\\x08e\\x15\\xf8S\\x93@\\x1d\\x00\\x00\\x00\\x00%\\x82\\x9a\\xe5<(\\xbf\\xb6\\x01'",
    "telemetry": {
      "time": 23421,
      "deviceMetrics": {
        "batteryLevel": 101,
        "voltage": 4.604,
        "channelUtilization": 0.0,
        "airUtilTx": 0.028027777,
        "uptimeSeconds": 23359
      },
      "raw": "time: 23421\ndevice_metrics {\n  battery_level: 101\n  voltage: 4.604\n  channel_utilization: 0\n  air_util_tx: 0.0280277766\n  uptime_seconds: 23359\n}\n"
    }
  },
  "id": 2361501676,
  "hopLimit": 3,
  "priority": "BACKGROUND",
  "raw": "from: 164906676\nto: 4294967295\ndecoded {\n  portnum: TELEMETRY_APP\n  payload: \"\\r}[\\000\\000\\022\\025\\010e\\025\\370S\\223@\\035\\000\\000\\000\\000%\\202\\232\\345<(\\277\\266\\001\"\n}\nid: 2361501676\nhop_limit: 3\npriority: BACKGROUND\n",
  "fromId": "!09d446b4",
  "toId": "^all"
}
============================================================
{
  "from": 164906676,
  "to": 4294967295,
  "decoded": {
    "portnum": "TELEMETRY_APP",
    "payload": "b'\\r\\xb9[\\x00\\x00\\x12\\x15\\x08e\\x15^\\xba\\x91@\\x1d\\x00\\x00\\x00\\x00%\\x82\\x9a\\xe5<(\\xfb\\xb6\\x01'",
    "telemetry": {
      "time": 23481,
      "deviceMetrics": {
        "batteryLevel": 101,
        "voltage": 4.554,
        "channelUtilization": 0.0,
        "airUtilTx": 0.028027777,
        "uptimeSeconds": 23419
      },
      "raw": "time: 23481\ndevice_metrics {\n  battery_level: 101\n  voltage: 4.554\n  channel_utilization: 0\n  air_util_tx: 0.0280277766\n  uptime_seconds: 23419\n}\n"
    }
  },
  "id": 1015898093,
  "hopLimit": 3,
  "priority": "BACKGROUND",
  "raw": "from: 164906676\nto: 4294967295\ndecoded {\n  portnum: TELEMETRY_APP\n  payload: \"\\r\\271[\\000\\000\\022\\025\\010e\\025^\\272\\221@\\035\\000\\000\\000\\000%\\202\\232\\345<(\\373\\266\\001\"\n}\nid: 1015898093\nhop_limit: 3\npriority: BACKGROUND\n",
  "fromId": "!09d446b4",
  "toId": "^all"
}
============================================================
{
  "from": 164906676,
  "to": 4294967295,
  "decoded": {
    "portnum": "TELEMETRY_APP",
    "payload": "b'\\r\\xf5[\\x00\\x00\\x12\\x15\\x08e\\x15F\\xb6\\x93@\\x1d\\x00\\x00\\x00\\x00%\\x82\\x9a\\xe5<(\\xb7\\xb7\\x01'",
    "telemetry": {
      "time": 23541,
      "deviceMetrics": {
        "batteryLevel": 101,
        "voltage": 4.616,
        "channelUtilization": 0.0,
        "airUtilTx": 0.028027777,
        "uptimeSeconds": 23479
      },
      "raw": "time: 23541\ndevice_metrics {\n  battery_level: 101\n  voltage: 4.616\n  channel_utilization: 0\n  air_util_tx: 0.0280277766\n  uptime_seconds: 23479\n}\n"
    }
  },
  "id": 3251857390,
  "hopLimit": 3,
  "priority": "BACKGROUND",
  "raw": "from: 164906676\nto: 4294967295\ndecoded {\n  portnum: TELEMETRY_APP\n  payload: \"\\r\\365[\\000\\000\\022\\025\\010e\\025F\\266\\223@\\035\\000\\000\\000\\000%\\202\\232\\345<(\\267\\267\\001\"\n}\nid: 3251857390\nhop_limit: 3\npriority: BACKGROUND\n",
  "fromId": "!09d446b4",
  "toId": "^all"
}
============================================================
{
  "from": 164906676,
  "to": 4294967295,
  "decoded": {
    "portnum": "TELEMETRY_APP",
    "payload": "b'\\r\\xf6[\\x00\\x002$\\x08\\xb7\\xb7\\x01\\x1d\\x82\\x9a\\xe5< \\x02(\\x030\\x03@\\x01`\\x90\\x99\\x0fh\\xd0\\xcf\\x04x\\x9b\\xff\\xff\\xff\\xff\\xff\\xff\\xff\\xff\\x01'",
    "telemetry": {
      "time": 23542,
      "localStats": {
        "uptimeSeconds": 23479,
        "airUtilTx": 0.028027777,
        "numPacketsTx": 2,
        "numPacketsRx": 3,
        "numPacketsRxBad": 3,
        "numTotalNodes": 1,
        "heapTotalBytes": 248976,
        "heapFreeBytes": 75728,
        "noiseFloor": -101
      },
      "raw": "time: 23542\nlocal_stats {\n  uptime_seconds: 23479\n  air_util_tx: 0.0280277766\n  num_packets_tx: 2\n  num_packets_rx: 3\n  num_packets_rx_bad: 3\n  num_total_nodes: 1\n  heap_total_bytes: 248976\n  heap_free_bytes: 75728\n  noise_floor: -101\n}\n"
    }
  },
  "id": 1768427503,
  "hopLimit": 3,
  "priority": "BACKGROUND",
  "raw": "from: 164906676\nto: 4294967295\ndecoded {\n  portnum: TELEMETRY_APP\n  payload: \"\\r\\366[\\000\\0002$\\010\\267\\267\\001\\035\\202\\232\\345< \\002(\\0030\\003@\\001`\\220\\231\\017h\\320\\317\\004x\\233\\377\\377\\377\\377\\377\\377\\377\\377\\001\"\n}\nid: 1768427503\nhop_limit: 3\npriority: BACKGROUND\n",
  "fromId": "!09d446b4",
  "toId": "^all"
}
============================================================
{
  "from": 164906676,
  "to": 4294967295,
  "decoded": {
    "portnum": "TELEMETRY_APP",
    "payload": "b'\\r2\\\\\\x00\\x00\\x12\\x15\\x08e\\x15\\xb6\\xf3\\x95@\\x1d\\x00\\x00\\x00\\x00%\\x82\\x9a\\xe5<(\\xf3\\xb7\\x01'",
    "telemetry": {
      "time": 23602,
      "deviceMetrics": {
        "batteryLevel": 101,
        "voltage": 4.686,
        "channelUtilization": 0.0,
        "airUtilTx": 0.028027777,
        "uptimeSeconds": 23539
      },
      "raw": "time: 23602\ndevice_metrics {\n  battery_level: 101\n  voltage: 4.686\n  channel_utilization: 0\n  air_util_tx: 0.0280277766\n  uptime_seconds: 23539\n}\n"
    }
  },
  "id": 4149615600,
  "hopLimit": 3,
  "priority": "BACKGROUND",
  "raw": "from: 164906676\nto: 4294967295\ndecoded {\n  portnum: TELEMETRY_APP\n  payload: \"\\r2\\\\\\000\\000\\022\\025\\010e\\025\\266\\363\\225@\\035\\000\\000\\000\\000%\\202\\232\\345<(\\363\\267\\001\"\n}\nid: 4149615600\nhop_limit: 3\npriority: BACKGROUND\n",
  "fromId": "!09d446b4",
  "toId": "^all"
}
============================================================
{
  "from": 164906676,
  "to": 4294967295,
  "decoded": {
    "portnum": "TELEMETRY_APP",
    "payload": "b'\\rn\\\\\\x00\\x00\\x12\\x15\\x08e\\x15\\xb0r\\x94@\\x1d\\x00\\x00\\x00\\x00%\\x82\\x9a\\xe5<(\\xb0\\xb8\\x01'",
    "telemetry": {
      "time": 23662,
      "deviceMetrics": {
        "batteryLevel": 101,
        "voltage": 4.639,
        "channelUtilization": 0.0,
        "airUtilTx": 0.028027777,
        "uptimeSeconds": 23600
      },
      "raw": "time: 23662\ndevice_metrics {\n  battery_level: 101\n  voltage: 4.639\n  channel_utilization: 0\n  air_util_tx: 0.0280277766\n  uptime_seconds: 23600\n}\n"
    }
  },
  "id": 3390232561,
  "hopLimit": 3,
  "priority": "BACKGROUND",
  "raw": "from: 164906676\nto: 4294967295\ndecoded {\n  portnum: TELEMETRY_APP\n  payload: \"\\rn\\\\\\000\\000\\022\\025\\010e\\025\\260r\\224@\\035\\000\\000\\000\\000%\\202\\232\\345<(\\260\\270\\001\"\n}\nid: 3390232561\nhop_limit: 3\npriority: BACKGROUND\n",
  "fromId": "!09d446b4",
  "toId": "^all"
}
============================================================
{
  "from": 164906676,
  "to": 4294967295,
  "decoded": {
    "portnum": "TELEMETRY_APP",
    "payload": "b'\\r\\xaa\\\\\\x00\\x00\\x12\\x15\\x08e\\x15\\x7fj\\x94@\\x1d\\x00\\x00\\x00\\x00%\\x82\\x9a\\xe5<(\\xec\\xb8\\x01'",
    "telemetry": {
      "time": 23722,
      "deviceMetrics": {
        "batteryLevel": 101,
        "voltage": 4.638,
        "channelUtilization": 0.0,
        "airUtilTx": 0.028027777,
        "uptimeSeconds": 23660
      },
      "raw": "time: 23722\ndevice_metrics {\n  battery_level: 101\n  voltage: 4.638\n  channel_utilization: 0\n  air_util_tx: 0.0280277766\n  uptime_seconds: 23660\n}\n"
    }
  },
  "id": 2759363570,
  "hopLimit": 3,
  "priority": "BACKGROUND",
  "raw": "from: 164906676\nto: 4294967295\ndecoded {\n  portnum: TELEMETRY_APP\n  payload: \"\\r\\252\\\\\\000\\000\\022\\025\\010e\\025\\177j\\224@\\035\\000\\000\\000\\000%\\202\\232\\345<(\\354\\270\\001\"\n}\nid: 2759363570\nhop_limit: 3\npriority: BACKGROUND\n",
  "fromId": "!09d446b4",
  "toId": "^all"
}
============================================================
{
  "from": 164906676,
  "to": 4294967295,
  "decoded": {
    "portnum": "TELEMETRY_APP",
    "payload": "b'\\r\\xe6\\\\\\x00\\x00\\x12\\x15\\x08e\\x15\\x17\\xd9\\x92@\\x1d\\x00\\x00\\x00\\x00%\\x82\\x9a\\xe5<(\\xa8\\xb9\\x01'",
    "telemetry": {
      "time": 23782,
      "deviceMetrics": {
        "batteryLevel": 101,
        "voltage": 4.589,
        "channelUtilization": 0.0,
        "airUtilTx": 0.028027777,
        "uptimeSeconds": 23720
      },
      "raw": "time: 23782\ndevice_metrics {\n  battery_level: 101\n  voltage: 4.589\n  channel_utilization: 0\n  air_util_tx: 0.0280277766\n  uptime_seconds: 23720\n}\n"
    }
  },
  "id": 719141875,
  "hopLimit": 3,
  "priority": "BACKGROUND",
  "raw": "from: 164906676\nto: 4294967295\ndecoded {\n  portnum: TELEMETRY_APP\n  payload: \"\\r\\346\\\\\\000\\000\\022\\025\\010e\\025\\027\\331\\222@\\035\\000\\000\\000\\000%\\202\\232\\345<(\\250\\271\\001\"\n}\nid: 719141875\nhop_limit: 3\npriority: BACKGROUND\n",
  "fromId": "!09d446b4",
  "toId": "^all"
}
============================================================
{
  "from": 164906676,
  "to": 4294967295,
  "decoded": {
    "portnum": "TELEMETRY_APP",
    "payload": "b'\\r\"]\\x00\\x00\\x12\\x15\\x08e\\x15\\x87\\x16\\x95@\\x1d\\x00\\x00\\x00\\x00%\\x82\\x9a\\xe5<(\\xe4\\xb9\\x01'",
    "telemetry": {
      "time": 23842,
      "deviceMetrics": {
        "batteryLevel": 101,
        "voltage": 4.659,
        "channelUtilization": 0.0,
        "airUtilTx": 0.028027777,
        "uptimeSeconds": 23780
      },
      "raw": "time: 23842\ndevice_metrics {\n  battery_level: 101\n  voltage: 4.659\n  channel_utilization: 0\n  air_util_tx: 0.0280277766\n  uptime_seconds: 23780\n}\n"
    }
  },
  "id": 274299892,
  "hopLimit": 3,
  "priority": "BACKGROUND",
  "raw": "from: 164906676\nto: 4294967295\ndecoded {\n  portnum: TELEMETRY_APP\n  payload: \"\\r\\\"]\\000\\000\\022\\025\\010e\\025\\207\\026\\225@\\035\\000\\000\\000\\000%\\202\\232\\345<(\\344\\271\\001\"\n}\nid: 274299892\nhop_limit: 3\npriority: BACKGROUND\n",
  "fromId": "!09d446b4",
  "toId": "^all"
}
============================================================
{
  "from": 164906676,
  "to": 4294967295,
  "decoded": {
    "portnum": "TELEMETRY_APP",
    "payload": "b'\\r^]\\x00\\x00\\x12\\x15\\x08e\\x15/\\xdd\\x94@\\x1d\\x00\\x00\\x00\\x00%\\x82\\x9a\\xe5<(\\xa0\\xba\\x01'",
    "telemetry": {
      "time": 23902,
      "deviceMetrics": {
        "batteryLevel": 101,
        "voltage": 4.652,
        "channelUtilization": 0.0,
        "airUtilTx": 0.028027777,
        "uptimeSeconds": 23840
      },
      "raw": "time: 23902\ndevice_metrics {\n  battery_level: 101\n  voltage: 4.652\n  channel_utilization: 0\n  air_util_tx: 0.0280277766\n  uptime_seconds: 23840\n}\n"
    }
  },
  "id": 1834312693,
  "hopLimit": 3,
  "priority": "BACKGROUND",
  "raw": "from: 164906676\nto: 4294967295\ndecoded {\n  portnum: TELEMETRY_APP\n  payload: \"\\r^]\\000\\000\\022\\025\\010e\\025/\\335\\224@\\035\\000\\000\\000\\000%\\202\\232\\345<(\\240\\272\\001\"\n}\nid: 1834312693\nhop_limit: 3\npriority: BACKGROUND\n",
  "fromId": "!09d446b4",
  "toId": "^all"
}
============================================================
{
  "from": 164906676,
  "to": 4294967295,
  "decoded": {
    "portnum": "TELEMETRY_APP",
    "payload": "b'\\r\\x9a]\\x00\\x00\\x12\\x15\\x08e\\x15`\\xe5\\x94@\\x1d\\x00\\x00\\x00\\x00%\\x82\\x9a\\xe5<(\\xdc\\xba\\x01'",
    "telemetry": {
      "time": 23962,
      "deviceMetrics": {
        "batteryLevel": 101,
        "voltage": 4.653,
        "channelUtilization": 0.0,
        "airUtilTx": 0.028027777,
        "uptimeSeconds": 23900
      },
      "raw": "time: 23962\ndevice_metrics {\n  battery_level: 101\n  voltage: 4.653\n  channel_utilization: 0\n  air_util_tx: 0.0280277766\n  uptime_seconds: 23900\n}\n"
    }
  },
  "id": 1904291830,
  "hopLimit": 3,
  "priority": "BACKGROUND",
  "raw": "from: 164906676\nto: 4294967295\ndecoded {\n  portnum: TELEMETRY_APP\n  payload: \"\\r\\232]\\000\\000\\022\\025\\010e\\025`\\345\\224@\\035\\000\\000\\000\\000%\\202\\232\\345<(\\334\\272\\001\"\n}\nid: 1904291830\nhop_limit: 3\npriority: BACKGROUND\n",
  "fromId": "!09d446b4",
  "toId": "^all"
}
============================================================
{
  "from": 164906676,
  "to": 4294967295,
  "decoded": {
    "portnum": "TELEMETRY_APP",
    "payload": "b'\\r\\xd6]\\x00\\x00\\x12\\x15\\x08e\\x15d;\\x93@\\x1d\\x00\\x00\\x00\\x00%\\x82\\x9a\\xe5<(\\x98\\xbb\\x01'",
    "telemetry": {
      "time": 24022,
      "deviceMetrics": {
        "batteryLevel": 101,
        "voltage": 4.601,
        "channelUtilization": 0.0,
        "airUtilTx": 0.028027777,
        "uptimeSeconds": 23960
      },
      "raw": "time: 24022\ndevice_metrics {\n  battery_level: 101\n  voltage: 4.601\n  channel_utilization: 0\n  air_util_tx: 0.0280277766\n  uptime_seconds: 23960\n}\n"
    }
  },
  "id": 2261915639,
  "hopLimit": 3,
  "priority": "BACKGROUND",
  "raw": "from: 164906676\nto: 4294967295\ndecoded {\n  portnum: TELEMETRY_APP\n  payload: \"\\r\\326]\\000\\000\\022\\025\\010e\\025d;\\223@\\035\\000\\000\\000\\000%\\202\\232\\345<(\\230\\273\\001\"\n}\nid: 2261915639\nhop_limit: 3\npriority: BACKGROUND\n",
  "fromId": "!09d446b4",
  "toId": "^all"
}
============================================================
{
  "from": 164906676,
  "to": 4294967295,
  "decoded": {
    "portnum": "TELEMETRY_APP",
    "payload": "b'\\r\\x12^\\x00\\x00\\x12\\x15\\x08e\\x15\\x04V\\x92@\\x1d\\x00\\x00\\x00\\x00%\\x82\\x9a\\xe5<(\\xd4\\xbb\\x01'",
    "telemetry": {
      "time": 24082,
      "deviceMetrics": {
        "batteryLevel": 101,
        "voltage": 4.573,
        "channelUtilization": 0.0,
        "airUtilTx": 0.028027777,
        "uptimeSeconds": 24020
      },
      "raw": "time: 24082\ndevice_metrics {\n  battery_level: 101\n  voltage: 4.573\n  channel_utilization: 0\n  air_util_tx: 0.0280277766\n  uptime_seconds: 24020\n}\n"
    }
  },
  "id": 2679718904,
  "hopLimit": 3,
  "priority": "BACKGROUND",
  "raw": "from: 164906676\nto: 4294967295\ndecoded {\n  portnum: TELEMETRY_APP\n  payload: \"\\r\\022^\\000\\000\\022\\025\\010e\\025\\004V\\222@\\035\\000\\000\\000\\000%\\202\\232\\345<(\\324\\273\\001\"\n}\nid: 2679718904\nhop_limit: 3\npriority: BACKGROUND\n",
  "fromId": "!09d446b4",
  "toId": "^all"
}
============================================================
{
  "from": 164906676,
  "to": 4294967295,
  "decoded": {
    "portnum": "TELEMETRY_APP",
    "payload": "b'\\rN^\\x00\\x00\\x12\\x15\\x08e\\x15\\n\\xd7\\x93@\\x1d\\x00\\x00\\x00\\x00%\\x82\\x9a\\xe5<(\\x90\\xbc\\x01'",
    "telemetry": {
      "time": 24142,
      "deviceMetrics": {
        "batteryLevel": 101,
        "voltage": 4.62,
        "channelUtilization": 0.0,
        "airUtilTx": 0.028027777,
        "uptimeSeconds": 24080
      },
      "raw": "time: 24142\ndevice_metrics {\n  battery_level: 101\n  voltage: 4.62\n  channel_utilization: 0\n  air_util_tx: 0.0280277766\n  uptime_seconds: 24080\n}\n"
    }
  },
  "id": 353645561,
  "hopLimit": 3,
  "priority": "BACKGROUND",
  "raw": "from: 164906676\nto: 4294967295\ndecoded {\n  portnum: TELEMETRY_APP\n  payload: \"\\rN^\\000\\000\\022\\025\\010e\\025\\n\\327\\223@\\035\\000\\000\\000\\000%\\202\\232\\345<(\\220\\274\\001\"\n}\nid: 353645561\nhop_limit: 3\npriority: BACKGROUND\n",
  "fromId": "!09d446b4",
  "toId": "^all"
}
============================================================
{
  "from": 164906676,
  "to": 4294967295,
  "decoded": {
    "portnum": "TELEMETRY_APP",
    "payload": "b'\\r\\x8a^\\x00\\x00\\x12\\x15\\x08e\\x15\\x81\\x95\\x93@\\x1d\\x00\\x00\\x00\\x00%\\x82\\x9a\\xe5<(\\xcc\\xbc\\x01'",
    "telemetry": {
      "time": 24202,
      "deviceMetrics": {
        "batteryLevel": 101,
        "voltage": 4.612,
        "channelUtilization": 0.0,
        "airUtilTx": 0.028027777,
        "uptimeSeconds": 24140
      },
      "raw": "time: 24202\ndevice_metrics {\n  battery_level: 101\n  voltage: 4.612\n  channel_utilization: 0\n  air_util_tx: 0.0280277766\n  uptime_seconds: 24140\n}\n"
    }
  },
  "id": 4110749690,
  "hopLimit": 3,
  "priority": "BACKGROUND",
  "raw": "from: 164906676\nto: 4294967295\ndecoded {\n  portnum: TELEMETRY_APP\n  payload: \"\\r\\212^\\000\\000\\022\\025\\010e\\025\\201\\225\\223@\\035\\000\\000\\000\\000%\\202\\232\\345<(\\314\\274\\001\"\n}\nid: 4110749690\nhop_limit: 3\npriority: BACKGROUND\n",
  "fromId": "!09d446b4",
  "toId": "^all"
}
============================================================
{
  "from": 164906676,
  "to": 4294967295,
  "decoded": {
    "portnum": "TELEMETRY_APP",
    "payload": "b'\\r\\xc6^\\x00\\x00\\x12\\x15\\x08e\\x15!\\xb0\\x92@\\x1d\\x00\\x00\\x00\\x00%\\x82\\x9a\\xe5<(\\x88\\xbd\\x01'",
    "telemetry": {
      "time": 24262,
      "deviceMetrics": {
        "batteryLevel": 101,
        "voltage": 4.584,
        "channelUtilization": 0.0,
        "airUtilTx": 0.028027777,
        "uptimeSeconds": 24200
      },
      "raw": "time: 24262\ndevice_metrics {\n  battery_level: 101\n  voltage: 4.584\n  channel_utilization: 0\n  air_util_tx: 0.0280277766\n  uptime_seconds: 24200\n}\n"
    }
  },
  "id": 171248635,
  "hopLimit": 3,
  "priority": "BACKGROUND",
  "raw": "from: 164906676\nto: 4294967295\ndecoded {\n  portnum: TELEMETRY_APP\n  payload: \"\\r\\306^\\000\\000\\022\\025\\010e\\025!\\260\\222@\\035\\000\\000\\000\\000%\\202\\232\\345<(\\210\\275\\001\"\n}\nid: 171248635\nhop_limit: 3\npriority: BACKGROUND\n",
  "fromId": "!09d446b4",
  "toId": "^all"
}
============================================================
{
  "from": 164906676,
  "to": 4294967295,
  "decoded": {
    "portnum": "TELEMETRY_APP",
    "payload": "b'\\r\\x02_\\x00\\x00\\x12\\x15\\x08e\\x15\\x1dZ\\x94@\\x1d\\x00\\x00\\x00\\x00%\\x82\\x9a\\xe5<(\\xc4\\xbd\\x01'",
    "telemetry": {
      "time": 24322,
      "deviceMetrics": {
        "batteryLevel": 101,
        "voltage": 4.636,
        "channelUtilization": 0.0,
        "airUtilTx": 0.028027777,
        "uptimeSeconds": 24260
      },
      "raw": "time: 24322\ndevice_metrics {\n  battery_level: 101\n  voltage: 4.636\n  channel_utilization: 0\n  air_util_tx: 0.0280277766\n  uptime_seconds: 24260\n}\n"
    }
  },
  "id": 1089538044,
  "hopLimit": 3,
  "priority": "BACKGROUND",
  "raw": "from: 164906676\nto: 4294967295\ndecoded {\n  portnum: TELEMETRY_APP\n  payload: \"\\r\\002_\\000\\000\\022\\025\\010e\\025\\035Z\\224@\\035\\000\\000\\000\\000%\\202\\232\\345<(\\304\\275\\001\"\n}\nid: 1089538044\nhop_limit: 3\npriority: BACKGROUND\n",
  "fromId": "!09d446b4",
  "toId": "^all"
}
============================================================
{
  "from": 164906676,
  "to": 4294967295,
  "decoded": {
    "portnum": "TELEMETRY_APP",
    "payload": "b'\\r>_\\x00\\x00\\x12\\x15\\x08e\\x15\\xcf\\xf7\\x93@\\x1d\\x00\\x00\\x00\\x00%\\x82\\x9a\\xe5<(\\x80\\xbe\\x01'",
    "telemetry": {
      "time": 24382,
      "deviceMetrics": {
        "batteryLevel": 101,
        "voltage": 4.624,
        "channelUtilization": 0.0,
        "airUtilTx": 0.028027777,
        "uptimeSeconds": 24320
      },
      "raw": "time: 24382\ndevice_metrics {\n  battery_level: 101\n  voltage: 4.624\n  channel_utilization: 0\n  air_util_tx: 0.0280277766\n  uptime_seconds: 24320\n}\n"
    }
  },
  "id": 1576957,
  "hopLimit": 3,
  "priority": "BACKGROUND",
  "raw": "from: 164906676\nto: 4294967295\ndecoded {\n  portnum: TELEMETRY_APP\n  payload: \"\\r>_\\000\\000\\022\\025\\010e\\025\\317\\367\\223@\\035\\000\\000\\000\\000%\\202\\232\\345<(\\200\\276\\001\"\n}\nid: 1576957\nhop_limit: 3\npriority: BACKGROUND\n",
  "fromId": "!09d446b4",
  "toId": "^all"
}
============================================================
{
  "from": 164906676,
  "to": 4294967295,
  "decoded": {
    "portnum": "TELEMETRY_APP",
    "payload": "b'\\rz_\\x00\\x00\\x12\\x15\\x08e\\x15;\\xdf\\x93@\\x1d\\x00\\x00\\x00\\x00%\\x82\\x9a\\xe5<(\\xbc\\xbe\\x01'",
    "telemetry": {
      "time": 24442,
      "deviceMetrics": {
        "batteryLevel": 101,
        "voltage": 4.621,
        "channelUtilization": 0.0,
        "airUtilTx": 0.028027777,
        "uptimeSeconds": 24380
      },
      "raw": "time: 24442\ndevice_metrics {\n  battery_level: 101\n  voltage: 4.621\n  channel_utilization: 0\n  air_util_tx: 0.0280277766\n  uptime_seconds: 24380\n}\n"
    }
  },
  "id": 866023422,
  "hopLimit": 3,
  "priority": "BACKGROUND",
  "raw": "from: 164906676\nto: 4294967295\ndecoded {\n  portnum: TELEMETRY_APP\n  payload: \"\\rz_\\000\\000\\022\\025\\010e\\025;\\337\\223@\\035\\000\\000\\000\\000%\\202\\232\\345<(\\274\\276\\001\"\n}\nid: 866023422\nhop_limit: 3\npriority: BACKGROUND\n",
  "fromId": "!09d446b4",
  "toId": "^all"
}
============================================================
{
  "from": 164906676,
  "to": 4294967295,
  "decoded": {
    "portnum": "TELEMETRY_APP",
    "payload": "b'\\rz_\\x00\\x002$\\x08\\xbc\\xbe\\x01\\x1d\\x82\\x9a\\xe5< \\x02(\\x030\\x03@\\x01`\\x90\\x99\\x0fh\\xd0\\xcf\\x04x\\x9b\\xff\\xff\\xff\\xff\\xff\\xff\\xff\\xff\\x01'",
    "telemetry": {
      "time": 24442,
      "localStats": {
        "uptimeSeconds": 24380,
        "airUtilTx": 0.028027777,
        "numPacketsTx": 2,
        "numPacketsRx": 3,
        "numPacketsRxBad": 3,
        "numTotalNodes": 1,
        "heapTotalBytes": 248976,
        "heapFreeBytes": 75728,
        "noiseFloor": -101
      },
      "raw": "time: 24442\nlocal_stats {\n  uptime_seconds: 24380\n  air_util_tx: 0.0280277766\n  num_packets_tx: 2\n  num_packets_rx: 3\n  num_packets_rx_bad: 3\n  num_total_nodes: 1\n  heap_total_bytes: 248976\n  heap_free_bytes: 75728\n  noise_floor: -101\n}\n"
    }
  },
  "id": 931893247,
  "hopLimit": 3,
  "priority": "BACKGROUND",
  "raw": "from: 164906676\nto: 4294967295\ndecoded {\n  portnum: TELEMETRY_APP\n  payload: \"\\rz_\\000\\0002$\\010\\274\\276\\001\\035\\202\\232\\345< \\002(\\0030\\003@\\001`\\220\\231\\017h\\320\\317\\004x\\233\\377\\377\\377\\377\\377\\377\\377\\377\\001\"\n}\nid: 931893247\nhop_limit: 3\npriority: BACKGROUND\n",
  "fromId": "!09d446b4",
  "toId": "^all"
}
============================================================
{
  "from": 164906676,
  "to": 4294967295,
  "decoded": {
    "portnum": "TELEMETRY_APP",
    "payload": "b'\\r\\xb6_\\x00\\x00\\x12\\x15\\x08e\\x15H\\xe1\\x92@\\x1d\\x00\\x00\\x00\\x00%\\x82\\x9a\\xe5<(\\xf8\\xbe\\x01'",
    "telemetry": {
      "time": 24502,
      "deviceMetrics": {
        "batteryLevel": 101,
        "voltage": 4.59,
        "channelUtilization": 0.0,
        "airUtilTx": 0.028027777,
        "uptimeSeconds": 24440
      },
      "raw": "time: 24502\ndevice_metrics {\n  battery_level: 101\n  voltage: 4.59\n  channel_utilization: 0\n  air_util_tx: 0.0280277766\n  uptime_seconds: 24440\n}\n"
    }
  },
  "id": 3318601728,
  "hopLimit": 3,
  "priority": "BACKGROUND",
  "raw": "from: 164906676\nto: 4294967295\ndecoded {\n  portnum: TELEMETRY_APP\n  payload: \"\\r\\266_\\000\\000\\022\\025\\010e\\025H\\341\\222@\\035\\000\\000\\000\\000%\\202\\232\\345<(\\370\\276\\001\"\n}\nid: 3318601728\nhop_limit: 3\npriority: BACKGROUND\n",
  "fromId": "!09d446b4",
  "toId": "^all"
}
============================================================
{
  "from": 164906676,
  "to": 4294967295,
  "decoded": {
    "portnum": "TELEMETRY_APP",
    "payload": "b'\\r\\xf2_\\x00\\x00\\x12\\x15\\x08e\\x15\\xcd\\xcc\\x94@\\x1d\\x00\\x00\\x00\\x00%\\x82\\x9a\\xe5<(\\xb4\\xbf\\x01'",
    "telemetry": {
      "time": 24562,
      "deviceMetrics": {
        "batteryLevel": 101,
        "voltage": 4.65,
        "channelUtilization": 0.0,
        "airUtilTx": 0.028027777,
        "uptimeSeconds": 24500
      },
      "raw": "time: 24562\ndevice_metrics {\n  battery_level: 101\n  voltage: 4.65\n  channel_utilization: 0\n  air_util_tx: 0.0280277766\n  uptime_seconds: 24500\n}\n"
    }
  },
  "id": 3396934657,
  "hopLimit": 3,
  "priority": "BACKGROUND",
  "raw": "from: 164906676\nto: 4294967295\ndecoded {\n  portnum: TELEMETRY_APP\n  payload: \"\\r\\362_\\000\\000\\022\\025\\010e\\025\\315\\314\\224@\\035\\000\\000\\000\\000%\\202\\232\\345<(\\264\\277\\001\"\n}\nid: 3396934657\nhop_limit: 3\npriority: BACKGROUND\n",
  "fromId": "!09d446b4",
  "toId": "^all"
}
============================================================
{
  "from": 164906676,
  "to": 4294967295,
  "decoded": {
    "portnum": "TELEMETRY_APP",
    "payload": "b'\\r.`\\x00\\x00\\x12\\x15\\x08e\\x15\\x12\\x83\\x94@\\x1d\\x00\\x00\\x00\\x00%\\x82\\x9a\\xe5<(\\xf0\\xbf\\x01'",
    "telemetry": {
      "time": 24622,
      "deviceMetrics": {
        "batteryLevel": 101,
        "voltage": 4.641,
        "channelUtilization": 0.0,
        "airUtilTx": 0.028027777,
        "uptimeSeconds": 24560
      },
      "raw": "time: 24622\ndevice_metrics {\n  battery_level: 101\n  voltage: 4.641\n  channel_utilization: 0\n  air_util_tx: 0.0280277766\n  uptime_seconds: 24560\n}\n"
    }
  },
  "id": 2302265346,
  "hopLimit": 3,
  "priority": "BACKGROUND",
  "raw": "from: 164906676\nto: 4294967295\ndecoded {\n  portnum: TELEMETRY_APP\n  payload: \"\\r.`\\000\\000\\022\\025\\010e\\025\\022\\203\\224@\\035\\000\\000\\000\\000%\\202\\232\\345<(\\360\\277\\001\"\n}\nid: 2302265346\nhop_limit: 3\npriority: BACKGROUND\n",
  "fromId": "!09d446b4",
  "toId": "^all"
}
============================================================
{
  "from": 164906676,
  "to": 4294967295,
  "decoded": {
    "portnum": "TELEMETRY_APP",
    "payload": "b'\\rj`\\x00\\x00\\x12\\x15\\x08e\\x15\\xfa~\\x92@\\x1d\\x00\\x00\\x00\\x00%\\x82\\x9a\\xe5<(\\xac\\xc0\\x01'",
    "telemetry": {
      "time": 24682,
      "deviceMetrics": {
        "batteryLevel": 101,
        "voltage": 4.578,
        "channelUtilization": 0.0,
        "airUtilTx": 0.028027777,
        "uptimeSeconds": 24620
      },
      "raw": "time: 24682\ndevice_metrics {\n  battery_level: 101\n  voltage: 4.578\n  channel_utilization: 0\n  air_util_tx: 0.0280277766\n  uptime_seconds: 24620\n}\n"
    }
  },
  "id": 592630787,
  "hopLimit": 3,
  "priority": "BACKGROUND",
  "raw": "from: 164906676\nto: 4294967295\ndecoded {\n  portnum: TELEMETRY_APP\n  payload: \"\\rj`\\000\\000\\022\\025\\010e\\025\\372~\\222@\\035\\000\\000\\000\\000%\\202\\232\\345<(\\254\\300\\001\"\n}\nid: 592630787\nhop_limit: 3\npriority: BACKGROUND\n",
  "fromId": "!09d446b4",
  "toId": "^all"
}
============================================================
{
  "from": 164906676,
  "to": 4294967295,
  "decoded": {
    "portnum": "TELEMETRY_APP",
    "payload": "b'\\r\\xa6`\\x00\\x00\\x12\\x15\\x08e\\x15\\xdfO\\x95@\\x1d\\x00\\x00\\x00\\x00%\\x82\\x9a\\xe5<(\\xe8\\xc0\\x01'",
    "telemetry": {
      "time": 24742,
      "deviceMetrics": {
        "batteryLevel": 101,
        "voltage": 4.666,
        "channelUtilization": 0.0,
        "airUtilTx": 0.028027777,
        "uptimeSeconds": 24680
      },
      "raw": "time: 24742\ndevice_metrics {\n  battery_level: 101\n  voltage: 4.666\n  channel_utilization: 0\n  air_util_tx: 0.0280277766\n  uptime_seconds: 24680\n}\n"
    }
  },
  "id": 1614861316,
  "hopLimit": 3,
  "priority": "BACKGROUND",
  "raw": "from: 164906676\nto: 4294967295\ndecoded {\n  portnum: TELEMETRY_APP\n  payload: \"\\r\\246`\\000\\000\\022\\025\\010e\\025\\337O\\225@\\035\\000\\000\\000\\000%\\202\\232\\345<(\\350\\300\\001\"\n}\nid: 1614861316\nhop_limit: 3\npriority: BACKGROUND\n",
  "fromId": "!09d446b4",
  "toId": "^all"
}
============================================================
{
  "from": 164906676,
  "to": 4294967295,
  "decoded": {
    "portnum": "TELEMETRY_APP",
    "payload": "b'\\r\\xe2`\\x00\\x00\\x12\\x15\\x08e\\x15Zd\\x93@\\x1d\\x00\\x00\\x00\\x00%\\x82\\x9a\\xe5<(\\xa4\\xc1\\x01'",
    "telemetry": {
      "time": 24802,
      "deviceMetrics": {
        "batteryLevel": 101,
        "voltage": 4.606,
        "channelUtilization": 0.0,
        "airUtilTx": 0.028027777,
        "uptimeSeconds": 24740
      },
      "raw": "time: 24802\ndevice_metrics {\n  battery_level: 101\n  voltage: 4.606\n  channel_utilization: 0\n  air_util_tx: 0.0280277766\n  uptime_seconds: 24740\n}\n"
    }
  },
  "id": 1676229637,
  "hopLimit": 3,
  "priority": "BACKGROUND",
  "raw": "from: 164906676\nto: 4294967295\ndecoded {\n  portnum: TELEMETRY_APP\n  payload: \"\\r\\342`\\000\\000\\022\\025\\010e\\025Zd\\223@\\035\\000\\000\\000\\000%\\202\\232\\345<(\\244\\301\\001\"\n}\nid: 1676229637\nhop_limit: 3\npriority: BACKGROUND\n",
  "fromId": "!09d446b4",
  "toId": "^all"
}
============================================================
{
  "from": 164906676,
  "to": 4294967295,
  "decoded": {
    "portnum": "TELEMETRY_APP",
    "payload": "b'\\r\\x1fa\\x00\\x00\\x12\\x15\\x08e\\x159\\xb4\\x94@\\x1d\\x00\\x00\\x00\\x00%\\x82\\x9a\\xe5<(\\xe0\\xc1\\x01'",
    "telemetry": {
      "time": 24863,
      "deviceMetrics": {
        "batteryLevel": 101,
        "voltage": 4.647,
        "channelUtilization": 0.0,
        "airUtilTx": 0.028027777,
        "uptimeSeconds": 24800
      },
      "raw": "time: 24863\ndevice_metrics {\n  battery_level: 101\n  voltage: 4.647\n  channel_utilization: 0\n  air_util_tx: 0.0280277766\n  uptime_seconds: 24800\n}\n"
    }
  },
  "id": 242002950,
  "hopLimit": 3,
  "priority": "BACKGROUND",
  "raw": "from: 164906676\nto: 4294967295\ndecoded {\n  portnum: TELEMETRY_APP\n  payload: \"\\r\\037a\\000\\000\\022\\025\\010e\\0259\\264\\224@\\035\\000\\000\\000\\000%\\202\\232\\345<(\\340\\301\\001\"\n}\nid: 242002950\nhop_limit: 3\npriority: BACKGROUND\n",
  "fromId": "!09d446b4",
  "toId": "^all"
}
============================================================
{
  "from": 164906676,
  "to": 4294967295,
  "decoded": {
    "portnum": "TELEMETRY_APP",
    "payload": "b'\\r[a\\x00\\x00\\x12\\x15\\x08e\\x15+\\x87\\x92@\\x1d\\x00\\x00\\x00\\x00%\\x82\\x9a\\xe5<(\\x9c\\xc2\\x01'",
    "telemetry": {
      "time": 24923,
      "deviceMetrics": {
        "batteryLevel": 101,
        "voltage": 4.579,
        "channelUtilization": 0.0,
        "airUtilTx": 0.028027777,
        "uptimeSeconds": 24860
      },
      "raw": "time: 24923\ndevice_metrics {\n  battery_level: 101\n  voltage: 4.579\n  channel_utilization: 0\n  air_util_tx: 0.0280277766\n  uptime_seconds: 24860\n}\n"
    }
  },
  "id": 3615835143,
  "hopLimit": 3,
  "priority": "BACKGROUND",
  "raw": "from: 164906676\nto: 4294967295\ndecoded {\n  portnum: TELEMETRY_APP\n  payload: \"\\r[a\\000\\000\\022\\025\\010e\\025+\\207\\222@\\035\\000\\000\\000\\000%\\202\\232\\345<(\\234\\302\\001\"\n}\nid: 3615835143\nhop_limit: 3\npriority: BACKGROUND\n",
  "fromId": "!09d446b4",
  "toId": "^all"
}
============================================================
{
  "from": 164906676,
  "to": 4294967295,
  "decoded": {
    "portnum": "TELEMETRY_APP",
    "payload": "b'\\r\\x97a\\x00\\x00\\x12\\x15\\x08e\\x15\\x89A\\x94@\\x1d\\x00\\x00\\x00\\x00%\\x82\\x9a\\xe5<(\\xd9\\xc2\\x01'",
    "telemetry": {
      "time": 24983,
      "deviceMetrics": {
        "batteryLevel": 101,
        "voltage": 4.633,
        "channelUtilization": 0.0,
        "airUtilTx": 0.028027777,
        "uptimeSeconds": 24921
      },
      "raw": "time: 24983\ndevice_metrics {\n  battery_level: 101\n  voltage: 4.633\n  channel_utilization: 0\n  air_util_tx: 0.0280277766\n  uptime_seconds: 24921\n}\n"
    }
  },
  "id": 3951985672,
  "hopLimit": 3,
  "priority": "BACKGROUND",
  "raw": "from: 164906676\nto: 4294967295\ndecoded {\n  portnum: TELEMETRY_APP\n  payload: \"\\r\\227a\\000\\000\\022\\025\\010e\\025\\211A\\224@\\035\\000\\000\\000\\000%\\202\\232\\345<(\\331\\302\\001\"\n}\nid: 3951985672\nhop_limit: 3\npriority: BACKGROUND\n",
  "fromId": "!09d446b4",
  "toId": "^all"
}
============================================================
{
  "from": 164906676,
  "to": 4294967295,
  "decoded": {
    "portnum": "TELEMETRY_APP",
    "payload": "b'\\r\\xd3a\\x00\\x00\\x12\\x15\\x08e\\x15J\\x0c\\x92@\\x1d\\x00\\x00\\x00\\x00%\\x82\\x9a\\xe5<(\\x95\\xc3\\x01'",
    "telemetry": {
      "time": 25043,
      "deviceMetrics": {
        "batteryLevel": 101,
        "voltage": 4.564,
        "channelUtilization": 0.0,
        "airUtilTx": 0.028027777,
        "uptimeSeconds": 24981
      },
      "raw": "time: 25043\ndevice_metrics {\n  battery_level: 101\n  voltage: 4.564\n  channel_utilization: 0\n  air_util_tx: 0.0280277766\n  uptime_seconds: 24981\n}\n"
    }
  },
  "id": 4048330761,
  "hopLimit": 3,
  "priority": "BACKGROUND",
  "raw": "from: 164906676\nto: 4294967295\ndecoded {\n  portnum: TELEMETRY_APP\n  payload: \"\\r\\323a\\000\\000\\022\\025\\010e\\025J\\014\\222@\\035\\000\\000\\000\\000%\\202\\232\\345<(\\225\\303\\001\"\n}\nid: 4048330761\nhop_limit: 3\npriority: BACKGROUND\n",
  "fromId": "!09d446b4",
  "toId": "^all"
}
============================================================
{
  "from": 164906676,
  "to": 4294967295,
  "decoded": {
    "portnum": "TELEMETRY_APP",
    "payload": "b'\\r\\x0fb\\x00\\x00\\x12\\x15\\x08e\\x15\\x93\\x18\\x94@\\x1d\\x00\\x00\\x00\\x00%\\x82\\x9a\\xe5<(\\xd1\\xc3\\x01'",
    "telemetry": {
      "time": 25103,
      "deviceMetrics": {
        "batteryLevel": 101,
        "voltage": 4.628,
        "channelUtilization": 0.0,
        "airUtilTx": 0.028027777,
        "uptimeSeconds": 25041
      },
      "raw": "time: 25103\ndevice_metrics {\n  battery_level: 101\n  voltage: 4.628\n  channel_utilization: 0\n  air_util_tx: 0.0280277766\n  uptime_seconds: 25041\n}\n"
    }
  },
  "id": 1085434890,
  "hopLimit": 3,
  "priority": "BACKGROUND",
  "raw": "from: 164906676\nto: 4294967295\ndecoded {\n  portnum: TELEMETRY_APP\n  payload: \"\\r\\017b\\000\\000\\022\\025\\010e\\025\\223\\030\\224@\\035\\000\\000\\000\\000%\\202\\232\\345<(\\321\\303\\001\"\n}\nid: 1085434890\nhop_limit: 3\npriority: BACKGROUND\n",
  "fromId": "!09d446b4",
  "toId": "^all"
}
============================================================
{
  "from": 164906676,
  "to": 4294967295,
  "decoded": {
    "portnum": "TELEMETRY_APP",
    "payload": "b'\\rKb\\x00\\x00\\x12\\x15\\x08e\\x15\\xa8\\xc6\\x93@\\x1d\\x00\\x00\\x00\\x00%\\x82\\x9a\\xe5<(\\x8d\\xc4\\x01'",
    "telemetry": {
      "time": 25163,
      "deviceMetrics": {
        "batteryLevel": 101,
        "voltage": 4.618,
        "channelUtilization": 0.0,
        "airUtilTx": 0.028027777,
        "uptimeSeconds": 25101
      },
      "raw": "time: 25163\ndevice_metrics {\n  battery_level: 101\n  voltage: 4.618\n  channel_utilization: 0\n  air_util_tx: 0.0280277766\n  uptime_seconds: 25101\n}\n"
    }
  },
  "id": 1330404363,
  "hopLimit": 3,
  "priority": "BACKGROUND",
  "raw": "from: 164906676\nto: 4294967295\ndecoded {\n  portnum: TELEMETRY_APP\n  payload: \"\\rKb\\000\\000\\022\\025\\010e\\025\\250\\306\\223@\\035\\000\\000\\000\\000%\\202\\232\\345<(\\215\\304\\001\"\n}\nid: 1330404363\nhop_limit: 3\npriority: BACKGROUND\n",
  "fromId": "!09d446b4",
  "toId": "^all"
}
============================================================
{
  "from": 164906676,
  "to": 4294967295,
  "decoded": {
    "portnum": "TELEMETRY_APP",
    "payload": "b'\\r\\x87b\\x00\\x00\\x12\\x15\\x08e\\x15\\xdd$\\x92@\\x1d\\x00\\x00\\x00\\x00%\\x82\\x9a\\xe5<(\\xc9\\xc4\\x01'",
    "telemetry": {
      "time": 25223,
      "deviceMetrics": {
        "batteryLevel": 101,
        "voltage": 4.567,
        "channelUtilization": 0.0,
        "airUtilTx": 0.028027777,
        "uptimeSeconds": 25161
      },
      "raw": "time: 25223\ndevice_metrics {\n  battery_level: 101\n  voltage: 4.567\n  channel_utilization: 0\n  air_util_tx: 0.0280277766\n  uptime_seconds: 25161\n}\n"
    }
  },
  "id": 172131340,
  "hopLimit": 3,
  "priority": "BACKGROUND",
  "raw": "from: 164906676\nto: 4294967295\ndecoded {\n  portnum: TELEMETRY_APP\n  payload: \"\\r\\207b\\000\\000\\022\\025\\010e\\025\\335$\\222@\\035\\000\\000\\000\\000%\\202\\232\\345<(\\311\\304\\001\"\n}\nid: 172131340\nhop_limit: 3\npriority: BACKGROUND\n",
  "fromId": "!09d446b4",
  "toId": "^all"
}
============================================================
{
  "from": 164906676,
  "to": 4294967295,
  "decoded": {
    "portnum": "TELEMETRY_APP",
    "payload": "b'\\r\\xc3b\\x00\\x00\\x12\\x15\\x08e\\x15X9\\x94@\\x1d\\x00\\x00\\x00\\x00%\\x82\\x9a\\xe5<(\\x85\\xc5\\x01'",
    "telemetry": {
      "time": 25283,
      "deviceMetrics": {
        "batteryLevel": 101,
        "voltage": 4.632,
        "channelUtilization": 0.0,
        "airUtilTx": 0.028027777,
        "uptimeSeconds": 25221
      },
      "raw": "time: 25283\ndevice_metrics {\n  battery_level: 101\n  voltage: 4.632\n  channel_utilization: 0\n  air_util_tx: 0.0280277766\n  uptime_seconds: 25221\n}\n"
    }
  },
  "id": 430926861,
  "hopLimit": 3,
  "priority": "BACKGROUND",
  "raw": "from: 164906676\nto: 4294967295\ndecoded {\n  portnum: TELEMETRY_APP\n  payload: \"\\r\\303b\\000\\000\\022\\025\\010e\\025X9\\224@\\035\\000\\000\\000\\000%\\202\\232\\345<(\\205\\305\\001\"\n}\nid: 430926861\nhop_limit: 3\npriority: BACKGROUND\n",
  "fromId": "!09d446b4",
  "toId": "^all"
}
============================================================
{
  "from": 164906676,
  "to": 4294967295,
  "decoded": {
    "portnum": "TELEMETRY_APP",
    "payload": "b'\\r\\xffb\\x00\\x00\\x12\\x15\\x08e\\x15o\\x12\\x93@\\x1d\\x00\\x00\\x00\\x00%\\x00\\x00\\x00\\x00(\\xc1\\xc5\\x01'",
    "telemetry": {
      "time": 25343,
      "deviceMetrics": {
        "batteryLevel": 101,
        "voltage": 4.596,
        "channelUtilization": 0.0,
        "airUtilTx": 0.0,
        "uptimeSeconds": 25281
      },
      "raw": "time: 25343\ndevice_metrics {\n  battery_level: 101\n  voltage: 4.596\n  channel_utilization: 0\n  air_util_tx: 0\n  uptime_seconds: 25281\n}\n"
    }
  },
  "id": 3838825486,
  "hopLimit": 3,
  "priority": "BACKGROUND",
  "raw": "from: 164906676\nto: 4294967295\ndecoded {\n  portnum: TELEMETRY_APP\n  payload: \"\\r\\377b\\000\\000\\022\\025\\010e\\025o\\022\\223@\\035\\000\\000\\000\\000%\\000\\000\\000\\000(\\301\\305\\001\"\n}\nid: 3838825486\nhop_limit: 3\npriority: BACKGROUND\n",
  "fromId": "!09d446b4",
  "toId": "^all"
}
============================================================
{
  "from": 164906676,
  "to": 4294967295,
  "decoded": {
    "portnum": "TELEMETRY_APP",
    "payload": "b'\\r\\xffb\\x00\\x002\\x1f\\x08\\xc1\\xc5\\x01 \\x02(\\x030\\x03@\\x01`\\x90\\x99\\x0fh\\xd0\\xcf\\x04x\\x9b\\xff\\xff\\xff\\xff\\xff\\xff\\xff\\xff\\x01'",
    "telemetry": {
      "time": 25343,
      "localStats": {
        "uptimeSeconds": 25281,
        "numPacketsTx": 2,
        "numPacketsRx": 3,
        "numPacketsRxBad": 3,
        "numTotalNodes": 1,
        "heapTotalBytes": 248976,
        "heapFreeBytes": 75728,
        "noiseFloor": -101
      },
      "raw": "time: 25343\nlocal_stats {\n  uptime_seconds: 25281\n  num_packets_tx: 2\n  num_packets_rx: 3\n  num_packets_rx_bad: 3\n  num_total_nodes: 1\n  heap_total_bytes: 248976\n  heap_free_bytes: 75728\n  noise_floor: -101\n}\n"
    }
  },
  "id": 106703887,
  "hopLimit": 3,
  "priority": "BACKGROUND",
  "raw": "from: 164906676\nto: 4294967295\ndecoded {\n  portnum: TELEMETRY_APP\n  payload: \"\\r\\377b\\000\\0002\\037\\010\\301\\305\\001 \\002(\\0030\\003@\\001`\\220\\231\\017h\\320\\317\\004x\\233\\377\\377\\377\\377\\377\\377\\377\\377\\001\"\n}\nid: 106703887\nhop_limit: 3\npriority: BACKGROUND\n",
  "fromId": "!09d446b4",
  "toId": "^all"
}
============================================================
{
  "from": 164906676,
  "to": 4294967295,
  "decoded": {
    "portnum": "TELEMETRY_APP",
    "payload": "b'\\r;c\\x00\\x00\\x12\\x15\\x08e\\x15\\xbaI\\x94@\\x1d\\x00\\x00\\x00\\x00%\\x00\\x00\\x00\\x00(\\xfd\\xc5\\x01'",
    "telemetry": {
      "time": 25403,
      "deviceMetrics": {
        "batteryLevel": 101,
        "voltage": 4.634,
        "channelUtilization": 0.0,
        "airUtilTx": 0.0,
        "uptimeSeconds": 25341
      },
      "raw": "time: 25403\ndevice_metrics {\n  battery_level: 101\n  voltage: 4.634\n  channel_utilization: 0\n  air_util_tx: 0\n  uptime_seconds: 25341\n}\n"
    }
  },
  "id": 1185583120,
  "hopLimit": 3,
  "priority": "BACKGROUND",
  "raw": "from: 164906676\nto: 4294967295\ndecoded {\n  portnum: TELEMETRY_APP\n  payload: \"\\r;c\\000\\000\\022\\025\\010e\\025\\272I\\224@\\035\\000\\000\\000\\000%\\000\\000\\000\\000(\\375\\305\\001\"\n}\nid: 1185583120\nhop_limit: 3\npriority: BACKGROUND\n",
  "fromId": "!09d446b4",
  "toId": "^all"
}
============================================================
{
  "from": 164906676,
  "to": 4294967295,
  "decoded": {
    "portnum": "TELEMETRY_APP",
    "payload": "b'\\rwc\\x00\\x00\\x12\\x15\\x08e\\x15ff\\x92@\\x1d\\x00\\x00\\x00\\x00%\\x00\\x00\\x00\\x00(\\xb9\\xc6\\x01'",
    "telemetry": {
      "time": 25463,
      "deviceMetrics": {
        "batteryLevel": 101,
        "voltage": 4.575,
        "channelUtilization": 0.0,
        "airUtilTx": 0.0,
        "uptimeSeconds": 25401
      },
      "raw": "time: 25463\ndevice_metrics {\n  battery_level: 101\n  voltage: 4.575\n  channel_utilization: 0\n  air_util_tx: 0\n  uptime_seconds: 25401\n}\n"
    }
  },
  "id": 2322641937,
  "hopLimit": 3,
  "priority": "BACKGROUND",
  "raw": "from: 164906676\nto: 4294967295\ndecoded {\n  portnum: TELEMETRY_APP\n  payload: \"\\rwc\\000\\000\\022\\025\\010e\\025ff\\222@\\035\\000\\000\\000\\000%\\000\\000\\000\\000(\\271\\306\\001\"\n}\nid: 2322641937\nhop_limit: 3\npriority: BACKGROUND\n",
  "fromId": "!09d446b4",
  "toId": "^all"
}
============================================================
{
  "from": 164906676,
  "to": 4294967295,
  "decoded": {
    "portnum": "TELEMETRY_APP",
    "payload": "b'\\r\\xb3c\\x00\\x00\\x12\\x15\\x08e\\x15w\\xbe\\x93@\\x1d\\x00\\x00\\x00\\x00%\\x00\\x00\\x00\\x00(\\xf5\\xc6\\x01'",
    "telemetry": {
      "time": 25523,
      "deviceMetrics": {
        "batteryLevel": 101,
        "voltage": 4.617,
        "channelUtilization": 0.0,
        "airUtilTx": 0.0,
        "uptimeSeconds": 25461
      },
      "raw": "time: 25523\ndevice_metrics {\n  battery_level: 101\n  voltage: 4.617\n  channel_utilization: 0\n  air_util_tx: 0\n  uptime_seconds: 25461\n}\n"
    }
  },
  "id": 849374226,
  "hopLimit": 3,
  "priority": "BACKGROUND",
  "raw": "from: 164906676\nto: 4294967295\ndecoded {\n  portnum: TELEMETRY_APP\n  payload: \"\\r\\263c\\000\\000\\022\\025\\010e\\025w\\276\\223@\\035\\000\\000\\000\\000%\\000\\000\\000\\000(\\365\\306\\001\"\n}\nid: 849374226\nhop_limit: 3\npriority: BACKGROUND\n",
  "fromId": "!09d446b4",
  "toId": "^all"
}
============================================================
{
  "from": 164906676,
  "to": 4294967295,
  "decoded": {
    "portnum": "TELEMETRY_APP",
    "payload": "b'\\r\\xefc\\x00\\x00\\x12\\x15\\x08e\\x15\\xcf\\xf7\\x93@\\x1d\\x00\\x00\\x00\\x00%\\x00\\x00\\x00\\x00(\\xb1\\xc7\\x01'",
    "telemetry": {
      "time": 25583,
      "deviceMetrics": {
        "batteryLevel": 101,
        "voltage": 4.624,
        "channelUtilization": 0.0,
        "airUtilTx": 0.0,
        "uptimeSeconds": 25521
      },
      "raw": "time: 25583\ndevice_metrics {\n  battery_level: 101\n  voltage: 4.624\n  channel_utilization: 0\n  air_util_tx: 0\n  uptime_seconds: 25521\n}\n"
    }
  },
  "id": 113790995,
  "hopLimit": 3,
  "priority": "BACKGROUND",
  "raw": "from: 164906676\nto: 4294967295\ndecoded {\n  portnum: TELEMETRY_APP\n  payload: \"\\r\\357c\\000\\000\\022\\025\\010e\\025\\317\\367\\223@\\035\\000\\000\\000\\000%\\000\\000\\000\\000(\\261\\307\\001\"\n}\nid: 113790995\nhop_limit: 3\npriority: BACKGROUND\n",
  "fromId": "!09d446b4",
  "toId": "^all"
}
============================================================
{
  "from": 164906676,
  "to": 4294967295,
  "decoded": {
    "portnum": "TELEMETRY_APP",
    "payload": "b'\\r+d\\x00\\x00\\x12\\x15\\x08e\\x155^\\x92@\\x1d\\x00\\x00\\x00\\x00%\\x00\\x00\\x00\\x00(\\xed\\xc7\\x01'",
    "telemetry": {
      "time": 25643,
      "deviceMetrics": {
        "batteryLevel": 101,
        "voltage": 4.574,
        "channelUtilization": 0.0,
        "airUtilTx": 0.0,
        "uptimeSeconds": 25581
      },
      "raw": "time: 25643\ndevice_metrics {\n  battery_level: 101\n  voltage: 4.574\n  channel_utilization: 0\n  air_util_tx: 0\n  uptime_seconds: 25581\n}\n"
    }
  },
  "id": 2520934420,
  "hopLimit": 3,
  "priority": "BACKGROUND",
  "raw": "from: 164906676\nto: 4294967295\ndecoded {\n  portnum: TELEMETRY_APP\n  payload: \"\\r+d\\000\\000\\022\\025\\010e\\0255^\\222@\\035\\000\\000\\000\\000%\\000\\000\\000\\000(\\355\\307\\001\"\n}\nid: 2520934420\nhop_limit: 3\npriority: BACKGROUND\n",
  "fromId": "!09d446b4",
  "toId": "^all"
}
============================================================
{
  "from": 164906676,
  "to": 4294967295,
  "decoded": {
    "portnum": "TELEMETRY_APP",
    "payload": "b'\\rgd\\x00\\x00\\x12\\x15\\x08e\\x15P\\x8d\\x93@\\x1d\\x00\\x00\\x00\\x00%\\x00\\x00\\x00\\x00(\\xa9\\xc8\\x01'",
    "telemetry": {
      "time": 25703,
      "deviceMetrics": {
        "batteryLevel": 101,
        "voltage": 4.611,
        "channelUtilization": 0.0,
        "airUtilTx": 0.0,
        "uptimeSeconds": 25641
      },
      "raw": "time: 25703\ndevice_metrics {\n  battery_level: 101\n  voltage: 4.611\n  channel_utilization: 0\n  air_util_tx: 0\n  uptime_seconds: 25641\n}\n"
    }
  },
  "id": 515484693,
  "hopLimit": 3,
  "priority": "BACKGROUND",
  "raw": "from: 164906676\nto: 4294967295\ndecoded {\n  portnum: TELEMETRY_APP\n  payload: \"\\rgd\\000\\000\\022\\025\\010e\\025P\\215\\223@\\035\\000\\000\\000\\000%\\000\\000\\000\\000(\\251\\310\\001\"\n}\nid: 515484693\nhop_limit: 3\npriority: BACKGROUND\n",
  "fromId": "!09d446b4",
  "toId": "^all"
}
============================================================
{
  "from": 164906676,
  "to": 4294967295,
  "decoded": {
    "portnum": "TELEMETRY_APP",
    "payload": "b'\\r\\xa3d\\x00\\x00\\x12\\x15\\x08e\\x15\\x9c\\xc4\\x94@\\x1d\\x00\\x00\\x00\\x00%\\x00\\x00\\x00\\x00(\\xe5\\xc8\\x01'",
    "telemetry": {
      "time": 25763,
      "deviceMetrics": {
        "batteryLevel": 101,
        "voltage": 4.649,
        "channelUtilization": 0.0,
        "airUtilTx": 0.0,
        "uptimeSeconds": 25701
      },
      "raw": "time: 25763\ndevice_metrics {\n  battery_level: 101\n  voltage: 4.649\n  channel_utilization: 0\n  air_util_tx: 0\n  uptime_seconds: 25701\n}\n"
    }
  },
  "id": 3882376214,
  "hopLimit": 3,
  "priority": "BACKGROUND",
  "raw": "from: 164906676\nto: 4294967295\ndecoded {\n  portnum: TELEMETRY_APP\n  payload: \"\\r\\243d\\000\\000\\022\\025\\010e\\025\\234\\304\\224@\\035\\000\\000\\000\\000%\\000\\000\\000\\000(\\345\\310\\001\"\n}\nid: 3882376214\nhop_limit: 3\npriority: BACKGROUND\n",
  "fromId": "!09d446b4",
  "toId": "^all"
}
============================================================
{
  "from": 164906676,
  "to": 4294967295,
  "decoded": {
    "portnum": "TELEMETRY_APP",
    "payload": "b'\\r\\xdfd\\x00\\x00\\x12\\x15\\x08e\\x15)\\\\\\x93@\\x1d\\x00\\x00\\x00\\x00%\\x00\\x00\\x00\\x00(\\xa1\\xc9\\x01'",
    "telemetry": {
      "time": 25823,
      "deviceMetrics": {
        "batteryLevel": 101,
        "voltage": 4.605,
        "channelUtilization": 0.0,
        "airUtilTx": 0.0,
        "uptimeSeconds": 25761
      },
      "raw": "time: 25823\ndevice_metrics {\n  battery_level: 101\n  voltage: 4.605\n  channel_utilization: 0\n  air_util_tx: 0\n  uptime_seconds: 25761\n}\n"
    }
  },
  "id": 2482939927,
  "hopLimit": 3,
  "priority": "BACKGROUND",
  "raw": "from: 164906676\nto: 4294967295\ndecoded {\n  portnum: TELEMETRY_APP\n  payload: \"\\r\\337d\\000\\000\\022\\025\\010e\\025)\\\\\\223@\\035\\000\\000\\000\\000%\\000\\000\\000\\000(\\241\\311\\001\"\n}\nid: 2482939927\nhop_limit: 3\npriority: BACKGROUND\n",
  "fromId": "!09d446b4",
  "toId": "^all"
}
============================================================
{
  "from": 164906676,
  "to": 4294967295,
  "decoded": {
    "portnum": "TELEMETRY_APP",
    "payload": "b'\\r\\x1be\\x00\\x00\\x12\\x15\\x08e\\x15\\xd3M\\x92@\\x1d\\x00\\x00\\x00\\x00%\\x00\\x00\\x00\\x00(\\xdd\\xc9\\x01'",
    "telemetry": {
      "time": 25883,
      "deviceMetrics": {
        "batteryLevel": 101,
        "voltage": 4.572,
        "channelUtilization": 0.0,
        "airUtilTx": 0.0,
        "uptimeSeconds": 25821
      },
      "raw": "time: 25883\ndevice_metrics {\n  battery_level: 101\n  voltage: 4.572\n  channel_utilization: 0\n  air_util_tx: 0\n  uptime_seconds: 25821\n}\n"
    }
  },
  "id": 477096984,
  "hopLimit": 3,
  "priority": "BACKGROUND",
  "raw": "from: 164906676\nto: 4294967295\ndecoded {\n  portnum: TELEMETRY_APP\n  payload: \"\\r\\033e\\000\\000\\022\\025\\010e\\025\\323M\\222@\\035\\000\\000\\000\\000%\\000\\000\\000\\000(\\335\\311\\001\"\n}\nid: 477096984\nhop_limit: 3\npriority: BACKGROUND\n",
  "fromId": "!09d446b4",
  "toId": "^all"
}
============================================================
{
  "from": 164906676,
  "to": 4294967295,
  "decoded": {
    "portnum": "TELEMETRY_APP",
    "payload": "b'\\rWe\\x00\\x00\\x12\\x15\\x08e\\x15H\\xe1\\x92@\\x1d\\x00\\x00\\x00\\x00%\\x00\\x00\\x00\\x00(\\x99\\xca\\x01'",
    "telemetry": {
      "time": 25943,
      "deviceMetrics": {
        "batteryLevel": 101,
        "voltage": 4.59,
        "channelUtilization": 0.0,
        "airUtilTx": 0.0,
        "uptimeSeconds": 25881
      },
      "raw": "time: 25943\ndevice_metrics {\n  battery_level: 101\n  voltage: 4.59\n  channel_utilization: 0\n  air_util_tx: 0\n  uptime_seconds: 25881\n}\n"
    }
  },
  "id": 3293507609,
  "hopLimit": 3,
  "priority": "BACKGROUND",
  "raw": "from: 164906676\nto: 4294967295\ndecoded {\n  portnum: TELEMETRY_APP\n  payload: \"\\rWe\\000\\000\\022\\025\\010e\\025H\\341\\222@\\035\\000\\000\\000\\000%\\000\\000\\000\\000(\\231\\312\\001\"\n}\nid: 3293507609\nhop_limit: 3\npriority: BACKGROUND\n",
  "fromId": "!09d446b4",
  "toId": "^all"
}
============================================================
{
  "from": 164906676,
  "to": 4294967295,
  "decoded": {
    "portnum": "TELEMETRY_APP",
    "payload": "b'\\r\\x93e\\x00\\x00\\x12\\x15\\x08e\\x15w\\xbe\\x93@\\x1d\\x00\\x00\\x00\\x00%\\x00\\x00\\x00\\x00(\\xd5\\xca\\x01'",
    "telemetry": {
      "time": 26003,
      "deviceMetrics": {
        "batteryLevel": 101,
        "voltage": 4.617,
        "channelUtilization": 0.0,
        "airUtilTx": 0.0,
        "uptimeSeconds": 25941
      },
      "raw": "time: 26003\ndevice_metrics {\n  battery_level: 101\n  voltage: 4.617\n  channel_utilization: 0\n  air_util_tx: 0\n  uptime_seconds: 25941\n}\n"
    }
  },
  "id": 811234330,
  "hopLimit": 3,
  "priority": "BACKGROUND",
  "raw": "from: 164906676\nto: 4294967295\ndecoded {\n  portnum: TELEMETRY_APP\n  payload: \"\\r\\223e\\000\\000\\022\\025\\010e\\025w\\276\\223@\\035\\000\\000\\000\\000%\\000\\000\\000\\000(\\325\\312\\001\"\n}\nid: 811234330\nhop_limit: 3\npriority: BACKGROUND\n",
  "fromId": "!09d446b4",
  "toId": "^all"
}
============================================================
{
  "from": 164906676,
  "to": 4294967295,
  "decoded": {
    "portnum": "TELEMETRY_APP",
    "payload": "b'\\r\\xcfe\\x00\\x00\\x12\\x15\\x08e\\x15\\x89A\\x94@\\x1d\\x00\\x00\\x00\\x00%\\x00\\x00\\x00\\x00(\\x91\\xcb\\x01'",
    "telemetry": {
      "time": 26063,
      "deviceMetrics": {
        "batteryLevel": 101,
        "voltage": 4.633,
        "channelUtilization": 0.0,
        "airUtilTx": 0.0,
        "uptimeSeconds": 26001
      },
      "raw": "time: 26063\ndevice_metrics {\n  battery_level: 101\n  voltage: 4.633\n  channel_utilization: 0\n  air_util_tx: 0\n  uptime_seconds: 26001\n}\n"
    }
  },
  "id": 1420362779,
  "hopLimit": 3,
  "priority": "BACKGROUND",
  "raw": "from: 164906676\nto: 4294967295\ndecoded {\n  portnum: TELEMETRY_APP\n  payload: \"\\r\\317e\\000\\000\\022\\025\\010e\\025\\211A\\224@\\035\\000\\000\\000\\000%\\000\\000\\000\\000(\\221\\313\\001\"\n}\nid: 1420362779\nhop_limit: 3\npriority: BACKGROUND\n",
  "fromId": "!09d446b4",
  "toId": "^all"
}
============================================================
{
  "from": 164906676,
  "to": 4294967295,
  "decoded": {
    "portnum": "TELEMETRY_APP",
    "payload": "b'\\r\\x0cf\\x00\\x00\\x12\\x15\\x08e\\x15D\\x8b\\x94@\\x1d\\x00\\x00\\x00\\x00%\\x00\\x00\\x00\\x00(\\xcd\\xcb\\x01'",
    "telemetry": {
      "time": 26124,
      "deviceMetrics": {
        "batteryLevel": 101,
        "voltage": 4.642,
        "channelUtilization": 0.0,
        "airUtilTx": 0.0,
        "uptimeSeconds": 26061
      },
      "raw": "time: 26124\ndevice_metrics {\n  battery_level: 101\n  voltage: 4.642\n  channel_utilization: 0\n  air_util_tx: 0\n  uptime_seconds: 26061\n}\n"
    }
  },
  "id": 4101280796,
  "hopLimit": 3,
  "priority": "BACKGROUND",
  "raw": "from: 164906676\nto: 4294967295\ndecoded {\n  portnum: TELEMETRY_APP\n  payload: \"\\r\\014f\\000\\000\\022\\025\\010e\\025D\\213\\224@\\035\\000\\000\\000\\000%\\000\\000\\000\\000(\\315\\313\\001\"\n}\nid: 4101280796\nhop_limit: 3\npriority: BACKGROUND\n",
  "fromId": "!09d446b4",
  "toId": "^all"
}
============================================================
{
  "from": 164906676,
  "to": 4294967295,
  "decoded": {
    "portnum": "TELEMETRY_APP",
    "payload": "b'\\rHf\\x00\\x00\\x12\\x15\\x08e\\x15\\xbaI\\x94@\\x1d\\x00\\x00\\x00\\x00%\\x00\\x00\\x00\\x00(\\x89\\xcc\\x01'",
    "telemetry": {
      "time": 26184,
      "deviceMetrics": {
        "batteryLevel": 101,
        "voltage": 4.634,
        "channelUtilization": 0.0,
        "airUtilTx": 0.0,
        "uptimeSeconds": 26121
      },
      "raw": "time: 26184\ndevice_metrics {\n  battery_level: 101\n  voltage: 4.634\n  channel_utilization: 0\n  air_util_tx: 0\n  uptime_seconds: 26121\n}\n"
    }
  },
  "id": 2527711261,
  "hopLimit": 3,
  "priority": "BACKGROUND",
  "raw": "from: 164906676\nto: 4294967295\ndecoded {\n  portnum: TELEMETRY_APP\n  payload: \"\\rHf\\000\\000\\022\\025\\010e\\025\\272I\\224@\\035\\000\\000\\000\\000%\\000\\000\\000\\000(\\211\\314\\001\"\n}\nid: 2527711261\nhop_limit: 3\npriority: BACKGROUND\n",
  "fromId": "!09d446b4",
  "toId": "^all"
}
============================================================
{
  "from": 164906676,
  "to": 4294967295,
  "decoded": {
    "portnum": "TELEMETRY_APP",
    "payload": "b'\\r\\x84f\\x00\\x00\\x12\\x15\\x08e\\x15\\xe5\\xd0\\x92@\\x1d\\x00\\x00\\x00\\x00%\\x00\\x00\\x00\\x00(\\xc5\\xcc\\x01'",
    "telemetry": {
      "time": 26244,
      "deviceMetrics": {
        "batteryLevel": 101,
        "voltage": 4.588,
        "channelUtilization": 0.0,
        "airUtilTx": 0.0,
        "uptimeSeconds": 26181
      },
      "raw": "time: 26244\ndevice_metrics {\n  battery_level: 101\n  voltage: 4.588\n  channel_utilization: 0\n  air_util_tx: 0\n  uptime_seconds: 26181\n}\n"
    }
  },
  "id": 2561771550,
  "hopLimit": 3,
  "priority": "BACKGROUND",
  "raw": "from: 164906676\nto: 4294967295\ndecoded {\n  portnum: TELEMETRY_APP\n  payload: \"\\r\\204f\\000\\000\\022\\025\\010e\\025\\345\\320\\222@\\035\\000\\000\\000\\000%\\000\\000\\000\\000(\\305\\314\\001\"\n}\nid: 2561771550\nhop_limit: 3\npriority: BACKGROUND\n",
  "fromId": "!09d446b4",
  "toId": "^all"
}
============================================================
{
  "from": 164906676,
  "to": 4294967295,
  "decoded": {
    "portnum": "TELEMETRY_APP",
    "payload": "b'\\r\\x84f\\x00\\x002\\x1f\\x08\\xc5\\xcc\\x01 \\x02(\\x030\\x03@\\x01`\\x90\\x99\\x0fh\\xd0\\xcf\\x04x\\x9b\\xff\\xff\\xff\\xff\\xff\\xff\\xff\\xff\\x01'",
    "telemetry": {
      "time": 26244,
      "localStats": {
        "uptimeSeconds": 26181,
        "numPacketsTx": 2,
        "numPacketsRx": 3,
        "numPacketsRxBad": 3,
        "numTotalNodes": 1,
        "heapTotalBytes": 248976,
        "heapFreeBytes": 75728,
        "noiseFloor": -101
      },
      "raw": "time: 26244\nlocal_stats {\n  uptime_seconds: 26181\n  num_packets_tx: 2\n  num_packets_rx: 3\n  num_packets_rx_bad: 3\n  num_total_nodes: 1\n  heap_total_bytes: 248976\n  heap_free_bytes: 75728\n  noise_floor: -101\n}\n"
    }
  },
  "id": 1493678111,
  "hopLimit": 3,
  "priority": "BACKGROUND",
  "raw": "from: 164906676\nto: 4294967295\ndecoded {\n  portnum: TELEMETRY_APP\n  payload: \"\\r\\204f\\000\\0002\\037\\010\\305\\314\\001 \\002(\\0030\\003@\\001`\\220\\231\\017h\\320\\317\\004x\\233\\377\\377\\377\\377\\377\\377\\377\\377\\001\"\n}\nid: 1493678111\nhop_limit: 3\npriority: BACKGROUND\n",
  "fromId": "!09d446b4",
  "toId": "^all"
}
============================================================
{
  "from": 164906676,
  "to": 4294967295,
  "decoded": {
    "portnum": "TELEMETRY_APP",
    "payload": "b'\\r\\xc0f\\x00\\x00\\x12\\x15\\x08e\\x15\\xb2\\x9d\\x93@\\x1d\\x00\\x00\\x00\\x00%\\x00\\x00\\x00\\x00(\\x82\\xcd\\x01'",
    "telemetry": {
      "time": 26304,
      "deviceMetrics": {
        "batteryLevel": 101,
        "voltage": 4.613,
        "channelUtilization": 0.0,
        "airUtilTx": 0.0,
        "uptimeSeconds": 26242
      },
      "raw": "time: 26304\ndevice_metrics {\n  battery_level: 101\n  voltage: 4.613\n  channel_utilization: 0\n  air_util_tx: 0\n  uptime_seconds: 26242\n}\n"
    }
  },
  "id": 4190752800,
  "hopLimit": 3,
  "priority": "BACKGROUND",
  "raw": "from: 164906676\nto: 4294967295\ndecoded {\n  portnum: TELEMETRY_APP\n  payload: \"\\r\\300f\\000\\000\\022\\025\\010e\\025\\262\\235\\223@\\035\\000\\000\\000\\000%\\000\\000\\000\\000(\\202\\315\\001\"\n}\nid: 4190752800\nhop_limit: 3\npriority: BACKGROUND\n",
  "fromId": "!09d446b4",
  "toId": "^all"
}
============================================================
{
  "from": 164906676,
  "to": 4294967295,
  "decoded": {
    "portnum": "TELEMETRY_APP",
    "payload": "b'\\r\\xfcf\\x00\\x00\\x12\\x15\\x08e\\x15?5\\x92@\\x1d\\x00\\x00\\x00\\x00%\\x00\\x00\\x00\\x00(\\xbe\\xcd\\x01'",
    "telemetry": {
      "time": 26364,
      "deviceMetrics": {
        "batteryLevel": 101,
        "voltage": 4.569,
        "channelUtilization": 0.0,
        "airUtilTx": 0.0,
        "uptimeSeconds": 26302
      },
      "raw": "time: 26364\ndevice_metrics {\n  battery_level: 101\n  voltage: 4.569\n  channel_utilization: 0\n  air_util_tx: 0\n  uptime_seconds: 26302\n}\n"
    }
  },
  "id": 1094450209,
  "hopLimit": 3,
  "priority": "BACKGROUND",
  "raw": "from: 164906676\nto: 4294967295\ndecoded {\n  portnum: TELEMETRY_APP\n  payload: \"\\r\\374f\\000\\000\\022\\025\\010e\\025?5\\222@\\035\\000\\000\\000\\000%\\000\\000\\000\\000(\\276\\315\\001\"\n}\nid: 1094450209\nhop_limit: 3\npriority: BACKGROUND\n",
  "fromId": "!09d446b4",
  "toId": "^all"
}
============================================================
{
  "from": 164906676,
  "to": 4294967295,
  "decoded": {
    "portnum": "TELEMETRY_APP",
    "payload": "b'\\r8g\\x00\\x00\\x12\\x15\\x08e\\x15\\x02+\\x93@\\x1d\\x00\\x00\\x00\\x00%\\x00\\x00\\x00\\x00(\\xfa\\xcd\\x01'",
    "telemetry": {
      "time": 26424,
      "deviceMetrics": {
        "batteryLevel": 101,
        "voltage": 4.599,
        "channelUtilization": 0.0,
        "airUtilTx": 0.0,
        "uptimeSeconds": 26362
      },
      "raw": "time: 26424\ndevice_metrics {\n  battery_level: 101\n  voltage: 4.599\n  channel_utilization: 0\n  air_util_tx: 0\n  uptime_seconds: 26362\n}\n"
    }
  },
  "id": 3399324706,
  "hopLimit": 3,
  "priority": "BACKGROUND",
  "raw": "from: 164906676\nto: 4294967295\ndecoded {\n  portnum: TELEMETRY_APP\n  payload: \"\\r8g\\000\\000\\022\\025\\010e\\025\\002+\\223@\\035\\000\\000\\000\\000%\\000\\000\\000\\000(\\372\\315\\001\"\n}\nid: 3399324706\nhop_limit: 3\npriority: BACKGROUND\n",
  "fromId": "!09d446b4",
  "toId": "^all"
}
============================================================
{
  "from": 164906676,
  "to": 4294967295,
  "decoded": {
    "portnum": "TELEMETRY_APP",
    "payload": "b'\\rtg\\x00\\x00\\x12\\x15\\x08e\\x15+\\x87\\x92@\\x1d\\x00\\x00\\x00\\x00%\\x00\\x00\\x00\\x00(\\xb6\\xce\\x01'",
    "telemetry": {
      "time": 26484,
      "deviceMetrics": {
        "batteryLevel": 101,
        "voltage": 4.579,
        "channelUtilization": 0.0,
        "airUtilTx": 0.0,
        "uptimeSeconds": 26422
      },
      "raw": "time: 26484\ndevice_metrics {\n  battery_level: 101\n  voltage: 4.579\n  channel_utilization: 0\n  air_util_tx: 0\n  uptime_seconds: 26422\n}\n"
    }
  },
  "id": 2484883491,
  "hopLimit": 3,
  "priority": "BACKGROUND",
  "raw": "from: 164906676\nto: 4294967295\ndecoded {\n  portnum: TELEMETRY_APP\n  payload: \"\\rtg\\000\\000\\022\\025\\010e\\025+\\207\\222@\\035\\000\\000\\000\\000%\\000\\000\\000\\000(\\266\\316\\001\"\n}\nid: 2484883491\nhop_limit: 3\npriority: BACKGROUND\n",
  "fromId": "!09d446b4",
  "toId": "^all"
}
============================================================
{
  "from": 164906676,
  "to": 4294967295,
  "decoded": {
    "portnum": "TELEMETRY_APP",
    "payload": "b'\\r\\xb0g\\x00\\x00\\x12\\x15\\x08e\\x15D\\x8b\\x94@\\x1d\\x00\\x00\\x00\\x00%\\x00\\x00\\x00\\x00(\\xf2\\xce\\x01'",
    "telemetry": {
      "time": 26544,
      "deviceMetrics": {
        "batteryLevel": 101,
        "voltage": 4.642,
        "channelUtilization": 0.0,
        "airUtilTx": 0.0,
        "uptimeSeconds": 26482
      },
      "raw": "time: 26544\ndevice_metrics {\n  battery_level: 101\n  voltage: 4.642\n  channel_utilization: 0\n  air_util_tx: 0\n  uptime_seconds: 26482\n}\n"
    }
  },
  "id": 3730865188,
  "hopLimit": 3,
  "priority": "BACKGROUND",
  "raw": "from: 164906676\nto: 4294967295\ndecoded {\n  portnum: TELEMETRY_APP\n  payload: \"\\r\\260g\\000\\000\\022\\025\\010e\\025D\\213\\224@\\035\\000\\000\\000\\000%\\000\\000\\000\\000(\\362\\316\\001\"\n}\nid: 3730865188\nhop_limit: 3\npriority: BACKGROUND\n",
  "fromId": "!09d446b4",
  "toId": "^all"
}
============================================================
{
  "from": 164906676,
  "to": 4294967295,
  "decoded": {
    "portnum": "TELEMETRY_APP",
    "payload": "b'\\r\\xecg\\x00\\x00\\x12\\x15\\x08e\\x15\\x08\\xac\\x94@\\x1d\\x00\\x00\\x00\\x00%\\x00\\x00\\x00\\x00(\\xae\\xcf\\x01'",
    "telemetry": {
      "time": 26604,
      "deviceMetrics": {
        "batteryLevel": 101,
        "voltage": 4.646,
        "channelUtilization": 0.0,
        "airUtilTx": 0.0,
        "uptimeSeconds": 26542
      },
      "raw": "time: 26604\ndevice_metrics {\n  battery_level: 101\n  voltage: 4.646\n  channel_utilization: 0\n  air_util_tx: 0\n  uptime_seconds: 26542\n}\n"
    }
  },
  "id": 24068133,
  "hopLimit": 3,
  "priority": "BACKGROUND",
  "raw": "from: 164906676\nto: 4294967295\ndecoded {\n  portnum: TELEMETRY_APP\n  payload: \"\\r\\354g\\000\\000\\022\\025\\010e\\025\\010\\254\\224@\\035\\000\\000\\000\\000%\\000\\000\\000\\000(\\256\\317\\001\"\n}\nid: 24068133\nhop_limit: 3\npriority: BACKGROUND\n",
  "fromId": "!09d446b4",
  "toId": "^all"
}
============================================================
{
  "from": 164906676,
  "to": 4294967295,
  "decoded": {
    "portnum": "TELEMETRY_APP",
    "payload": "b'\\r(h\\x00\\x00\\x12\\x15\\x08e\\x15\\xa8\\xc6\\x93@\\x1d\\x00\\x00\\x00\\x00%\\x00\\x00\\x00\\x00(\\xea\\xcf\\x01'",
    "telemetry": {
      "time": 26664,
      "deviceMetrics": {
        "batteryLevel": 101,
        "voltage": 4.618,
        "channelUtilization": 0.0,
        "airUtilTx": 0.0,
        "uptimeSeconds": 26602
      },
      "raw": "time: 26664\ndevice_metrics {\n  battery_level: 101\n  voltage: 4.618\n  channel_utilization: 0\n  air_util_tx: 0\n  uptime_seconds: 26602\n}\n"
    }
  },
  "id": 3565613094,
  "hopLimit": 3,
  "priority": "BACKGROUND",
  "raw": "from: 164906676\nto: 4294967295\ndecoded {\n  portnum: TELEMETRY_APP\n  payload: \"\\r(h\\000\\000\\022\\025\\010e\\025\\250\\306\\223@\\035\\000\\000\\000\\000%\\000\\000\\000\\000(\\352\\317\\001\"\n}\nid: 3565613094\nhop_limit: 3\npriority: BACKGROUND\n",
  "fromId": "!09d446b4",
  "toId": "^all"
}
============================================================
{
  "from": 164906676,
  "to": 4294967295,
  "decoded": {
    "portnum": "TELEMETRY_APP",
    "payload": "b'\\rdh\\x00\\x00\\x12\\x15\\x08e\\x15q=\\x92@\\x1d\\x00\\x00\\x00\\x00%\\x00\\x00\\x00\\x00(\\xa6\\xd0\\x01'",
    "telemetry": {
      "time": 26724,
      "deviceMetrics": {
        "batteryLevel": 101,
        "voltage": 4.57,
        "channelUtilization": 0.0,
        "airUtilTx": 0.0,
        "uptimeSeconds": 26662
      },
      "raw": "time: 26724\ndevice_metrics {\n  battery_level: 101\n  voltage: 4.57\n  channel_utilization: 0\n  air_util_tx: 0\n  uptime_seconds: 26662\n}\n"
    }
  },
  "id": 942288935,
  "hopLimit": 3,
  "priority": "BACKGROUND",
  "raw": "from: 164906676\nto: 4294967295\ndecoded {\n  portnum: TELEMETRY_APP\n  payload: \"\\rdh\\000\\000\\022\\025\\010e\\025q=\\222@\\035\\000\\000\\000\\000%\\000\\000\\000\\000(\\246\\320\\001\"\n}\nid: 942288935\nhop_limit: 3\npriority: BACKGROUND\n",
  "fromId": "!09d446b4",
  "toId": "^all"
}
============================================================
{
  "from": 164906676,
  "to": 4294967295,
  "decoded": {
    "portnum": "TELEMETRY_APP",
    "payload": "b'\\r\\xa0h\\x00\\x00\\x12\\x15\\x08e\\x15\\x00\\x00\\x94@\\x1d\\x00\\x00\\x00\\x00%\\x00\\x00\\x00\\x00(\\xe2\\xd0\\x01'",
    "telemetry": {
      "time": 26784,
      "deviceMetrics": {
        "batteryLevel": 101,
        "voltage": 4.625,
        "channelUtilization": 0.0,
        "airUtilTx": 0.0,
        "uptimeSeconds": 26722
      },
      "raw": "time: 26784\ndevice_metrics {\n  battery_level: 101\n  voltage: 4.625\n  channel_utilization: 0\n  air_util_tx: 0\n  uptime_seconds: 26722\n}\n"
    }
  },
  "id": 3245959208,
  "hopLimit": 3,
  "priority": "BACKGROUND",
  "raw": "from: 164906676\nto: 4294967295\ndecoded {\n  portnum: TELEMETRY_APP\n  payload: \"\\r\\240h\\000\\000\\022\\025\\010e\\025\\000\\000\\224@\\035\\000\\000\\000\\000%\\000\\000\\000\\000(\\342\\320\\001\"\n}\nid: 3245959208\nhop_limit: 3\npriority: BACKGROUND\n",
  "fromId": "!09d446b4",
  "toId": "^all"
}
============================================================
{
  "from": 164906676,
  "to": 4294967295,
  "decoded": {
    "portnum": "TELEMETRY_APP",
    "payload": "b'\\r\\xdch\\x00\\x00\\x12\\x15\\x08e\\x15\\xee|\\x93@\\x1d\\x00\\x00\\x00\\x00%\\x00\\x00\\x00\\x00(\\x9e\\xd1\\x01'",
    "telemetry": {
      "time": 26844,
      "deviceMetrics": {
        "batteryLevel": 101,
        "voltage": 4.609,
        "channelUtilization": 0.0,
        "airUtilTx": 0.0,
        "uptimeSeconds": 26782
      },
      "raw": "time: 26844\ndevice_metrics {\n  battery_level: 101\n  voltage: 4.609\n  channel_utilization: 0\n  air_util_tx: 0\n  uptime_seconds: 26782\n}\n"
    }
  },
  "id": 3462770729,
  "hopLimit": 3,
  "priority": "BACKGROUND",
  "raw": "from: 164906676\nto: 4294967295\ndecoded {\n  portnum: TELEMETRY_APP\n  payload: \"\\r\\334h\\000\\000\\022\\025\\010e\\025\\356|\\223@\\035\\000\\000\\000\\000%\\000\\000\\000\\000(\\236\\321\\001\"\n}\nid: 3462770729\nhop_limit: 3\npriority: BACKGROUND\n",
  "fromId": "!09d446b4",
  "toId": "^all"
}
============================================================
{
  "from": 164906676,
  "to": 4294967295,
  "decoded": {
    "portnum": "TELEMETRY_APP",
    "payload": "b'\\r\\x18i\\x00\\x00\\x12\\x15\\x08e\\x15T\\xe3\\x91@\\x1d\\x00\\x00\\x00\\x00%\\x00\\x00\\x00\\x00(\\xda\\xd1\\x01'",
    "telemetry": {
      "time": 26904,
      "deviceMetrics": {
        "batteryLevel": 101,
        "voltage": 4.559,
        "channelUtilization": 0.0,
        "airUtilTx": 0.0,
        "uptimeSeconds": 26842
      },
      "raw": "time: 26904\ndevice_metrics {\n  battery_level: 101\n  voltage: 4.559\n  channel_utilization: 0\n  air_util_tx: 0\n  uptime_seconds: 26842\n}\n"
    }
  },
  "id": 222969898,
  "hopLimit": 3,
  "priority": "BACKGROUND",
  "raw": "from: 164906676\nto: 4294967295\ndecoded {\n  portnum: TELEMETRY_APP\n  payload: \"\\r\\030i\\000\\000\\022\\025\\010e\\025T\\343\\221@\\035\\000\\000\\000\\000%\\000\\000\\000\\000(\\332\\321\\001\"\n}\nid: 222969898\nhop_limit: 3\npriority: BACKGROUND\n",
  "fromId": "!09d446b4",
  "toId": "^all"
}
============================================================
{
  "from": 164906676,
  "to": 4294967295,
  "decoded": {
    "portnum": "TELEMETRY_APP",
    "payload": "b'\\rTi\\x00\\x00\\x12\\x15\\x08e\\x15\\xd9\\xce\\x93@\\x1d\\x00\\x00\\x00\\x00%\\x00\\x00\\x00\\x00(\\x96\\xd2\\x01'",
    "telemetry": {
      "time": 26964,
      "deviceMetrics": {
        "batteryLevel": 101,
        "voltage": 4.619,
        "channelUtilization": 0.0,
        "airUtilTx": 0.0,
        "uptimeSeconds": 26902
      },
      "raw": "time: 26964\ndevice_metrics {\n  battery_level: 101\n  voltage: 4.619\n  channel_utilization: 0\n  air_util_tx: 0\n  uptime_seconds: 26902\n}\n"
    }
  },
  "id": 4093629483,
  "hopLimit": 3,
  "priority": "BACKGROUND",
  "raw": "from: 164906676\nto: 4294967295\ndecoded {\n  portnum: TELEMETRY_APP\n  payload: \"\\rTi\\000\\000\\022\\025\\010e\\025\\331\\316\\223@\\035\\000\\000\\000\\000%\\000\\000\\000\\000(\\226\\322\\001\"\n}\nid: 4093629483\nhop_limit: 3\npriority: BACKGROUND\n",
  "fromId": "!09d446b4",
  "toId": "^all"
}
============================================================
{
  "from": 164906676,
  "to": 4294967295,
  "decoded": {
    "portnum": "TELEMETRY_APP",
    "payload": "b'\\r\\x90i\\x00\\x00\\x12\\x15\\x08e\\x15\\x81\\x95\\x93@\\x1d\\x00\\x00\\x00\\x00%\\x00\\x00\\x00\\x00(\\xd2\\xd2\\x01'",
    "telemetry": {
      "time": 27024,
      "deviceMetrics": {
        "batteryLevel": 101,
        "voltage": 4.612,
        "channelUtilization": 0.0,
        "airUtilTx": 0.0,
        "uptimeSeconds": 26962
      },
      "raw": "time: 27024\ndevice_metrics {\n  battery_level: 101\n  voltage: 4.612\n  channel_utilization: 0\n  air_util_tx: 0\n  uptime_seconds: 26962\n}\n"
    }
  },
  "id": 2372957228,
  "hopLimit": 3,
  "priority": "BACKGROUND",
  "raw": "from: 164906676\nto: 4294967295\ndecoded {\n  portnum: TELEMETRY_APP\n  payload: \"\\r\\220i\\000\\000\\022\\025\\010e\\025\\201\\225\\223@\\035\\000\\000\\000\\000%\\000\\000\\000\\000(\\322\\322\\001\"\n}\nid: 2372957228\nhop_limit: 3\npriority: BACKGROUND\n",
  "fromId": "!09d446b4",
  "toId": "^all"
}
============================================================
{
  "from": 164906676,
  "to": 4294967295,
  "decoded": {
    "portnum": "TELEMETRY_APP",
    "payload": "b'\\r\\xcci\\x00\\x00\\x12\\x15\\x08e\\x15\\xbct\\x93@\\x1d\\x00\\x00\\x00\\x00%\\x00\\x00\\x00\\x00(\\x8e\\xd3\\x01'",
    "telemetry": {
      "time": 27084,
      "deviceMetrics": {
        "batteryLevel": 101,
        "voltage": 4.608,
        "channelUtilization": 0.0,
        "airUtilTx": 0.0,
        "uptimeSeconds": 27022
      },
      "raw": "time: 27084\ndevice_metrics {\n  battery_level: 101\n  voltage: 4.608\n  channel_utilization: 0\n  air_util_tx: 0\n  uptime_seconds: 27022\n}\n"
    }
  },
  "id": 1020133421,
  "hopLimit": 3,
  "priority": "BACKGROUND",
  "raw": "from: 164906676\nto: 4294967295\ndecoded {\n  portnum: TELEMETRY_APP\n  payload: \"\\r\\314i\\000\\000\\022\\025\\010e\\025\\274t\\223@\\035\\000\\000\\000\\000%\\000\\000\\000\\000(\\216\\323\\001\"\n}\nid: 1020133421\nhop_limit: 3\npriority: BACKGROUND\n",
  "fromId": "!09d446b4",
  "toId": "^all"
}
============================================================
{
  "from": 164906676,
  "to": 4294967295,
  "decoded": {
    "portnum": "TELEMETRY_APP",
    "payload": "b'\\r\\x08j\\x00\\x00\\x12\\x15\\x08e\\x15\\x93\\x18\\x94@\\x1d\\x00\\x00\\x00\\x00%\\x00\\x00\\x00\\x00(\\xca\\xd3\\x01'",
    "telemetry": {
      "time": 27144,
      "deviceMetrics": {
        "batteryLevel": 101,
        "voltage": 4.628,
        "channelUtilization": 0.0,
        "airUtilTx": 0.0,
        "uptimeSeconds": 27082
      },
      "raw": "time: 27144\ndevice_metrics {\n  battery_level: 101\n  voltage: 4.628\n  channel_utilization: 0\n  air_util_tx: 0\n  uptime_seconds: 27082\n}\n"
    }
  },
  "id": 3675189294,
  "hopLimit": 3,
  "priority": "BACKGROUND",
  "raw": "from: 164906676\nto: 4294967295\ndecoded {\n  portnum: TELEMETRY_APP\n  payload: \"\\r\\010j\\000\\000\\022\\025\\010e\\025\\223\\030\\224@\\035\\000\\000\\000\\000%\\000\\000\\000\\000(\\312\\323\\001\"\n}\nid: 3675189294\nhop_limit: 3\npriority: BACKGROUND\n",
  "fromId": "!09d446b4",
  "toId": "^all"
}
============================================================
{
  "from": 164906676,
  "to": 4294967295,
  "decoded": {
    "portnum": "TELEMETRY_APP",
    "payload": "b'\\r\\x08j\\x00\\x002\\x1f\\x08\\xca\\xd3\\x01 \\x02(\\x030\\x03@\\x01`\\x90\\x99\\x0fh\\xd0\\xcf\\x04x\\x9b\\xff\\xff\\xff\\xff\\xff\\xff\\xff\\xff\\x01'",
    "telemetry": {
      "time": 27144,
      "localStats": {
        "uptimeSeconds": 27082,
        "numPacketsTx": 2,
        "numPacketsRx": 3,
        "numPacketsRxBad": 3,
        "numTotalNodes": 1,
        "heapTotalBytes": 248976,
        "heapFreeBytes": 75728,
        "noiseFloor": -101
      },
      "raw": "time: 27144\nlocal_stats {\n  uptime_seconds: 27082\n  num_packets_tx: 2\n  num_packets_rx: 3\n  num_packets_rx_bad: 3\n  num_total_nodes: 1\n  heap_total_bytes: 248976\n  heap_free_bytes: 75728\n  noise_floor: -101\n}\n"
    }
  },
  "id": 1079092271,
  "hopLimit": 3,
  "priority": "BACKGROUND",
  "raw": "from: 164906676\nto: 4294967295\ndecoded {\n  portnum: TELEMETRY_APP\n  payload: \"\\r\\010j\\000\\0002\\037\\010\\312\\323\\001 \\002(\\0030\\003@\\001`\\220\\231\\017h\\320\\317\\004x\\233\\377\\377\\377\\377\\377\\377\\377\\377\\001\"\n}\nid: 1079092271\nhop_limit: 3\npriority: BACKGROUND\n",
  "fromId": "!09d446b4",
  "toId": "^all"
}
============================================================
{
  "from": 164906676,
  "to": 4294967295,
  "decoded": {
    "portnum": "TELEMETRY_APP",
    "payload": "b'\\rDj\\x00\\x00\\x12\\x15\\x08e\\x15b\\x10\\x94@\\x1d\\x00\\x00\\x00\\x00%\\x00\\x00\\x00\\x00(\\x86\\xd4\\x01'",
    "telemetry": {
      "time": 27204,
      "deviceMetrics": {
        "batteryLevel": 101,
        "voltage": 4.627,
        "channelUtilization": 0.0,
        "airUtilTx": 0.0,
        "uptimeSeconds": 27142
      },
      "raw": "time: 27204\ndevice_metrics {\n  battery_level: 101\n  voltage: 4.627\n  channel_utilization: 0\n  air_util_tx: 0\n  uptime_seconds: 27142\n}\n"
    }
  },
  "id": 3941428272,
  "hopLimit": 3,
  "priority": "BACKGROUND",
  "raw": "from: 164906676\nto: 4294967295\ndecoded {\n  portnum: TELEMETRY_APP\n  payload: \"\\rDj\\000\\000\\022\\025\\010e\\025b\\020\\224@\\035\\000\\000\\000\\000%\\000\\000\\000\\000(\\206\\324\\001\"\n}\nid: 3941428272\nhop_limit: 3\npriority: BACKGROUND\n",
  "fromId": "!09d446b4",
  "toId": "^all"
}
============================================================
{
  "from": 164906676,
  "to": 4294967295,
  "decoded": {
    "portnum": "TELEMETRY_APP",
    "payload": "b'\\r\\x80j\\x00\\x00\\x12\\x15\\x08e\\x15\\x93\\x18\\x94@\\x1d\\x00\\x00\\x00\\x00%\\x00\\x00\\x00\\x00(\\xc2\\xd4\\x01'",
    "telemetry": {
      "time": 27264,
      "deviceMetrics": {
        "batteryLevel": 101,
        "voltage": 4.628,
        "channelUtilization": 0.0,
        "airUtilTx": 0.0,
        "uptimeSeconds": 27202
      },
      "raw": "time: 27264\ndevice_metrics {\n  battery_level: 101\n  voltage: 4.628\n  channel_utilization: 0\n  air_util_tx: 0\n  uptime_seconds: 27202\n}\n"
    }
  },
  "id": 399339569,
  "hopLimit": 3,
  "priority": "BACKGROUND",
  "raw": "from: 164906676\nto: 4294967295\ndecoded {\n  portnum: TELEMETRY_APP\n  payload: \"\\r\\200j\\000\\000\\022\\025\\010e\\025\\223\\030\\224@\\035\\000\\000\\000\\000%\\000\\000\\000\\000(\\302\\324\\001\"\n}\nid: 399339569\nhop_limit: 3\npriority: BACKGROUND\n",
  "fromId": "!09d446b4",
  "toId": "^all"
}
============================================================
{
  "from": 164906676,
  "to": 4294967295,
  "decoded": {
    "portnum": "TELEMETRY_APP",
    "payload": "b'\\r\\xbcj\\x00\\x00\\x12\\x15\\x08e\\x15\\xb6\\xf3\\x91@\\x1d\\x00\\x00\\x00\\x00%\\x00\\x00\\x00\\x00(\\xfe\\xd4\\x01'",
    "telemetry": {
      "time": 27324,
      "deviceMetrics": {
        "batteryLevel": 101,
        "voltage": 4.561,
        "channelUtilization": 0.0,
        "airUtilTx": 0.0,
        "uptimeSeconds": 27262
      },
      "raw": "time: 27324\ndevice_metrics {\n  battery_level: 101\n  voltage: 4.561\n  channel_utilization: 0\n  air_util_tx: 0\n  uptime_seconds: 27262\n}\n"
    }
  },
  "id": 285412402,
  "hopLimit": 3,
  "priority": "BACKGROUND",
  "raw": "from: 164906676\nto: 4294967295\ndecoded {\n  portnum: TELEMETRY_APP\n  payload: \"\\r\\274j\\000\\000\\022\\025\\010e\\025\\266\\363\\221@\\035\\000\\000\\000\\000%\\000\\000\\000\\000(\\376\\324\\001\"\n}\nid: 285412402\nhop_limit: 3\npriority: BACKGROUND\n",
  "fromId": "!09d446b4",
  "toId": "^all"
}
============================================================
{
  "from": 164906676,
  "to": 4294967295,
  "decoded": {
    "portnum": "TELEMETRY_APP",
    "payload": "b'\\r\\xf9j\\x00\\x00\\x12\\x15\\x08e\\x15\\x00\\x00\\x94@\\x1d\\x00\\x00\\x00\\x00%\\x00\\x00\\x00\\x00(\\xba\\xd5\\x01'",
    "telemetry": {
      "time": 27385,
      "deviceMetrics": {
        "batteryLevel": 101,
        "voltage": 4.625,
        "channelUtilization": 0.0,
        "airUtilTx": 0.0,
        "uptimeSeconds": 27322
      },
      "raw": "time: 27385\ndevice_metrics {\n  battery_level: 101\n  voltage: 4.625\n  channel_utilization: 0\n  air_util_tx: 0\n  uptime_seconds: 27322\n}\n"
    }
  },
  "id": 1172942899,
  "hopLimit": 3,
  "priority": "BACKGROUND",
  "raw": "from: 164906676\nto: 4294967295\ndecoded {\n  portnum: TELEMETRY_APP\n  payload: \"\\r\\371j\\000\\000\\022\\025\\010e\\025\\000\\000\\224@\\035\\000\\000\\000\\000%\\000\\000\\000\\000(\\272\\325\\001\"\n}\nid: 1172942899\nhop_limit: 3\npriority: BACKGROUND\n",
  "fromId": "!09d446b4",
  "toId": "^all"
}
============================================================
{
  "from": 164906676,
  "to": 4294967295,
  "decoded": {
    "portnum": "TELEMETRY_APP",
    "payload": "b'\\r5k\\x00\\x00\\x12\\x15\\x08e\\x15\\xb2\\x9d\\x93@\\x1d\\x00\\x00\\x00\\x00%\\x00\\x00\\x00\\x00(\\xf6\\xd5\\x01'",
    "telemetry": {
      "time": 27445,
      "deviceMetrics": {
        "batteryLevel": 101,
        "voltage": 4.613,
        "channelUtilization": 0.0,
        "airUtilTx": 0.0,
        "uptimeSeconds": 27382
      },
      "raw": "time: 27445\ndevice_metrics {\n  battery_level: 101\n  voltage: 4.613\n  channel_utilization: 0\n  air_util_tx: 0\n  uptime_seconds: 27382\n}\n"
    }
  },
  "id": 538155060,
  "hopLimit": 3,
  "priority": "BACKGROUND",
  "raw": "from: 164906676\nto: 4294967295\ndecoded {\n  portnum: TELEMETRY_APP\n  payload: \"\\r5k\\000\\000\\022\\025\\010e\\025\\262\\235\\223@\\035\\000\\000\\000\\000%\\000\\000\\000\\000(\\366\\325\\001\"\n}\nid: 538155060\nhop_limit: 3\npriority: BACKGROUND\n",
  "fromId": "!09d446b4",
  "toId": "^all"
}
============================================================
{
  "from": 164906676,
  "to": 4294967295,
  "decoded": {
    "portnum": "TELEMETRY_APP",
    "payload": "b'\\rqk\\x00\\x00\\x12\\x15\\x08e\\x15T\\xe3\\x95@\\x1d\\x00\\x00\\x00\\x00%\\x00\\x00\\x00\\x00(\\xb2\\xd6\\x01'",
    "telemetry": {
      "time": 27505,
      "deviceMetrics": {
        "batteryLevel": 101,
        "voltage": 4.684,
        "channelUtilization": 0.0,
        "airUtilTx": 0.0,
        "uptimeSeconds": 27442
      },
      "raw": "time: 27505\ndevice_metrics {\n  battery_level: 101\n  voltage: 4.684\n  channel_utilization: 0\n  air_util_tx: 0\n  uptime_seconds: 27442\n}\n"
    }
  },
  "id": 286277685,
  "hopLimit": 3,
  "priority": "BACKGROUND",
  "raw": "from: 164906676\nto: 4294967295\ndecoded {\n  portnum: TELEMETRY_APP\n  payload: \"\\rqk\\000\\000\\022\\025\\010e\\025T\\343\\225@\\035\\000\\000\\000\\000%\\000\\000\\000\\000(\\262\\326\\001\"\n}\nid: 286277685\nhop_limit: 3\npriority: BACKGROUND\n",
  "fromId": "!09d446b4",
  "toId": "^all"
}
============================================================
{
  "from": 164906676,
  "to": 4294967295,
  "decoded": {
    "portnum": "TELEMETRY_APP",
    "payload": "b'\\r\\xadk\\x00\\x00\\x12\\x15\\x08e\\x15\\xf8S\\x93@\\x1d\\x00\\x00\\x00\\x00%\\x00\\x00\\x00\\x00(\\xef\\xd6\\x01'",
    "telemetry": {
      "time": 27565,
      "deviceMetrics": {
        "batteryLevel": 101,
        "voltage": 4.604,
        "channelUtilization": 0.0,
        "airUtilTx": 0.0,
        "uptimeSeconds": 27503
      },
      "raw": "time: 27565\ndevice_metrics {\n  battery_level: 101\n  voltage: 4.604\n  channel_utilization: 0\n  air_util_tx: 0\n  uptime_seconds: 27503\n}\n"
    }
  },
  "id": 1901428790,
  "hopLimit": 3,
  "priority": "BACKGROUND",
  "raw": "from: 164906676\nto: 4294967295\ndecoded {\n  portnum: TELEMETRY_APP\n  payload: \"\\r\\255k\\000\\000\\022\\025\\010e\\025\\370S\\223@\\035\\000\\000\\000\\000%\\000\\000\\000\\000(\\357\\326\\001\"\n}\nid: 1901428790\nhop_limit: 3\npriority: BACKGROUND\n",
  "fromId": "!09d446b4",
  "toId": "^all"
}
============================================================
{
  "from": 164906676,
  "to": 4294967295,
  "decoded": {
    "portnum": "TELEMETRY_APP",
    "payload": "b'\\r\\xe9k\\x00\\x00\\x12\\x15\\x08e\\x15F\\xb6\\x93@\\x1d\\x00\\x00\\x00\\x00%\\x00\\x00\\x00\\x00(\\xab\\xd7\\x01'",
    "telemetry": {
      "time": 27625,
      "deviceMetrics": {
        "batteryLevel": 101,
        "voltage": 4.616,
        "channelUtilization": 0.0,
        "airUtilTx": 0.0,
        "uptimeSeconds": 27563
      },
      "raw": "time: 27625\ndevice_metrics {\n  battery_level: 101\n  voltage: 4.616\n  channel_utilization: 0\n  air_util_tx: 0\n  uptime_seconds: 27563\n}\n"
    }
  },
  "id": 3696839735,
  "hopLimit": 3,
  "priority": "BACKGROUND",
  "raw": "from: 164906676\nto: 4294967295\ndecoded {\n  portnum: TELEMETRY_APP\n  payload: \"\\r\\351k\\000\\000\\022\\025\\010e\\025F\\266\\223@\\035\\000\\000\\000\\000%\\000\\000\\000\\000(\\253\\327\\001\"\n}\nid: 3696839735\nhop_limit: 3\npriority: BACKGROUND\n",
  "fromId": "!09d446b4",
  "toId": "^all"
}
============================================================
{
  "from": 164906676,
  "to": 4294967295,
  "decoded": {
    "portnum": "TELEMETRY_APP",
    "payload": "b'\\r%l\\x00\\x00\\x12\\x15\\x08e\\x15\\x9a\\x99\\x91@\\x1d\\x00\\x00\\x00\\x00%\\x00\\x00\\x00\\x00(\\xe7\\xd7\\x01'",
    "telemetry": {
      "time": 27685,
      "deviceMetrics": {
        "batteryLevel": 101,
        "voltage": 4.55,
        "channelUtilization": 0.0,
        "airUtilTx": 0.0,
        "uptimeSeconds": 27623
      },
      "raw": "time: 27685\ndevice_metrics {\n  battery_level: 101\n  voltage: 4.55\n  channel_utilization: 0\n  air_util_tx: 0\n  uptime_seconds: 27623\n}\n"
    }
  },
  "id": 2963130424,
  "hopLimit": 3,
  "priority": "BACKGROUND",
  "raw": "from: 164906676\nto: 4294967295\ndecoded {\n  portnum: TELEMETRY_APP\n  payload: \"\\r%l\\000\\000\\022\\025\\010e\\025\\232\\231\\221@\\035\\000\\000\\000\\000%\\000\\000\\000\\000(\\347\\327\\001\"\n}\nid: 2963130424\nhop_limit: 3\npriority: BACKGROUND\n",
  "fromId": "!09d446b4",
  "toId": "^all"
}
============================================================
{
  "from": 164906676,
  "to": 4294967295,
  "decoded": {
    "portnum": "TELEMETRY_APP",
    "payload": "b'\\ral\\x00\\x00\\x12\\x15\\x08e\\x15F\\xb6\\x93@\\x1d\\x00\\x00\\x00\\x00%\\x00\\x00\\x00\\x00(\\xa3\\xd8\\x01'",
    "telemetry": {
      "time": 27745,
      "deviceMetrics": {
        "batteryLevel": 101,
        "voltage": 4.616,
        "channelUtilization": 0.0,
        "airUtilTx": 0.0,
        "uptimeSeconds": 27683
      },
      "raw": "time: 27745\ndevice_metrics {\n  battery_level: 101\n  voltage: 4.616\n  channel_utilization: 0\n  air_util_tx: 0\n  uptime_seconds: 27683\n}\n"
    }
  },
  "id": 3017259065,
  "hopLimit": 3,
  "priority": "BACKGROUND",
  "raw": "from: 164906676\nto: 4294967295\ndecoded {\n  portnum: TELEMETRY_APP\n  payload: \"\\ral\\000\\000\\022\\025\\010e\\025F\\266\\223@\\035\\000\\000\\000\\000%\\000\\000\\000\\000(\\243\\330\\001\"\n}\nid: 3017259065\nhop_limit: 3\npriority: BACKGROUND\n",
  "fromId": "!09d446b4",
  "toId": "^all"
}
============================================================
{
  "from": 164906676,
  "to": 4294967295,
  "decoded": {
    "portnum": "TELEMETRY_APP",
    "payload": "b'\\r\\x9dl\\x00\\x00\\x12\\x15\\x08e\\x15y\\xe9\\x92@\\x1d\\x00\\x00\\x00\\x00%\\x00\\x00\\x00\\x00(\\xdf\\xd8\\x01'",
    "telemetry": {
      "time": 27805,
      "deviceMetrics": {
        "batteryLevel": 101,
        "voltage": 4.591,
        "channelUtilization": 0.0,
        "airUtilTx": 0.0,
        "uptimeSeconds": 27743
      },
      "raw": "time: 27805\ndevice_metrics {\n  battery_level: 101\n  voltage: 4.591\n  channel_utilization: 0\n  air_util_tx: 0\n  uptime_seconds: 27743\n}\n"
    }
  },
  "id": 343113786,
  "hopLimit": 3,
  "priority": "BACKGROUND",
  "raw": "from: 164906676\nto: 4294967295\ndecoded {\n  portnum: TELEMETRY_APP\n  payload: \"\\r\\235l\\000\\000\\022\\025\\010e\\025y\\351\\222@\\035\\000\\000\\000\\000%\\000\\000\\000\\000(\\337\\330\\001\"\n}\nid: 343113786\nhop_limit: 3\npriority: BACKGROUND\n",
  "fromId": "!09d446b4",
  "toId": "^all"
}
============================================================
{
  "from": 164906676,
  "to": 4294967295,
  "decoded": {
    "portnum": "TELEMETRY_APP",
    "payload": "b'\\r\\xd9l\\x00\\x00\\x12\\x15\\x08e\\x15\\x12\\x83\\x94@\\x1d\\x00\\x00\\x00\\x00%\\x00\\x00\\x00\\x00(\\x9b\\xd9\\x01'",
    "telemetry": {
      "time": 27865,
      "deviceMetrics": {
        "batteryLevel": 101,
        "voltage": 4.641,
        "channelUtilization": 0.0,
        "airUtilTx": 0.0,
        "uptimeSeconds": 27803
      },
      "raw": "time: 27865\ndevice_metrics {\n  battery_level: 101\n  voltage: 4.641\n  channel_utilization: 0\n  air_util_tx: 0\n  uptime_seconds: 27803\n}\n"
    }
  },
  "id": 1375914043,
  "hopLimit": 3,
  "priority": "BACKGROUND",
  "raw": "from: 164906676\nto: 4294967295\ndecoded {\n  portnum: TELEMETRY_APP\n  payload: \"\\r\\331l\\000\\000\\022\\025\\010e\\025\\022\\203\\224@\\035\\000\\000\\000\\000%\\000\\000\\000\\000(\\233\\331\\001\"\n}\nid: 1375914043\nhop_limit: 3\npriority: BACKGROUND\n",
  "fromId": "!09d446b4",
  "toId": "^all"
}
============================================================
{
  "from": 164906676,
  "to": 4294967295,
  "decoded": {
    "portnum": "TELEMETRY_APP",
    "payload": "b'\\r\\x15m\\x00\\x00\\x12\\x15\\x08e\\x159\\xb4\\x94@\\x1d\\x00\\x00\\x00\\x00%\\x00\\x00\\x00\\x00(\\xd7\\xd9\\x01'",
    "telemetry": {
      "time": 27925,
      "deviceMetrics": {
        "batteryLevel": 101,
        "voltage": 4.647,
        "channelUtilization": 0.0,
        "airUtilTx": 0.0,
        "uptimeSeconds": 27863
      },
      "raw": "time: 27925\ndevice_metrics {\n  battery_level: 101\n  voltage: 4.647\n  channel_utilization: 0\n  air_util_tx: 0\n  uptime_seconds: 27863\n}\n"
    }
  },
  "id": 1966583868,
  "hopLimit": 3,
  "priority": "BACKGROUND",
  "raw": "from: 164906676\nto: 4294967295\ndecoded {\n  portnum: TELEMETRY_APP\n  payload: \"\\r\\025m\\000\\000\\022\\025\\010e\\0259\\264\\224@\\035\\000\\000\\000\\000%\\000\\000\\000\\000(\\327\\331\\001\"\n}\nid: 1966583868\nhop_limit: 3\npriority: BACKGROUND\n",
  "fromId": "!09d446b4",
  "toId": "^all"
}
============================================================
{
  "from": 164906676,
  "to": 4294967295,
  "decoded": {
    "portnum": "TELEMETRY_APP",
    "payload": "b'\\rQm\\x00\\x00\\x12\\x15\\x08e\\x15\\xaa\\xf1\\x92@\\x1d\\x00\\x00\\x00\\x00%\\x00\\x00\\x00\\x00(\\x93\\xda\\x01'",
    "telemetry": {
      "time": 27985,
      "deviceMetrics": {
        "batteryLevel": 101,
        "voltage": 4.592,
        "channelUtilization": 0.0,
        "airUtilTx": 0.0,
        "uptimeSeconds": 27923
      },
      "raw": "time: 27985\ndevice_metrics {\n  battery_level: 101\n  voltage: 4.592\n  channel_utilization: 0\n  air_util_tx: 0\n  uptime_seconds: 27923\n}\n"
    }
  },
  "id": 789430333,
  "hopLimit": 3,
  "priority": "BACKGROUND",
  "raw": "from: 164906676\nto: 4294967295\ndecoded {\n  portnum: TELEMETRY_APP\n  payload: \"\\rQm\\000\\000\\022\\025\\010e\\025\\252\\361\\222@\\035\\000\\000\\000\\000%\\000\\000\\000\\000(\\223\\332\\001\"\n}\nid: 789430333\nhop_limit: 3\npriority: BACKGROUND\n",
  "fromId": "!09d446b4",
  "toId": "^all"
}
============================================================
{
  "from": 164906676,
  "to": 4294967295,
  "decoded": {
    "portnum": "TELEMETRY_APP",
    "payload": "b'\\r\\x8dm\\x00\\x00\\x12\\x15\\x08e\\x15o\\x12\\x93@\\x1d\\x00\\x00\\x00\\x00%\\x00\\x00\\x00\\x00(\\xcf\\xda\\x01'",
    "telemetry": {
      "time": 28045,
      "deviceMetrics": {
        "batteryLevel": 101,
        "voltage": 4.596,
        "channelUtilization": 0.0,
        "airUtilTx": 0.0,
        "uptimeSeconds": 27983
      },
      "raw": "time: 28045\ndevice_metrics {\n  battery_level: 101\n  voltage: 4.596\n  channel_utilization: 0\n  air_util_tx: 0\n  uptime_seconds: 27983\n}\n"
    }
  },
  "id": 1082908734,
  "hopLimit": 3,
  "priority": "BACKGROUND",
  "raw": "from: 164906676\nto: 4294967295\ndecoded {\n  portnum: TELEMETRY_APP\n  payload: \"\\r\\215m\\000\\000\\022\\025\\010e\\025o\\022\\223@\\035\\000\\000\\000\\000%\\000\\000\\000\\000(\\317\\332\\001\"\n}\nid: 1082908734\nhop_limit: 3\npriority: BACKGROUND\n",
  "fromId": "!09d446b4",
  "toId": "^all"
}
============================================================
{
  "from": 164906676,
  "to": 4294967295,
  "decoded": {
    "portnum": "TELEMETRY_APP",
    "payload": "b'\\r\\x8dm\\x00\\x002\\x1f\\x08\\xcf\\xda\\x01 \\x02(\\x030\\x03@\\x01`\\x90\\x99\\x0fh\\xd0\\xcf\\x04x\\x9b\\xff\\xff\\xff\\xff\\xff\\xff\\xff\\xff\\x01'",
    "telemetry": {
      "time": 28045,
      "localStats": {
        "uptimeSeconds": 27983,
        "numPacketsTx": 2,
        "numPacketsRx": 3,
        "numPacketsRxBad": 3,
        "numTotalNodes": 1,
        "heapTotalBytes": 248976,
        "heapFreeBytes": 75728,
        "noiseFloor": -101
      },
      "raw": "time: 28045\nlocal_stats {\n  uptime_seconds: 27983\n  num_packets_tx: 2\n  num_packets_rx: 3\n  num_packets_rx_bad: 3\n  num_total_nodes: 1\n  heap_total_bytes: 248976\n  heap_free_bytes: 75728\n  noise_floor: -101\n}\n"
    }
  },
  "id": 119112767,
  "hopLimit": 3,
  "priority": "BACKGROUND",
  "raw": "from: 164906676\nto: 4294967295\ndecoded {\n  portnum: TELEMETRY_APP\n  payload: \"\\r\\215m\\000\\0002\\037\\010\\317\\332\\001 \\002(\\0030\\003@\\001`\\220\\231\\017h\\320\\317\\004x\\233\\377\\377\\377\\377\\377\\377\\377\\377\\001\"\n}\nid: 119112767\nhop_limit: 3\npriority: BACKGROUND\n",
  "fromId": "!09d446b4",
  "toId": "^all"
}
============================================================
{
  "from": 164906676,
  "to": 4294967295,
  "decoded": {
    "portnum": "TELEMETRY_APP",
    "payload": "b'\\r\\xc9m\\x00\\x00\\x12\\x15\\x08e\\x15\\xf0\\xa7\\x92@\\x1d\\x00\\x00\\x00\\x00%\\x00\\x00\\x00\\x00(\\x8b\\xdb\\x01'",
    "telemetry": {
      "time": 28105,
      "deviceMetrics": {
        "batteryLevel": 101,
        "voltage": 4.583,
        "channelUtilization": 0.0,
        "airUtilTx": 0.0,
        "uptimeSeconds": 28043
      },
      "raw": "time: 28105\ndevice_metrics {\n  battery_level: 101\n  voltage: 4.583\n  channel_utilization: 0\n  air_util_tx: 0\n  uptime_seconds: 28043\n}\n"
    }
  },
  "id": 507129920,
  "hopLimit": 3,
  "priority": "BACKGROUND",
  "raw": "from: 164906676\nto: 4294967295\ndecoded {\n  portnum: TELEMETRY_APP\n  payload: \"\\r\\311m\\000\\000\\022\\025\\010e\\025\\360\\247\\222@\\035\\000\\000\\000\\000%\\000\\000\\000\\000(\\213\\333\\001\"\n}\nid: 507129920\nhop_limit: 3\npriority: BACKGROUND\n",
  "fromId": "!09d446b4",
  "toId": "^all"
}
============================================================
{
  "from": 164906676,
  "to": 4294967295,
  "decoded": {
    "portnum": "TELEMETRY_APP",
    "payload": "b'\\r\\x05n\\x00\\x00\\x12\\x15\\x08e\\x15j\\xbc\\x94@\\x1d\\x00\\x00\\x00\\x00%\\x00\\x00\\x00\\x00(\\xc7\\xdb\\x01'",
    "telemetry": {
      "time": 28165,
      "deviceMetrics": {
        "batteryLevel": 101,
        "voltage": 4.648,
        "channelUtilization": 0.0,
        "airUtilTx": 0.0,
        "uptimeSeconds": 28103
      },
      "raw": "time: 28165\ndevice_metrics {\n  battery_level: 101\n  voltage: 4.648\n  channel_utilization: 0\n  air_util_tx: 0\n  uptime_seconds: 28103\n}\n"
    }
  },
  "id": 1186282561,
  "hopLimit": 3,
  "priority": "BACKGROUND",
  "raw": "from: 164906676\nto: 4294967295\ndecoded {\n  portnum: TELEMETRY_APP\n  payload: \"\\r\\005n\\000\\000\\022\\025\\010e\\025j\\274\\224@\\035\\000\\000\\000\\000%\\000\\000\\000\\000(\\307\\333\\001\"\n}\nid: 1186282561\nhop_limit: 3\npriority: BACKGROUND\n",
  "fromId": "!09d446b4",
  "toId": "^all"
}
============================================================
{
  "from": 164906676,
  "to": 4294967295,
  "decoded": {
    "portnum": "TELEMETRY_APP",
    "payload": "b'\\rAn\\x00\\x00\\x12\\x15\\x08e\\x15u\\x93\\x94@\\x1d\\x00\\x00\\x00\\x00%\\x00\\x00\\x00\\x00(\\x83\\xdc\\x01'",
    "telemetry": {
      "time": 28225,
      "deviceMetrics": {
        "batteryLevel": 101,
        "voltage": 4.643,
        "channelUtilization": 0.0,
        "airUtilTx": 0.0,
        "uptimeSeconds": 28163
      },
      "raw": "time: 28225\ndevice_metrics {\n  battery_level: 101\n  voltage: 4.643\n  channel_utilization: 0\n  air_util_tx: 0\n  uptime_seconds: 28163\n}\n"
    }
  },
  "id": 2337924162,
  "hopLimit": 3,
  "priority": "BACKGROUND",
  "raw": "from: 164906676\nto: 4294967295\ndecoded {\n  portnum: TELEMETRY_APP\n  payload: \"\\rAn\\000\\000\\022\\025\\010e\\025u\\223\\224@\\035\\000\\000\\000\\000%\\000\\000\\000\\000(\\203\\334\\001\"\n}\nid: 2337924162\nhop_limit: 3\npriority: BACKGROUND\n",
  "fromId": "!09d446b4",
  "toId": "^all"
}
============================================================
{
  "from": 164906676,
  "to": 4294967295,
  "decoded": {
    "portnum": "TELEMETRY_APP",
    "payload": "b'\\r}n\\x00\\x00\\x12\\x15\\x08e\\x15\\xa2E\\x92@\\x1d\\x00\\x00\\x00\\x00%\\x00\\x00\\x00\\x00(\\xbf\\xdc\\x01'",
    "telemetry": {
      "time": 28285,
      "deviceMetrics": {
        "batteryLevel": 101,
        "voltage": 4.571,
        "channelUtilization": 0.0,
        "airUtilTx": 0.0,
        "uptimeSeconds": 28223
      },
      "raw": "time: 28285\ndevice_metrics {\n  battery_level: 101\n  voltage: 4.571\n  channel_utilization: 0\n  air_util_tx: 0\n  uptime_seconds: 28223\n}\n"
    }
  },
  "id": 383867971,
  "hopLimit": 3,
  "priority": "BACKGROUND",
  "raw": "from: 164906676\nto: 4294967295\ndecoded {\n  portnum: TELEMETRY_APP\n  payload: \"\\r}n\\000\\000\\022\\025\\010e\\025\\242E\\222@\\035\\000\\000\\000\\000%\\000\\000\\000\\000(\\277\\334\\001\"\n}\nid: 383867971\nhop_limit: 3\npriority: BACKGROUND\n",
  "fromId": "!09d446b4",
  "toId": "^all"
}
============================================================
{
  "from": 164906676,
  "to": 4294967295,
  "decoded": {
    "portnum": "TELEMETRY_APP",
    "payload": "b'\\r\\xb9n\\x00\\x00\\x12\\x15\\x08e\\x15\\xb0r\\x94@\\x1d\\x00\\x00\\x00\\x00%\\x00\\x00\\x00\\x00(\\xfb\\xdc\\x01'",
    "telemetry": {
      "time": 28345,
      "deviceMetrics": {
        "batteryLevel": 101,
        "voltage": 4.639,
        "channelUtilization": 0.0,
        "airUtilTx": 0.0,
        "uptimeSeconds": 28283
      },
      "raw": "time: 28345\ndevice_metrics {\n  battery_level: 101\n  voltage: 4.639\n  channel_utilization: 0\n  air_util_tx: 0\n  uptime_seconds: 28283\n}\n"
    }
  },
  "id": 2560968772,
  "hopLimit": 3,
  "priority": "BACKGROUND",
  "raw": "from: 164906676\nto: 4294967295\ndecoded {\n  portnum: TELEMETRY_APP\n  payload: \"\\r\\271n\\000\\000\\022\\025\\010e\\025\\260r\\224@\\035\\000\\000\\000\\000%\\000\\000\\000\\000(\\373\\334\\001\"\n}\nid: 2560968772\nhop_limit: 3\npriority: BACKGROUND\n",
  "fromId": "!09d446b4",
  "toId": "^all"
}
============================================================
{
  "from": 164906676,
  "to": 4294967295,
  "decoded": {
    "portnum": "TELEMETRY_APP",
    "payload": "b'\\r\\xf5n\\x00\\x00\\x12\\x15\\x08e\\x15\\x1f\\x85\\x93@\\x1d\\x00\\x00\\x00\\x00%\\x00\\x00\\x00\\x00(\\xb7\\xdd\\x01'",
    "telemetry": {
      "time": 28405,
      "deviceMetrics": {
        "batteryLevel": 101,
        "voltage": 4.61,
        "channelUtilization": 0.0,
        "airUtilTx": 0.0,
        "uptimeSeconds": 28343
      },
      "raw": "time: 28405\ndevice_metrics {\n  battery_level: 101\n  voltage: 4.61\n  channel_utilization: 0\n  air_util_tx: 0\n  uptime_seconds: 28343\n}\n"
    }
  },
  "id": 4220755013,
  "hopLimit": 3,
  "priority": "BACKGROUND",
  "raw": "from: 164906676\nto: 4294967295\ndecoded {\n  portnum: TELEMETRY_APP\n  payload: \"\\r\\365n\\000\\000\\022\\025\\010e\\025\\037\\205\\223@\\035\\000\\000\\000\\000%\\000\\000\\000\\000(\\267\\335\\001\"\n}\nid: 4220755013\nhop_limit: 3\npriority: BACKGROUND\n",
  "fromId": "!09d446b4",
  "toId": "^all"
}
============================================================
{
  "from": 164906676,
  "to": 4294967295,
  "decoded": {
    "portnum": "TELEMETRY_APP",
    "payload": "b'\\r1o\\x00\\x00\\x12\\x15\\x08e\\x15\\x0c\\x02\\x93@\\x1d\\x00\\x00\\x00\\x00%\\x00\\x00\\x00\\x00(\\xf3\\xdd\\x01'",
    "telemetry": {
      "time": 28465,
      "deviceMetrics": {
        "batteryLevel": 101,
        "voltage": 4.594,
        "channelUtilization": 0.0,
        "airUtilTx": 0.0,
        "uptimeSeconds": 28403
      },
      "raw": "time: 28465\ndevice_metrics {\n  battery_level: 101\n  voltage: 4.594\n  channel_utilization: 0\n  air_util_tx: 0\n  uptime_seconds: 28403\n}\n"
    }
  },
  "id": 235323462,
  "hopLimit": 3,
  "priority": "BACKGROUND",
  "raw": "from: 164906676\nto: 4294967295\ndecoded {\n  portnum: TELEMETRY_APP\n  payload: \"\\r1o\\000\\000\\022\\025\\010e\\025\\014\\002\\223@\\035\\000\\000\\000\\000%\\000\\000\\000\\000(\\363\\335\\001\"\n}\nid: 235323462\nhop_limit: 3\npriority: BACKGROUND\n",
  "fromId": "!09d446b4",
  "toId": "^all"
}
============================================================
{
  "from": 164906676,
  "to": 4294967295,
  "decoded": {
    "portnum": "TELEMETRY_APP",
    "payload": "b'\\rmo\\x00\\x00\\x12\\x15\\x08e\\x15\\x00\\x00\\x94@\\x1d\\x00\\x00\\x00\\x00%\\x00\\x00\\x00\\x00(\\xaf\\xde\\x01'",
    "telemetry": {
      "time": 28525,
      "deviceMetrics": {
        "batteryLevel": 101,
        "voltage": 4.625,
        "channelUtilization": 0.0,
        "airUtilTx": 0.0,
        "uptimeSeconds": 28463
      },
      "raw": "time: 28525\ndevice_metrics {\n  battery_level: 101\n  voltage: 4.625\n  channel_utilization: 0\n  air_util_tx: 0\n  uptime_seconds: 28463\n}\n"
    }
  },
  "id": 2257224775,
  "hopLimit": 3,
  "priority": "BACKGROUND",
  "raw": "from: 164906676\nto: 4294967295\ndecoded {\n  portnum: TELEMETRY_APP\n  payload: \"\\rmo\\000\\000\\022\\025\\010e\\025\\000\\000\\224@\\035\\000\\000\\000\\000%\\000\\000\\000\\000(\\257\\336\\001\"\n}\nid: 2257224775\nhop_limit: 3\npriority: BACKGROUND\n",
  "fromId": "!09d446b4",
  "toId": "^all"
}
============================================================
{
  "from": 164906676,
  "to": 4294967295,
  "decoded": {
    "portnum": "TELEMETRY_APP",
    "payload": "b'\\r\\xa9o\\x00\\x00\\x12\\x15\\x08e\\x15D\\x8b\\x94@\\x1d\\x00\\x00\\x00\\x00%\\x00\\x00\\x00\\x00(\\xeb\\xde\\x01'",
    "telemetry": {
      "time": 28585,
      "deviceMetrics": {
        "batteryLevel": 101,
        "voltage": 4.642,
        "channelUtilization": 0.0,
        "airUtilTx": 0.0,
        "uptimeSeconds": 28523
      },
      "raw": "time: 28585\ndevice_metrics {\n  battery_level: 101\n  voltage: 4.642\n  channel_utilization: 0\n  air_util_tx: 0\n  uptime_seconds: 28523\n}\n"
    }
  },
  "id": 4267401288,
  "hopLimit": 3,
  "priority": "BACKGROUND",
  "raw": "from: 164906676\nto: 4294967295\ndecoded {\n  portnum: TELEMETRY_APP\n  payload: \"\\r\\251o\\000\\000\\022\\025\\010e\\025D\\213\\224@\\035\\000\\000\\000\\000%\\000\\000\\000\\000(\\353\\336\\001\"\n}\nid: 4267401288\nhop_limit: 3\npriority: BACKGROUND\n",
  "fromId": "!09d446b4",
  "toId": "^all"
}
============================================================
{
  "from": 164906676,
  "to": 4294967295,
  "decoded": {
    "portnum": "TELEMETRY_APP",
    "payload": "b'\\r\\xe5o\\x00\\x00\\x12\\x15\\x08e\\x15q=\\x92@\\x1d\\x00\\x00\\x00\\x00%\\x00\\x00\\x00\\x00(\\xa7\\xdf\\x01'",
    "telemetry": {
      "time": 28645,
      "deviceMetrics": {
        "batteryLevel": 101,
        "voltage": 4.57,
        "channelUtilization": 0.0,
        "airUtilTx": 0.0,
        "uptimeSeconds": 28583
      },
      "raw": "time: 28645\ndevice_metrics {\n  battery_level: 101\n  voltage: 4.57\n  channel_utilization: 0\n  air_util_tx: 0\n  uptime_seconds: 28583\n}\n"
    }
  },
  "id": 262961225,
  "hopLimit": 3,
  "priority": "BACKGROUND",
  "raw": "from: 164906676\nto: 4294967295\ndecoded {\n  portnum: TELEMETRY_APP\n  payload: \"\\r\\345o\\000\\000\\022\\025\\010e\\025q=\\222@\\035\\000\\000\\000\\000%\\000\\000\\000\\000(\\247\\337\\001\"\n}\nid: 262961225\nhop_limit: 3\npriority: BACKGROUND\n",
  "fromId": "!09d446b4",
  "toId": "^all"
}
============================================================
{
  "from": 164906676,
  "to": 4294967295,
  "decoded": {
    "portnum": "TELEMETRY_APP",
    "payload": "b'\\r\"p\\x00\\x00\\x12\\x15\\x08e\\x15\\xcf\\xf7\\x93@\\x1d\\x00\\x00\\x00\\x00%\\x00\\x00\\x00\\x00(\\xe3\\xdf\\x01'",
    "telemetry": {
      "time": 28706,
      "deviceMetrics": {
        "batteryLevel": 101,
        "voltage": 4.624,
        "channelUtilization": 0.0,
        "airUtilTx": 0.0,
        "uptimeSeconds": 28643
      },
      "raw": "time: 28706\ndevice_metrics {\n  battery_level: 101\n  voltage: 4.624\n  channel_utilization: 0\n  air_util_tx: 0\n  uptime_seconds: 28643\n}\n"
    }
  },
  "id": 1020187722,
  "hopLimit": 3,
  "priority": "BACKGROUND",
  "raw": "from: 164906676\nto: 4294967295\ndecoded {\n  portnum: TELEMETRY_APP\n  payload: \"\\r\\\"p\\000\\000\\022\\025\\010e\\025\\317\\367\\223@\\035\\000\\000\\000\\000%\\000\\000\\000\\000(\\343\\337\\001\"\n}\nid: 1020187722\nhop_limit: 3\npriority: BACKGROUND\n",
  "fromId": "!09d446b4",
  "toId": "^all"
}
============================================================
{
  "from": 164906676,
  "to": 4294967295,
  "decoded": {
    "portnum": "TELEMETRY_APP",
    "payload": "b'\\r^p\\x00\\x00\\x12\\x15\\x08e\\x15\\x96C\\x93@\\x1d\\x00\\x00\\x00\\x00%\\x00\\x00\\x00\\x00(\\x9f\\xe0\\x01'",
    "telemetry": {
      "time": 28766,
      "deviceMetrics": {
        "batteryLevel": 101,
        "voltage": 4.602,
        "channelUtilization": 0.0,
        "airUtilTx": 0.0,
        "uptimeSeconds": 28703
      },
      "raw": "time: 28766\ndevice_metrics {\n  battery_level: 101\n  voltage: 4.602\n  channel_utilization: 0\n  air_util_tx: 0\n  uptime_seconds: 28703\n}\n"
    }
  },
  "id": 1560031307,
  "hopLimit": 3,
  "priority": "BACKGROUND",
  "raw": "from: 164906676\nto: 4294967295\ndecoded {\n  portnum: TELEMETRY_APP\n  payload: \"\\r^p\\000\\000\\022\\025\\010e\\025\\226C\\223@\\035\\000\\000\\000\\000%\\000\\000\\000\\000(\\237\\340\\001\"\n}\nid: 1560031307\nhop_limit: 3\npriority: BACKGROUND\n",
  "fromId": "!09d446b4",
  "toId": "^all"
}
============================================================
{
  "from": 164906676,
  "to": 4294967295,
  "decoded": {
    "portnum": "TELEMETRY_APP",
    "payload": "b'\\r\\x9ap\\x00\\x00\\x12\\x15\\x08e\\x15y\\xe9\\x92@\\x1d\\x00\\x00\\x00\\x00%\\x00\\x00\\x00\\x00(\\xdc\\xe0\\x01'",
    "telemetry": {
      "time": 28826,
      "deviceMetrics": {
        "batteryLevel": 101,
        "voltage": 4.591,
        "channelUtilization": 0.0,
        "airUtilTx": 0.0,
        "uptimeSeconds": 28764
      },
      "raw": "time: 28826\ndevice_metrics {\n  battery_level: 101\n  voltage: 4.591\n  channel_utilization: 0\n  air_util_tx: 0\n  uptime_seconds: 28764\n}\n"
    }
  },
  "id": 421637196,
  "hopLimit": 3,
  "priority": "BACKGROUND",
  "raw": "from: 164906676\nto: 4294967295\ndecoded {\n  portnum: TELEMETRY_APP\n  payload: \"\\r\\232p\\000\\000\\022\\025\\010e\\025y\\351\\222@\\035\\000\\000\\000\\000%\\000\\000\\000\\000(\\334\\340\\001\"\n}\nid: 421637196\nhop_limit: 3\npriority: BACKGROUND\n",
  "fromId": "!09d446b4",
  "toId": "^all"
}
============================================================
{
  "from": 164906676,
  "to": 4294967295,
  "decoded": {
    "portnum": "TELEMETRY_APP",
    "payload": "b'\\r\\xd6p\\x00\\x00\\x12\\x15\\x08e\\x15\\xe1z\\x94@\\x1d\\x00\\x00\\x00\\x00%\\x00\\x00\\x00\\x00(\\x98\\xe1\\x01'",
    "telemetry": {
      "time": 28886,
      "deviceMetrics": {
        "batteryLevel": 101,
        "voltage": 4.64,
        "channelUtilization": 0.0,
        "airUtilTx": 0.0,
        "uptimeSeconds": 28824
      },
      "raw": "time: 28886\ndevice_metrics {\n  battery_level: 101\n  voltage: 4.64\n  channel_utilization: 0\n  air_util_tx: 0\n  uptime_seconds: 28824\n}\n"
    }
  },
  "id": 3093551181,
  "hopLimit": 3,
  "priority": "BACKGROUND",
  "raw": "from: 164906676\nto: 4294967295\ndecoded {\n  portnum: TELEMETRY_APP\n  payload: \"\\r\\326p\\000\\000\\022\\025\\010e\\025\\341z\\224@\\035\\000\\000\\000\\000%\\000\\000\\000\\000(\\230\\341\\001\"\n}\nid: 3093551181\nhop_limit: 3\npriority: BACKGROUND\n",
  "fromId": "!09d446b4",
  "toId": "^all"
}
============================================================
{
  "from": 164906676,
  "to": 4294967295,
  "decoded": {
    "portnum": "TELEMETRY_APP",
    "payload": "b'\\r\\x12q\\x00\\x00\\x12\\x15\\x08e\\x15\\x04V\\x92@\\x1d\\x00\\x00\\x00\\x00%\\x00\\x00\\x00\\x00(\\xd4\\xe1\\x01'",
    "telemetry": {
      "time": 28946,
      "deviceMetrics": {
        "batteryLevel": 101,
        "voltage": 4.573,
        "channelUtilization": 0.0,
        "airUtilTx": 0.0,
        "uptimeSeconds": 28884
      },
      "raw": "time: 28946\ndevice_metrics {\n  battery_level: 101\n  voltage: 4.573\n  channel_utilization: 0\n  air_util_tx: 0\n  uptime_seconds: 28884\n}\n"
    }
  },
  "id": 2610113614,
  "hopLimit": 3,
  "priority": "BACKGROUND",
  "raw": "from: 164906676\nto: 4294967295\ndecoded {\n  portnum: TELEMETRY_APP\n  payload: \"\\r\\022q\\000\\000\\022\\025\\010e\\025\\004V\\222@\\035\\000\\000\\000\\000%\\000\\000\\000\\000(\\324\\341\\001\"\n}\nid: 2610113614\nhop_limit: 3\npriority: BACKGROUND\n",
  "fromId": "!09d446b4",
  "toId": "^all"
}
============================================================
{
  "from": 164906676,
  "to": 4294967295,
  "decoded": {
    "portnum": "TELEMETRY_APP",
    "payload": "b'\\r\\x12q\\x00\\x002\\x1f\\x08\\xd4\\xe1\\x01 \\x02(\\x030\\x03@\\x01`\\x90\\x99\\x0fh\\xd0\\xcf\\x04x\\x9b\\xff\\xff\\xff\\xff\\xff\\xff\\xff\\xff\\x01'",
    "telemetry": {
      "time": 28946,
      "localStats": {
        "uptimeSeconds": 28884,
        "numPacketsTx": 2,
        "numPacketsRx": 3,
        "numPacketsRxBad": 3,
        "numTotalNodes": 1,
        "heapTotalBytes": 248976,
        "heapFreeBytes": 75728,
        "noiseFloor": -101
      },
      "raw": "time: 28946\nlocal_stats {\n  uptime_seconds: 28884\n  num_packets_tx: 2\n  num_packets_rx: 3\n  num_packets_rx_bad: 3\n  num_total_nodes: 1\n  heap_total_bytes: 248976\n  heap_free_bytes: 75728\n  noise_floor: -101\n}\n"
    }
  },
  "id": 2158157903,
  "hopLimit": 3,
  "priority": "BACKGROUND",
  "raw": "from: 164906676\nto: 4294967295\ndecoded {\n  portnum: TELEMETRY_APP\n  payload: \"\\r\\022q\\000\\0002\\037\\010\\324\\341\\001 \\002(\\0030\\003@\\001`\\220\\231\\017h\\320\\317\\004x\\233\\377\\377\\377\\377\\377\\377\\377\\377\\001\"\n}\nid: 2158157903\nhop_limit: 3\npriority: BACKGROUND\n",
  "fromId": "!09d446b4",
  "toId": "^all"
}
============================================================
{
  "from": 164906676,
  "to": 4294967295,
  "decoded": {
    "portnum": "TELEMETRY_APP",
    "payload": "b'\\rNq\\x00\\x00\\x12\\x15\\x08e\\x15\\xd7\\xa3\\x94@\\x1d\\x00\\x00\\x00\\x00%\\x00\\x00\\x00\\x00(\\x90\\xe2\\x01'",
    "telemetry": {
      "time": 29006,
      "deviceMetrics": {
        "batteryLevel": 101,
        "voltage": 4.645,
        "channelUtilization": 0.0,
        "airUtilTx": 0.0,
        "uptimeSeconds": 28944
      },
      "raw": "time: 29006\ndevice_metrics {\n  battery_level: 101\n  voltage: 4.645\n  channel_utilization: 0\n  air_util_tx: 0\n  uptime_seconds: 28944\n}\n"
    }
  },
  "id": 188998736,
  "hopLimit": 3,
  "priority": "BACKGROUND",
  "raw": "from: 164906676\nto: 4294967295\ndecoded {\n  portnum: TELEMETRY_APP\n  payload: \"\\rNq\\000\\000\\022\\025\\010e\\025\\327\\243\\224@\\035\\000\\000\\000\\000%\\000\\000\\000\\000(\\220\\342\\001\"\n}\nid: 188998736\nhop_limit: 3\npriority: BACKGROUND\n",
  "fromId": "!09d446b4",
  "toId": "^all"
}
============================================================
{
  "from": 164906676,
  "to": 4294967295,
  "decoded": {
    "portnum": "TELEMETRY_APP",
    "payload": "b'\\r\\x8aq\\x00\\x00\\x12\\x15\\x08e\\x15\\\\\\x8f\\x92@\\x1d\\x00\\x00\\x00\\x00%\\x00\\x00\\x00\\x00(\\xcc\\xe2\\x01'",
    "telemetry": {
      "time": 29066,
      "deviceMetrics": {
        "batteryLevel": 101,
        "voltage": 4.58,
        "channelUtilization": 0.0,
        "airUtilTx": 0.0,
        "uptimeSeconds": 29004
      },
      "raw": "time: 29066\ndevice_metrics {\n  battery_level: 101\n  voltage: 4.58\n  channel_utilization: 0\n  air_util_tx: 0\n  uptime_seconds: 29004\n}\n"
    }
  },
  "id": 3977748561,
  "hopLimit": 3,
  "priority": "BACKGROUND",
  "raw": "from: 164906676\nto: 4294967295\ndecoded {\n  portnum: TELEMETRY_APP\n  payload: \"\\r\\212q\\000\\000\\022\\025\\010e\\025\\\\\\217\\222@\\035\\000\\000\\000\\000%\\000\\000\\000\\000(\\314\\342\\001\"\n}\nid: 3977748561\nhop_limit: 3\npriority: BACKGROUND\n",
  "fromId": "!09d446b4",
  "toId": "^all"
}
============================================================
{
  "from": 164906676,
  "to": 4294967295,
  "decoded": {
    "portnum": "TELEMETRY_APP",
    "payload": "b'\\r\\xc6q\\x00\\x00\\x12\\x15\\x08e\\x151\\x08\\x94@\\x1d\\x00\\x00\\x00\\x00%\\x00\\x00\\x00\\x00(\\x88\\xe3\\x01'",
    "telemetry": {
      "time": 29126,
      "deviceMetrics": {
        "batteryLevel": 101,
        "voltage": 4.626,
        "channelUtilization": 0.0,
        "airUtilTx": 0.0,
        "uptimeSeconds": 29064
      },
      "raw": "time: 29126\ndevice_metrics {\n  battery_level: 101\n  voltage: 4.626\n  channel_utilization: 0\n  air_util_tx: 0\n  uptime_seconds: 29064\n}\n"
    }
  },
  "id": 2371606610,
  "hopLimit": 3,
  "priority": "BACKGROUND",
  "raw": "from: 164906676\nto: 4294967295\ndecoded {\n  portnum: TELEMETRY_APP\n  payload: \"\\r\\306q\\000\\000\\022\\025\\010e\\0251\\010\\224@\\035\\000\\000\\000\\000%\\000\\000\\000\\000(\\210\\343\\001\"\n}\nid: 2371606610\nhop_limit: 3\npriority: BACKGROUND\n",
  "fromId": "!09d446b4",
  "toId": "^all"
}
============================================================
{
  "from": 164906676,
  "to": 4294967295,
  "decoded": {
    "portnum": "TELEMETRY_APP",
    "payload": "b'\\r\\x02r\\x00\\x00\\x12\\x15\\x08e\\x15P\\x8d\\x93@\\x1d\\x00\\x00\\x00\\x00%\\x00\\x00\\x00\\x00(\\xc4\\xe3\\x01'",
    "telemetry": {
      "time": 29186,
      "deviceMetrics": {
        "batteryLevel": 101,
        "voltage": 4.611,
        "channelUtilization": 0.0,
        "airUtilTx": 0.0,
        "uptimeSeconds": 29124
      },
      "raw": "time: 29186\ndevice_metrics {\n  battery_level: 101\n  voltage: 4.611\n  channel_utilization: 0\n  air_util_tx: 0\n  uptime_seconds: 29124\n}\n"
    }
  },
  "id": 360957011,
  "hopLimit": 3,
  "priority": "BACKGROUND",
  "raw": "from: 164906676\nto: 4294967295\ndecoded {\n  portnum: TELEMETRY_APP\n  payload: \"\\r\\002r\\000\\000\\022\\025\\010e\\025P\\215\\223@\\035\\000\\000\\000\\000%\\000\\000\\000\\000(\\304\\343\\001\"\n}\nid: 360957011\nhop_limit: 3\npriority: BACKGROUND\n",
  "fromId": "!09d446b4",
  "toId": "^all"
}
============================================================
{
  "from": 164906676,
  "to": 4294967295,
  "decoded": {
    "portnum": "TELEMETRY_APP",
    "payload": "b'\\r>r\\x00\\x00\\x12\\x15\\x08e\\x15\\xd5x\\x95@\\x1d\\x00\\x00\\x00\\x00%\\x00\\x00\\x00\\x00(\\x80\\xe4\\x01'",
    "telemetry": {
      "time": 29246,
      "deviceMetrics": {
        "batteryLevel": 101,
        "voltage": 4.671,
        "channelUtilization": 0.0,
        "airUtilTx": 0.0,
        "uptimeSeconds": 29184
      },
      "raw": "time: 29246\ndevice_metrics {\n  battery_level: 101\n  voltage: 4.671\n  channel_utilization: 0\n  air_util_tx: 0\n  uptime_seconds: 29184\n}\n"
    }
  },
  "id": 1333312596,
  "hopLimit": 3,
  "priority": "BACKGROUND",
  "raw": "from: 164906676\nto: 4294967295\ndecoded {\n  portnum: TELEMETRY_APP\n  payload: \"\\r>r\\000\\000\\022\\025\\010e\\025\\325x\\225@\\035\\000\\000\\000\\000%\\000\\000\\000\\000(\\200\\344\\001\"\n}\nid: 1333312596\nhop_limit: 3\npriority: BACKGROUND\n",
  "fromId": "!09d446b4",
  "toId": "^all"
}
============================================================
{
  "from": 164906676,
  "to": 4294967295,
  "decoded": {
    "portnum": "TELEMETRY_APP",
    "payload": "b'\\rzr\\x00\\x00\\x12\\x15\\x08e\\x15\\xf8S\\x93@\\x1d\\x00\\x00\\x00\\x00%\\x00\\x00\\x00\\x00(\\xbc\\xe4\\x01'",
    "telemetry": {
      "time": 29306,
      "deviceMetrics": {
        "batteryLevel": 101,
        "voltage": 4.604,
        "channelUtilization": 0.0,
        "airUtilTx": 0.0,
        "uptimeSeconds": 29244
      },
      "raw": "time: 29306\ndevice_metrics {\n  battery_level: 101\n  voltage: 4.604\n  channel_utilization: 0\n  air_util_tx: 0\n  uptime_seconds: 29244\n}\n"
    }
  },
  "id": 1791357013,
  "hopLimit": 3,
  "priority": "BACKGROUND",
  "raw": "from: 164906676\nto: 4294967295\ndecoded {\n  portnum: TELEMETRY_APP\n  payload: \"\\rzr\\000\\000\\022\\025\\010e\\025\\370S\\223@\\035\\000\\000\\000\\000%\\000\\000\\000\\000(\\274\\344\\001\"\n}\nid: 1791357013\nhop_limit: 3\npriority: BACKGROUND\n",
  "fromId": "!09d446b4",
  "toId": "^all"
}
============================================================
{
  "from": 164906676,
  "to": 4294967295,
  "decoded": {
    "portnum": "TELEMETRY_APP",
    "payload": "b'\\r\\xb6r\\x00\\x00\\x12\\x15\\x08e\\x15\\xac\\x1c\\x92@\\x1d\\x00\\x00\\x00\\x00%\\x00\\x00\\x00\\x00(\\xf8\\xe4\\x01'",
    "telemetry": {
      "time": 29366,
      "deviceMetrics": {
        "batteryLevel": 101,
        "voltage": 4.566,
        "channelUtilization": 0.0,
        "airUtilTx": 0.0,
        "uptimeSeconds": 29304
      },
      "raw": "time: 29366\ndevice_metrics {\n  battery_level: 101\n  voltage: 4.566\n  channel_utilization: 0\n  air_util_tx: 0\n  uptime_seconds: 29304\n}\n"
    }
  },
  "id": 2427862102,
  "hopLimit": 3,
  "priority": "BACKGROUND",
  "raw": "from: 164906676\nto: 4294967295\ndecoded {\n  portnum: TELEMETRY_APP\n  payload: \"\\r\\266r\\000\\000\\022\\025\\010e\\025\\254\\034\\222@\\035\\000\\000\\000\\000%\\000\\000\\000\\000(\\370\\344\\001\"\n}\nid: 2427862102\nhop_limit: 3\npriority: BACKGROUND\n",
  "fromId": "!09d446b4",
  "toId": "^all"
}
============================================================
{
  "from": 164906676,
  "to": 4294967295,
  "decoded": {
    "portnum": "TELEMETRY_APP",
    "payload": "b'\\r\\xf2r\\x00\\x00\\x12\\x15\\x08e\\x15Nb\\x94@\\x1d\\x00\\x00\\x00\\x00%\\x00\\x00\\x00\\x00(\\xb4\\xe5\\x01'",
    "telemetry": {
      "time": 29426,
      "deviceMetrics": {
        "batteryLevel": 101,
        "voltage": 4.637,
        "channelUtilization": 0.0,
        "airUtilTx": 0.0,
        "uptimeSeconds": 29364
      },
      "raw": "time: 29426\ndevice_metrics {\n  battery_level: 101\n  voltage: 4.637\n  channel_utilization: 0\n  air_util_tx: 0\n  uptime_seconds: 29364\n}\n"
    }
  },
  "id": 3481668695,
  "hopLimit": 3,
  "priority": "BACKGROUND",
  "raw": "from: 164906676\nto: 4294967295\ndecoded {\n  portnum: TELEMETRY_APP\n  payload: \"\\r\\362r\\000\\000\\022\\025\\010e\\025Nb\\224@\\035\\000\\000\\000\\000%\\000\\000\\000\\000(\\264\\345\\001\"\n}\nid: 3481668695\nhop_limit: 3\npriority: BACKGROUND\n",
  "fromId": "!09d446b4",
  "toId": "^all"
}
============================================================
{
  "from": 164906676,
  "to": 4294967295,
  "decoded": {
    "portnum": "TELEMETRY_APP",
    "payload": "b'\\r.s\\x00\\x00\\x12\\x15\\x08e\\x15\\x9e\\xef\\x93@\\x1d\\x00\\x00\\x00\\x00%\\x00\\x00\\x00\\x00(\\xf0\\xe5\\x01'",
    "telemetry": {
      "time": 29486,
      "deviceMetrics": {
        "batteryLevel": 101,
        "voltage": 4.623,
        "channelUtilization": 0.0,
        "airUtilTx": 0.0,
        "uptimeSeconds": 29424
      },
      "raw": "time: 29486\ndevice_metrics {\n  battery_level: 101\n  voltage: 4.623\n  channel_utilization: 0\n  air_util_tx: 0\n  uptime_seconds: 29424\n}\n"
    }
  },
  "id": 1820307544,
  "hopLimit": 3,
  "priority": "BACKGROUND",
  "raw": "from: 164906676\nto: 4294967295\ndecoded {\n  portnum: TELEMETRY_APP\n  payload: \"\\r.s\\000\\000\\022\\025\\010e\\025\\236\\357\\223@\\035\\000\\000\\000\\000%\\000\\000\\000\\000(\\360\\345\\001\"\n}\nid: 1820307544\nhop_limit: 3\npriority: BACKGROUND\n",
  "fromId": "!09d446b4",
  "toId": "^all"
}
============================================================
{
  "from": 164906676,
  "to": 4294967295,
  "decoded": {
    "portnum": "TELEMETRY_APP",
    "payload": "b'\\rjs\\x00\\x00\\x12\\x15\\x08e\\x15\\xac\\x1c\\x92@\\x1d\\x00\\x00\\x00\\x00%\\x00\\x00\\x00\\x00(\\xac\\xe6\\x01'",
    "telemetry": {
      "time": 29546,
      "deviceMetrics": {
        "batteryLevel": 101,
        "voltage": 4.566,
        "channelUtilization": 0.0,
        "airUtilTx": 0.0,
        "uptimeSeconds": 29484
      },
      "raw": "time: 29546\ndevice_metrics {\n  battery_level: 101\n  voltage: 4.566\n  channel_utilization: 0\n  air_util_tx: 0\n  uptime_seconds: 29484\n}\n"
    }
  },
  "id": 2523889753,
  "hopLimit": 3,
  "priority": "BACKGROUND",
  "raw": "from: 164906676\nto: 4294967295\ndecoded {\n  portnum: TELEMETRY_APP\n  payload: \"\\rjs\\000\\000\\022\\025\\010e\\025\\254\\034\\222@\\035\\000\\000\\000\\000%\\000\\000\\000\\000(\\254\\346\\001\"\n}\nid: 2523889753\nhop_limit: 3\npriority: BACKGROUND\n",
  "fromId": "!09d446b4",
  "toId": "^all"
}
============================================================
{
  "from": 164906676,
  "to": 4294967295,
  "decoded": {
    "portnum": "TELEMETRY_APP",
    "payload": "b'\\r\\xa6s\\x00\\x00\\x12\\x15\\x08e\\x15\\xe3\\xa5\\x93@\\x1d\\x00\\x00\\x00\\x00%\\x00\\x00\\x00\\x00(\\xe8\\xe6\\x01'",
    "telemetry": {
      "time": 29606,
      "deviceMetrics": {
        "batteryLevel": 101,
        "voltage": 4.614,
        "channelUtilization": 0.0,
        "airUtilTx": 0.0,
        "uptimeSeconds": 29544
      },
      "raw": "time: 29606\ndevice_metrics {\n  battery_level: 101\n  voltage: 4.614\n  channel_utilization: 0\n  air_util_tx: 0\n  uptime_seconds: 29544\n}\n"
    }
  },
  "id": 443688026,
  "hopLimit": 3,
  "priority": "BACKGROUND",
  "raw": "from: 164906676\nto: 4294967295\ndecoded {\n  portnum: TELEMETRY_APP\n  payload: \"\\r\\246s\\000\\000\\022\\025\\010e\\025\\343\\245\\223@\\035\\000\\000\\000\\000%\\000\\000\\000\\000(\\350\\346\\001\"\n}\nid: 443688026\nhop_limit: 3\npriority: BACKGROUND\n",
  "fromId": "!09d446b4",
  "toId": "^all"
}
============================================================
{
  "from": 164906676,
  "to": 4294967295,
  "decoded": {
    "portnum": "TELEMETRY_APP",
    "payload": "b'\\r\\xe2s\\x00\\x00\\x12\\x15\\x08e\\x15F\\xb6\\x93@\\x1d\\x00\\x00\\x00\\x00%\\x00\\x00\\x00\\x00(\\xa4\\xe7\\x01'",
    "telemetry": {
      "time": 29666,
      "deviceMetrics": {
        "batteryLevel": 101,
        "voltage": 4.616,
        "channelUtilization": 0.0,
        "airUtilTx": 0.0,
        "uptimeSeconds": 29604
      },
      "raw": "time: 29666\ndevice_metrics {\n  battery_level: 101\n  voltage: 4.616\n  channel_utilization: 0\n  air_util_tx: 0\n  uptime_seconds: 29604\n}\n"
    }
  },
  "id": 94584923,
  "hopLimit": 3,
  "priority": "BACKGROUND",
  "raw": "from: 164906676\nto: 4294967295\ndecoded {\n  portnum: TELEMETRY_APP\n  payload: \"\\r\\342s\\000\\000\\022\\025\\010e\\025F\\266\\223@\\035\\000\\000\\000\\000%\\000\\000\\000\\000(\\244\\347\\001\"\n}\nid: 94584923\nhop_limit: 3\npriority: BACKGROUND\n",
  "fromId": "!09d446b4",
  "toId": "^all"
}
============================================================
{
  "from": 164906676,
  "to": 4294967295,
  "decoded": {
    "portnum": "TELEMETRY_APP",
    "payload": "b'\\r\\x1et\\x00\\x00\\x12\\x15\\x08e\\x15\\x14\\xae\\x93@\\x1d\\x00\\x00\\x00\\x00%\\x00\\x00\\x00\\x00(\\xe0\\xe7\\x01'",
    "telemetry": {
      "time": 29726,
      "deviceMetrics": {
        "batteryLevel": 101,
        "voltage": 4.615,
        "channelUtilization": 0.0,
        "airUtilTx": 0.0,
        "uptimeSeconds": 29664
      },
      "raw": "time: 29726\ndevice_metrics {\n  battery_level: 101\n  voltage: 4.615\n  channel_utilization: 0\n  air_util_tx: 0\n  uptime_seconds: 29664\n}\n"
    }
  },
  "id": 1429408860,
  "hopLimit": 3,
  "priority": "BACKGROUND",
  "raw": "from: 164906676\nto: 4294967295\ndecoded {\n  portnum: TELEMETRY_APP\n  payload: \"\\r\\036t\\000\\000\\022\\025\\010e\\025\\024\\256\\223@\\035\\000\\000\\000\\000%\\000\\000\\000\\000(\\340\\347\\001\"\n}\nid: 1429408860\nhop_limit: 3\npriority: BACKGROUND\n",
  "fromId": "!09d446b4",
  "toId": "^all"
}
============================================================
{
  "from": 164906676,
  "to": 4294967295,
  "decoded": {
    "portnum": "TELEMETRY_APP",
    "payload": "b'\\rZt\\x00\\x00\\x12\\x15\\x08e\\x15#\\xdb\\x91@\\x1d\\x00\\x00\\x00\\x00%\\x00\\x00\\x00\\x00(\\x9c\\xe8\\x01'",
    "telemetry": {
      "time": 29786,
      "deviceMetrics": {
        "batteryLevel": 101,
        "voltage": 4.558,
        "channelUtilization": 0.0,
        "airUtilTx": 0.0,
        "uptimeSeconds": 29724
      },
      "raw": "time: 29786\ndevice_metrics {\n  battery_level: 101\n  voltage: 4.558\n  channel_utilization: 0\n  air_util_tx: 0\n  uptime_seconds: 29724\n}\n"
    }
  },
  "id": 237973597,
  "hopLimit": 3,
  "priority": "BACKGROUND",
  "raw": "from: 164906676\nto: 4294967295\ndecoded {\n  portnum: TELEMETRY_APP\n  payload: \"\\rZt\\000\\000\\022\\025\\010e\\025#\\333\\221@\\035\\000\\000\\000\\000%\\000\\000\\000\\000(\\234\\350\\001\"\n}\nid: 237973597\nhop_limit: 3\npriority: BACKGROUND\n",
  "fromId": "!09d446b4",
  "toId": "^all"
}
============================================================
{
  "from": 164906676,
  "to": 4294967295,
  "decoded": {
    "portnum": "TELEMETRY_APP",
    "payload": "b\"\\r\\x96t\\x00\\x00\\x12\\x15\\x08e\\x15'1\\x94@\\x1d\\x00\\x00\\x00\\x00%\\x00\\x00\\x00\\x00(\\xd8\\xe8\\x01\"",
    "telemetry": {
      "time": 29846,
      "deviceMetrics": {
        "batteryLevel": 101,
        "voltage": 4.631,
        "channelUtilization": 0.0,
        "airUtilTx": 0.0,
        "uptimeSeconds": 29784
      },
      "raw": "time: 29846\ndevice_metrics {\n  battery_level: 101\n  voltage: 4.631\n  channel_utilization: 0\n  air_util_tx: 0\n  uptime_seconds: 29784\n}\n"
    }
  },
  "id": 2191956062,
  "hopLimit": 3,
  "priority": "BACKGROUND",
  "raw": "from: 164906676\nto: 4294967295\ndecoded {\n  portnum: TELEMETRY_APP\n  payload: \"\\r\\226t\\000\\000\\022\\025\\010e\\025\\'1\\224@\\035\\000\\000\\000\\000%\\000\\000\\000\\000(\\330\\350\\001\"\n}\nid: 2191956062\nhop_limit: 3\npriority: BACKGROUND\n",
  "fromId": "!09d446b4",
  "toId": "^all"
}
============================================================
{
  "from": 164906676,
  "to": 4294967295,
  "decoded": {
    "portnum": "TELEMETRY_APP",
    "payload": "b'\\r\\x96t\\x00\\x002\\x1f\\x08\\xd8\\xe8\\x01 \\x02(\\x030\\x03@\\x01`\\x90\\x99\\x0fh\\xd0\\xcf\\x04x\\x9c\\xff\\xff\\xff\\xff\\xff\\xff\\xff\\xff\\x01'",
    "telemetry": {
      "time": 29846,
      "localStats": {
        "uptimeSeconds": 29784,
        "numPacketsTx": 2,
        "numPacketsRx": 3,
        "numPacketsRxBad": 3,
        "numTotalNodes": 1,
        "heapTotalBytes": 248976,
        "heapFreeBytes": 75728,
        "noiseFloor": -100
      },
      "raw": "time: 29846\nlocal_stats {\n  uptime_seconds: 29784\n  num_packets_tx: 2\n  num_packets_rx: 3\n  num_packets_rx_bad: 3\n  num_total_nodes: 1\n  heap_total_bytes: 248976\n  heap_free_bytes: 75728\n  noise_floor: -100\n}\n"
    }
  },
  "id": 2267943007,
  "hopLimit": 3,
  "priority": "BACKGROUND",
  "raw": "from: 164906676\nto: 4294967295\ndecoded {\n  portnum: TELEMETRY_APP\n  payload: \"\\r\\226t\\000\\0002\\037\\010\\330\\350\\001 \\002(\\0030\\003@\\001`\\220\\231\\017h\\320\\317\\004x\\234\\377\\377\\377\\377\\377\\377\\377\\377\\001\"\n}\nid: 2267943007\nhop_limit: 3\npriority: BACKGROUND\n",
  "fromId": "!09d446b4",
  "toId": "^all"
}
============================================================
{
  "from": 164906676,
  "to": 4294967295,
  "decoded": {
    "portnum": "TELEMETRY_APP",
    "payload": "b'\\r\\xd2t\\x00\\x00\\x12\\x15\\x08e\\x15\\x12\\x83\\x94@\\x1d\\x00\\x00\\x00\\x00%\\x00\\x00\\x00\\x00(\\x94\\xe9\\x01'",
    "telemetry": {
      "time": 29906,
      "deviceMetrics": {
        "batteryLevel": 101,
        "voltage": 4.641,
        "channelUtilization": 0.0,
        "airUtilTx": 0.0,
        "uptimeSeconds": 29844
      },
      "raw": "time: 29906\ndevice_metrics {\n  battery_level: 101\n  voltage: 4.641\n  channel_utilization: 0\n  air_util_tx: 0\n  uptime_seconds: 29844\n}\n"
    }
  },
  "id": 269924448,
  "hopLimit": 3,
  "priority": "BACKGROUND",
  "raw": "from: 164906676\nto: 4294967295\ndecoded {\n  portnum: TELEMETRY_APP\n  payload: \"\\r\\322t\\000\\000\\022\\025\\010e\\025\\022\\203\\224@\\035\\000\\000\\000\\000%\\000\\000\\000\\000(\\224\\351\\001\"\n}\nid: 269924448\nhop_limit: 3\npriority: BACKGROUND\n",
  "fromId": "!09d446b4",
  "toId": "^all"
}
============================================================
{
  "from": 164906676,
  "to": 4294967295,
  "decoded": {
    "portnum": "TELEMETRY_APP",
    "payload": "b'\\r\\x0fu\\x00\\x00\\x12\\x15\\x08e\\x15\\x0e-\\x92@\\x1d\\x00\\x00\\x00\\x00%\\x00\\x00\\x00\\x00(\\xd0\\xe9\\x01'",
    "telemetry": {
      "time": 29967,
      "deviceMetrics": {
        "batteryLevel": 101,
        "voltage": 4.568,
        "channelUtilization": 0.0,
        "airUtilTx": 0.0,
        "uptimeSeconds": 29904
      },
      "raw": "time: 29967\ndevice_metrics {\n  battery_level: 101\n  voltage: 4.568\n  channel_utilization: 0\n  air_util_tx: 0\n  uptime_seconds: 29904\n}\n"
    }
  },
  "id": 4050459745,
  "hopLimit": 3,
  "priority": "BACKGROUND",
  "raw": "from: 164906676\nto: 4294967295\ndecoded {\n  portnum: TELEMETRY_APP\n  payload: \"\\r\\017u\\000\\000\\022\\025\\010e\\025\\016-\\222@\\035\\000\\000\\000\\000%\\000\\000\\000\\000(\\320\\351\\001\"\n}\nid: 4050459745\nhop_limit: 3\npriority: BACKGROUND\n",
  "fromId": "!09d446b4",
  "toId": "^all"
}
============================================================
{
  "from": 164906676,
  "to": 4294967295,
  "decoded": {
    "portnum": "TELEMETRY_APP",
    "payload": "b'\\rKu\\x00\\x00\\x12\\x15\\x08e\\x15\\xe3\\xa5\\x93@\\x1d\\x00\\x00\\x00\\x00%\\x00\\x00\\x00\\x00(\\x8c\\xea\\x01'",
    "telemetry": {
      "time": 30027,
      "deviceMetrics": {
        "batteryLevel": 101,
        "voltage": 4.614,
        "channelUtilization": 0.0,
        "airUtilTx": 0.0,
        "uptimeSeconds": 29964
      },
      "raw": "time: 30027\ndevice_metrics {\n  battery_level: 101\n  voltage: 4.614\n  channel_utilization: 0\n  air_util_tx: 0\n  uptime_seconds: 29964\n}\n"
    }
  },
  "id": 3290226786,
  "hopLimit": 3,
  "priority": "BACKGROUND",
  "raw": "from: 164906676\nto: 4294967295\ndecoded {\n  portnum: TELEMETRY_APP\n  payload: \"\\rKu\\000\\000\\022\\025\\010e\\025\\343\\245\\223@\\035\\000\\000\\000\\000%\\000\\000\\000\\000(\\214\\352\\001\"\n}\nid: 3290226786\nhop_limit: 3\npriority: BACKGROUND\n",
  "fromId": "!09d446b4",
  "toId": "^all"
}
============================================================
{
  "from": 164906676,
  "to": 4294967295,
  "decoded": {
    "portnum": "TELEMETRY_APP",
    "payload": "b'\\r\\x87u\\x00\\x00\\x12\\x15\\x08e\\x1533\\x93@\\x1d\\x00\\x00\\x00\\x00%\\x00\\x00\\x00\\x00(\\xc9\\xea\\x01'",
    "telemetry": {
      "time": 30087,
      "deviceMetrics": {
        "batteryLevel": 101,
        "voltage": 4.6,
        "channelUtilization": 0.0,
        "airUtilTx": 0.0,
        "uptimeSeconds": 30025
      },
      "raw": "time: 30087\ndevice_metrics {\n  battery_level: 101\n  voltage: 4.6\n  channel_utilization: 0\n  air_util_tx: 0\n  uptime_seconds: 30025\n}\n"
    }
  },
  "id": 798211171,
  "hopLimit": 3,
  "priority": "BACKGROUND",
  "raw": "from: 164906676\nto: 4294967295\ndecoded {\n  portnum: TELEMETRY_APP\n  payload: \"\\r\\207u\\000\\000\\022\\025\\010e\\02533\\223@\\035\\000\\000\\000\\000%\\000\\000\\000\\000(\\311\\352\\001\"\n}\nid: 798211171\nhop_limit: 3\npriority: BACKGROUND\n",
  "fromId": "!09d446b4",
  "toId": "^all"
}
============================================================
{
  "from": 164906676,
  "to": 4294967295,
  "decoded": {
    "portnum": "TELEMETRY_APP",
    "payload": "b'\\r\\xc3u\\x00\\x00\\x12\\x15\\x08e\\x15\\x10X\\x95@\\x1d\\x00\\x00\\x00\\x00%\\x00\\x00\\x00\\x00(\\x85\\xeb\\x01'",
    "telemetry": {
      "time": 30147,
      "deviceMetrics": {
        "batteryLevel": 101,
        "voltage": 4.667,
        "channelUtilization": 0.0,
        "airUtilTx": 0.0,
        "uptimeSeconds": 30085
      },
      "raw": "time: 30147\ndevice_metrics {\n  battery_level: 101\n  voltage: 4.667\n  channel_utilization: 0\n  air_util_tx: 0\n  uptime_seconds: 30085\n}\n"
    }
  },
  "id": 2448062564,
  "hopLimit": 3,
  "priority": "BACKGROUND",
  "raw": "from: 164906676\nto: 4294967295\ndecoded {\n  portnum: TELEMETRY_APP\n  payload: \"\\r\\303u\\000\\000\\022\\025\\010e\\025\\020X\\225@\\035\\000\\000\\000\\000%\\000\\000\\000\\000(\\205\\353\\001\"\n}\nid: 2448062564\nhop_limit: 3\npriority: BACKGROUND\n",
  "fromId": "!09d446b4",
  "toId": "^all"
}
============================================================
{
  "from": 164906676,
  "to": 4294967295,
  "decoded": {
    "portnum": "TELEMETRY_APP",
    "payload": "b'\\r\\xffu\\x00\\x00\\x12\\x15\\x08e\\x15\\xc3\\xf5\\x94@\\x1d\\x00\\x00\\x00\\x00%\\x00\\x00\\x00\\x00(\\xc1\\xeb\\x01'",
    "telemetry": {
      "time": 30207,
      "deviceMetrics": {
        "batteryLevel": 101,
        "voltage": 4.655,
        "channelUtilization": 0.0,
        "airUtilTx": 0.0,
        "uptimeSeconds": 30145
      },
      "raw": "time: 30207\ndevice_metrics {\n  battery_level: 101\n  voltage: 4.655\n  channel_utilization: 0\n  air_util_tx: 0\n  uptime_seconds: 30145\n}\n"
    }
  },
  "id": 1027816549,
  "hopLimit": 3,
  "priority": "BACKGROUND",
  "raw": "from: 164906676\nto: 4294967295\ndecoded {\n  portnum: TELEMETRY_APP\n  payload: \"\\r\\377u\\000\\000\\022\\025\\010e\\025\\303\\365\\224@\\035\\000\\000\\000\\000%\\000\\000\\000\\000(\\301\\353\\001\"\n}\nid: 1027816549\nhop_limit: 3\npriority: BACKGROUND\n",
  "fromId": "!09d446b4",
  "toId": "^all"
}
============================================================
{
  "from": 164906676,
  "to": 4294967295,
  "decoded": {
    "portnum": "TELEMETRY_APP",
    "payload": "b'\\r;v\\x00\\x00\\x12\\x15\\x08e\\x15\\xf6(\\x94@\\x1d\\x00\\x00\\x00\\x00%\\x00\\x00\\x00\\x00(\\xfd\\xeb\\x01'",
    "telemetry": {
      "time": 30267,
      "deviceMetrics": {
        "batteryLevel": 101,
        "voltage": 4.63,
        "channelUtilization": 0.0,
        "airUtilTx": 0.0,
        "uptimeSeconds": 30205
      },
      "raw": "time: 30267\ndevice_metrics {\n  battery_level: 101\n  voltage: 4.63\n  channel_utilization: 0\n  air_util_tx: 0\n  uptime_seconds: 30205\n}\n"
    }
  },
  "id": 422390886,
  "hopLimit": 3,
  "priority": "BACKGROUND",
  "raw": "from: 164906676\nto: 4294967295\ndecoded {\n  portnum: TELEMETRY_APP\n  payload: \"\\r;v\\000\\000\\022\\025\\010e\\025\\366(\\224@\\035\\000\\000\\000\\000%\\000\\000\\000\\000(\\375\\353\\001\"\n}\nid: 422390886\nhop_limit: 3\npriority: BACKGROUND\n",
  "fromId": "!09d446b4",
  "toId": "^all"
}
============================================================
{
  "from": 164906676,
  "to": 4294967295,
  "decoded": {
    "portnum": "TELEMETRY_APP",
    "payload": "b'\\rwv\\x00\\x00\\x12\\x15\\x08e\\x15q=\\x92@\\x1d\\x00\\x00\\x00\\x00%\\x00\\x00\\x00\\x00(\\xb9\\xec\\x01'",
    "telemetry": {
      "time": 30327,
      "deviceMetrics": {
        "batteryLevel": 101,
        "voltage": 4.57,
        "channelUtilization": 0.0,
        "airUtilTx": 0.0,
        "uptimeSeconds": 30265
      },
      "raw": "time: 30327\ndevice_metrics {\n  battery_level: 101\n  voltage: 4.57\n  channel_utilization: 0\n  air_util_tx: 0\n  uptime_seconds: 30265\n}\n"
    }
  },
  "id": 884363367,
  "hopLimit": 3,
  "priority": "BACKGROUND",
  "raw": "from: 164906676\nto: 4294967295\ndecoded {\n  portnum: TELEMETRY_APP\n  payload: \"\\rwv\\000\\000\\022\\025\\010e\\025q=\\222@\\035\\000\\000\\000\\000%\\000\\000\\000\\000(\\271\\354\\001\"\n}\nid: 884363367\nhop_limit: 3\npriority: BACKGROUND\n",
  "fromId": "!09d446b4",
  "toId": "^all"
}
============================================================
{
  "from": 164906676,
  "to": 4294967295,
  "decoded": {
    "portnum": "TELEMETRY_APP",
    "payload": "b'\\r\\xb3v\\x00\\x00\\x12\\x15\\x08e\\x15\\xcf\\xf7\\x93@\\x1d\\x00\\x00\\x00\\x00%\\x00\\x00\\x00\\x00(\\xf5\\xec\\x01'",
    "telemetry": {
      "time": 30387,
      "deviceMetrics": {
        "batteryLevel": 101,
        "voltage": 4.624,
        "channelUtilization": 0.0,
        "airUtilTx": 0.0,
        "uptimeSeconds": 30325
      },
      "raw": "time: 30387\ndevice_metrics {\n  battery_level: 101\n  voltage: 4.624\n  channel_utilization: 0\n  air_util_tx: 0\n  uptime_seconds: 30325\n}\n"
    }
  },
  "id": 2168878184,
  "hopLimit": 3,
  "priority": "BACKGROUND",
  "raw": "from: 164906676\nto: 4294967295\ndecoded {\n  portnum: TELEMETRY_APP\n  payload: \"\\r\\263v\\000\\000\\022\\025\\010e\\025\\317\\367\\223@\\035\\000\\000\\000\\000%\\000\\000\\000\\000(\\365\\354\\001\"\n}\nid: 2168878184\nhop_limit: 3\npriority: BACKGROUND\n",
  "fromId": "!09d446b4",
  "toId": "^all"
}
============================================================
{
  "from": 164906676,
  "to": 4294967295,
  "decoded": {
    "portnum": "TELEMETRY_APP",
    "payload": "b'\\r\\xefv\\x00\\x00\\x12\\x15\\x08e\\x15\\x00\\x00\\x94@\\x1d\\x00\\x00\\x00\\x00%\\x00\\x00\\x00\\x00(\\xb1\\xed\\x01'",
    "telemetry": {
      "time": 30447,
      "deviceMetrics": {
        "batteryLevel": 101,
        "voltage": 4.625,
        "channelUtilization": 0.0,
        "airUtilTx": 0.0,
        "uptimeSeconds": 30385
      },
      "raw": "time: 30447\ndevice_metrics {\n  battery_level: 101\n  voltage: 4.625\n  channel_utilization: 0\n  air_util_tx: 0\n  uptime_seconds: 30385\n}\n"
    }
  },
  "id": 4212300905,
  "hopLimit": 3,
  "priority": "BACKGROUND",
  "raw": "from: 164906676\nto: 4294967295\ndecoded {\n  portnum: TELEMETRY_APP\n  payload: \"\\r\\357v\\000\\000\\022\\025\\010e\\025\\000\\000\\224@\\035\\000\\000\\000\\000%\\000\\000\\000\\000(\\261\\355\\001\"\n}\nid: 4212300905\nhop_limit: 3\npriority: BACKGROUND\n",
  "fromId": "!09d446b4",
  "toId": "^all"
}
============================================================
{
  "from": 164906676,
  "to": 4294967295,
  "decoded": {
    "portnum": "TELEMETRY_APP",
    "payload": "b'\\r+w\\x00\\x00\\x12\\x15\\x08e\\x15\\xc9v\\x92@\\x1d\\x00\\x00\\x00\\x00%\\x00\\x00\\x00\\x00(\\xed\\xed\\x01'",
    "telemetry": {
      "time": 30507,
      "deviceMetrics": {
        "batteryLevel": 101,
        "voltage": 4.577,
        "channelUtilization": 0.0,
        "airUtilTx": 0.0,
        "uptimeSeconds": 30445
      },
      "raw": "time: 30507\ndevice_metrics {\n  battery_level: 101\n  voltage: 4.577\n  channel_utilization: 0\n  air_util_tx: 0\n  uptime_seconds: 30445\n}\n"
    }
  },
  "id": 3202155626,
  "hopLimit": 3,
  "priority": "BACKGROUND",
  "raw": "from: 164906676\nto: 4294967295\ndecoded {\n  portnum: TELEMETRY_APP\n  payload: \"\\r+w\\000\\000\\022\\025\\010e\\025\\311v\\222@\\035\\000\\000\\000\\000%\\000\\000\\000\\000(\\355\\355\\001\"\n}\nid: 3202155626\nhop_limit: 3\npriority: BACKGROUND\n",
  "fromId": "!09d446b4",
  "toId": "^all"
}
============================================================
{
  "from": 164906676,
  "to": 4294967295,
  "decoded": {
    "portnum": "TELEMETRY_APP",
    "payload": "b'\\rgw\\x00\\x00\\x12\\x15\\x08e\\x151\\x08\\x94@\\x1d\\x00\\x00\\x00\\x00%\\x00\\x00\\x00\\x00(\\xa9\\xee\\x01'",
    "telemetry": {
      "time": 30567,
      "deviceMetrics": {
        "batteryLevel": 101,
        "voltage": 4.626,
        "channelUtilization": 0.0,
        "airUtilTx": 0.0,
        "uptimeSeconds": 30505
      },
      "raw": "time: 30567\ndevice_metrics {\n  battery_level: 101\n  voltage: 4.626\n  channel_utilization: 0\n  air_util_tx: 0\n  uptime_seconds: 30505\n}\n"
    }
  },
  "id": 3188259947,
  "hopLimit": 3,
  "priority": "BACKGROUND",
  "raw": "from: 164906676\nto: 4294967295\ndecoded {\n  portnum: TELEMETRY_APP\n  payload: \"\\rgw\\000\\000\\022\\025\\010e\\0251\\010\\224@\\035\\000\\000\\000\\000%\\000\\000\\000\\000(\\251\\356\\001\"\n}\nid: 3188259947\nhop_limit: 3\npriority: BACKGROUND\n",
  "fromId": "!09d446b4",
  "toId": "^all"
}
============================================================
{
  "from": 164906676,
  "to": 4294967295,
  "decoded": {
    "portnum": "TELEMETRY_APP",
    "payload": "b'\\r\\xa3w\\x00\\x00\\x12\\x15\\x08e\\x15\\xe1z\\x94@\\x1d\\x00\\x00\\x00\\x00%\\x00\\x00\\x00\\x00(\\xe5\\xee\\x01'",
    "telemetry": {
      "time": 30627,
      "deviceMetrics": {
        "batteryLevel": 101,
        "voltage": 4.64,
        "channelUtilization": 0.0,
        "airUtilTx": 0.0,
        "uptimeSeconds": 30565
      },
      "raw": "time: 30627\ndevice_metrics {\n  battery_level: 101\n  voltage: 4.64\n  channel_utilization: 0\n  air_util_tx: 0\n  uptime_seconds: 30565\n}\n"
    }
  },
  "id": 1013606508,
  "hopLimit": 3,
  "priority": "BACKGROUND",
  "raw": "from: 164906676\nto: 4294967295\ndecoded {\n  portnum: TELEMETRY_APP\n  payload: \"\\r\\243w\\000\\000\\022\\025\\010e\\025\\341z\\224@\\035\\000\\000\\000\\000%\\000\\000\\000\\000(\\345\\356\\001\"\n}\nid: 1013606508\nhop_limit: 3\npriority: BACKGROUND\n",
  "fromId": "!09d446b4",
  "toId": "^all"
}
============================================================
{
  "from": 164906676,
  "to": 4294967295,
  "decoded": {
    "portnum": "TELEMETRY_APP",
    "payload": "b'\\r\\xdfw\\x00\\x00\\x12\\x15\\x08e\\x15\\x1b/\\x95@\\x1d\\x00\\x00\\x00\\x00%\\x00\\x00\\x00\\x00(\\xa1\\xef\\x01'",
    "telemetry": {
      "time": 30687,
      "deviceMetrics": {
        "batteryLevel": 101,
        "voltage": 4.662,
        "channelUtilization": 0.0,
        "airUtilTx": 0.0,
        "uptimeSeconds": 30625
      },
      "raw": "time: 30687\ndevice_metrics {\n  battery_level: 101\n  voltage: 4.662\n  channel_utilization: 0\n  air_util_tx: 0\n  uptime_seconds: 30625\n}\n"
    }
  },
  "id": 884278381,
  "hopLimit": 3,
  "priority": "BACKGROUND",
  "raw": "from: 164906676\nto: 4294967295\ndecoded {\n  portnum: TELEMETRY_APP\n  payload: \"\\r\\337w\\000\\000\\022\\025\\010e\\025\\033/\\225@\\035\\000\\000\\000\\000%\\000\\000\\000\\000(\\241\\357\\001\"\n}\nid: 884278381\nhop_limit: 3\npriority: BACKGROUND\n",
  "fromId": "!09d446b4",
  "toId": "^all"
}
============================================================
{
  "from": 164906676,
  "to": 4294967295,
  "decoded": {
    "portnum": "TELEMETRY_APP",
    "payload": "b'\\r\\x1bx\\x00\\x00\\x12\\x15\\x08e\\x15=\\n\\x93@\\x1d\\x00\\x00\\x00\\x00%\\x00\\x00\\x00\\x00(\\xdd\\xef\\x01'",
    "telemetry": {
      "time": 30747,
      "deviceMetrics": {
        "batteryLevel": 101,
        "voltage": 4.595,
        "channelUtilization": 0.0,
        "airUtilTx": 0.0,
        "uptimeSeconds": 30685
      },
      "raw": "time: 30747\ndevice_metrics {\n  battery_level: 101\n  voltage: 4.595\n  channel_utilization: 0\n  air_util_tx: 0\n  uptime_seconds: 30685\n}\n"
    }
  },
  "id": 63456366,
  "hopLimit": 3,
  "priority": "BACKGROUND",
  "raw": "from: 164906676\nto: 4294967295\ndecoded {\n  portnum: TELEMETRY_APP\n  payload: \"\\r\\033x\\000\\000\\022\\025\\010e\\025=\\n\\223@\\035\\000\\000\\000\\000%\\000\\000\\000\\000(\\335\\357\\001\"\n}\nid: 63456366\nhop_limit: 3\npriority: BACKGROUND\n",
  "fromId": "!09d446b4",
  "toId": "^all"
}
============================================================
{
  "from": 164906676,
  "to": 4294967295,
  "decoded": {
    "portnum": "TELEMETRY_APP",
    "payload": "b'\\r\\x1bx\\x00\\x002\\x1f\\x08\\xdd\\xef\\x01 \\x02(\\x030\\x03@\\x01`\\x90\\x99\\x0fh\\xd0\\xcf\\x04x\\x9c\\xff\\xff\\xff\\xff\\xff\\xff\\xff\\xff\\x01'",
    "telemetry": {
      "time": 30747,
      "localStats": {
        "uptimeSeconds": 30685,
        "numPacketsTx": 2,
        "numPacketsRx": 3,
        "numPacketsRxBad": 3,
        "numTotalNodes": 1,
        "heapTotalBytes": 248976,
        "heapFreeBytes": 75728,
        "noiseFloor": -100
      },
      "raw": "time: 30747\nlocal_stats {\n  uptime_seconds: 30685\n  num_packets_tx: 2\n  num_packets_rx: 3\n  num_packets_rx_bad: 3\n  num_total_nodes: 1\n  heap_total_bytes: 248976\n  heap_free_bytes: 75728\n  noise_floor: -100\n}\n"
    }
  },
  "id": 3652326511,
  "hopLimit": 3,
  "priority": "BACKGROUND",
  "raw": "from: 164906676\nto: 4294967295\ndecoded {\n  portnum: TELEMETRY_APP\n  payload: \"\\r\\033x\\000\\0002\\037\\010\\335\\357\\001 \\002(\\0030\\003@\\001`\\220\\231\\017h\\320\\317\\004x\\234\\377\\377\\377\\377\\377\\377\\377\\377\\001\"\n}\nid: 3652326511\nhop_limit: 3\npriority: BACKGROUND\n",
  "fromId": "!09d446b4",
  "toId": "^all"
}
============================================================
{
  "from": 164906676,
  "to": 4294967295,
  "decoded": {
    "portnum": "TELEMETRY_APP",
    "payload": "b'\\rWx\\x00\\x00\\x12\\x15\\x08e\\x15`\\xe5\\x94@\\x1d\\x00\\x00\\x00\\x00%\\x00\\x00\\x00\\x00(\\x99\\xf0\\x01'",
    "telemetry": {
      "time": 30807,
      "deviceMetrics": {
        "batteryLevel": 101,
        "voltage": 4.653,
        "channelUtilization": 0.0,
        "airUtilTx": 0.0,
        "uptimeSeconds": 30745
      },
      "raw": "time: 30807\ndevice_metrics {\n  battery_level: 101\n  voltage: 4.653\n  channel_utilization: 0\n  air_util_tx: 0\n  uptime_seconds: 30745\n}\n"
    }
  },
  "id": 3259314288,
  "hopLimit": 3,
  "priority": "BACKGROUND",
  "raw": "from: 164906676\nto: 4294967295\ndecoded {\n  portnum: TELEMETRY_APP\n  payload: \"\\rWx\\000\\000\\022\\025\\010e\\025`\\345\\224@\\035\\000\\000\\000\\000%\\000\\000\\000\\000(\\231\\360\\001\"\n}\nid: 3259314288\nhop_limit: 3\npriority: BACKGROUND\n",
  "fromId": "!09d446b4",
  "toId": "^all"
}
============================================================
{
  "from": 164906676,
  "to": 4294967295,
  "decoded": {
    "portnum": "TELEMETRY_APP",
    "payload": "b'\\r\\x93x\\x00\\x00\\x12\\x15\\x08e\\x15X9\\x94@\\x1d\\x00\\x00\\x00\\x00%\\x00\\x00\\x00\\x00(\\xd5\\xf0\\x01'",
    "telemetry": {
      "time": 30867,
      "deviceMetrics": {
        "batteryLevel": 101,
        "voltage": 4.632,
        "channelUtilization": 0.0,
        "airUtilTx": 0.0,
        "uptimeSeconds": 30805
      },
      "raw": "time: 30867\ndevice_metrics {\n  battery_level: 101\n  voltage: 4.632\n  channel_utilization: 0\n  air_util_tx: 0\n  uptime_seconds: 30805\n}\n"
    }
  },
  "id": 1378114673,
  "hopLimit": 3,
  "priority": "BACKGROUND",
  "raw": "from: 164906676\nto: 4294967295\ndecoded {\n  portnum: TELEMETRY_APP\n  payload: \"\\r\\223x\\000\\000\\022\\025\\010e\\025X9\\224@\\035\\000\\000\\000\\000%\\000\\000\\000\\000(\\325\\360\\001\"\n}\nid: 1378114673\nhop_limit: 3\npriority: BACKGROUND\n",
  "fromId": "!09d446b4",
  "toId": "^all"
}
============================================================
{
  "from": 164906676,
  "to": 4294967295,
  "decoded": {
    "portnum": "TELEMETRY_APP",
    "payload": "b'\\r\\xcfx\\x00\\x00\\x12\\x15\\x08e\\x15\\xb6\\xf3\\x95@\\x1d\\x00\\x00\\x00\\x00%\\x00\\x00\\x00\\x00(\\x91\\xf1\\x01'",
    "telemetry": {
      "time": 30927,
      "deviceMetrics": {
        "batteryLevel": 101,
        "voltage": 4.686,
        "channelUtilization": 0.0,
        "airUtilTx": 0.0,
        "uptimeSeconds": 30865
      },
      "raw": "time: 30927\ndevice_metrics {\n  battery_level: 101\n  voltage: 4.686\n  channel_utilization: 0\n  air_util_tx: 0\n  uptime_seconds: 30865\n}\n"
    }
  },
  "id": 4051662962,
  "hopLimit": 3,
  "priority": "BACKGROUND",
  "raw": "from: 164906676\nto: 4294967295\ndecoded {\n  portnum: TELEMETRY_APP\n  payload: \"\\r\\317x\\000\\000\\022\\025\\010e\\025\\266\\363\\225@\\035\\000\\000\\000\\000%\\000\\000\\000\\000(\\221\\361\\001\"\n}\nid: 4051662962\nhop_limit: 3\npriority: BACKGROUND\n",
  "fromId": "!09d446b4",
  "toId": "^all"
}
============================================================
{
  "from": 164906676,
  "to": 4294967295,
  "decoded": {
    "portnum": "TELEMETRY_APP",
    "payload": "b'\\r\\x0by\\x00\\x00\\x12\\x15\\x08e\\x15\\x14\\xae\\x93@\\x1d\\x00\\x00\\x00\\x00%\\x00\\x00\\x00\\x00(\\xcd\\xf1\\x01'",
    "telemetry": {
      "time": 30987,
      "deviceMetrics": {
        "batteryLevel": 101,
        "voltage": 4.615,
        "channelUtilization": 0.0,
        "airUtilTx": 0.0,
        "uptimeSeconds": 30925
      },
      "raw": "time: 30987\ndevice_metrics {\n  battery_level: 101\n  voltage: 4.615\n  channel_utilization: 0\n  air_util_tx: 0\n  uptime_seconds: 30925\n}\n"
    }
  },
  "id": 997138547,
  "hopLimit": 3,
  "priority": "BACKGROUND",
  "raw": "from: 164906676\nto: 4294967295\ndecoded {\n  portnum: TELEMETRY_APP\n  payload: \"\\r\\013y\\000\\000\\022\\025\\010e\\025\\024\\256\\223@\\035\\000\\000\\000\\000%\\000\\000\\000\\000(\\315\\361\\001\"\n}\nid: 997138547\nhop_limit: 3\npriority: BACKGROUND\n",
  "fromId": "!09d446b4",
  "toId": "^all"
}
============================================================
{
  "from": 164906676,
  "to": 4294967295,
  "decoded": {
    "portnum": "TELEMETRY_APP",
    "payload": "b'\\rGy\\x00\\x00\\x12\\x15\\x08e\\x15H\\xe1\\x92@\\x1d\\x00\\x00\\x00\\x00%\\x00\\x00\\x00\\x00(\\x89\\xf2\\x01'",
    "telemetry": {
      "time": 31047,
      "deviceMetrics": {
        "batteryLevel": 101,
        "voltage": 4.59,
        "channelUtilization": 0.0,
        "airUtilTx": 0.0,
        "uptimeSeconds": 30985
      },
      "raw": "time: 31047\ndevice_metrics {\n  battery_level: 101\n  voltage: 4.59\n  channel_utilization: 0\n  air_util_tx: 0\n  uptime_seconds: 30985\n}\n"
    }
  },
  "id": 2132489332,
  "hopLimit": 3,
  "priority": "BACKGROUND",
  "raw": "from: 164906676\nto: 4294967295\ndecoded {\n  portnum: TELEMETRY_APP\n  payload: \"\\rGy\\000\\000\\022\\025\\010e\\025H\\341\\222@\\035\\000\\000\\000\\000%\\000\\000\\000\\000(\\211\\362\\001\"\n}\nid: 2132489332\nhop_limit: 3\npriority: BACKGROUND\n",
  "fromId": "!09d446b4",
  "toId": "^all"
}
============================================================
{
  "from": 164906676,
  "to": 4294967295,
  "decoded": {
    "portnum": "TELEMETRY_APP",
    "payload": "b'\\r\\x83y\\x00\\x00\\x12\\x15\\x08e\\x15F\\xb6\\x93@\\x1d\\x00\\x00\\x00\\x00%\\x00\\x00\\x00\\x00(\\xc5\\xf2\\x01'",
    "telemetry": {
      "time": 31107,
      "deviceMetrics": {
        "batteryLevel": 101,
        "voltage": 4.616,
        "channelUtilization": 0.0,
        "airUtilTx": 0.0,
        "uptimeSeconds": 31045
      },
      "raw": "time: 31107\ndevice_metrics {\n  battery_level: 101\n  voltage: 4.616\n  channel_utilization: 0\n  air_util_tx: 0\n  uptime_seconds: 31045\n}\n"
    }
  },
  "id": 552859765,
  "hopLimit": 3,
  "priority": "BACKGROUND",
  "raw": "from: 164906676\nto: 4294967295\ndecoded {\n  portnum: TELEMETRY_APP\n  payload: \"\\r\\203y\\000\\000\\022\\025\\010e\\025F\\266\\223@\\035\\000\\000\\000\\000%\\000\\000\\000\\000(\\305\\362\\001\"\n}\nid: 552859765\nhop_limit: 3\npriority: BACKGROUND\n",
  "fromId": "!09d446b4",
  "toId": "^all"
}
============================================================
{
  "from": 164906676,
  "to": 4294967295,
  "decoded": {
    "portnum": "TELEMETRY_APP",
    "payload": "b'\\r\\xbfy\\x00\\x00\\x12\\x15\\x08e\\x15%\\x06\\x95@\\x1d\\x00\\x00\\x00\\x00%\\x00\\x00\\x00\\x00(\\x81\\xf3\\x01'",
    "telemetry": {
      "time": 31167,
      "deviceMetrics": {
        "batteryLevel": 101,
        "voltage": 4.657,
        "channelUtilization": 0.0,
        "airUtilTx": 0.0,
        "uptimeSeconds": 31105
      },
      "raw": "time: 31167\ndevice_metrics {\n  battery_level: 101\n  voltage: 4.657\n  channel_utilization: 0\n  air_util_tx: 0\n  uptime_seconds: 31105\n}\n"
    }
  },
  "id": 2411555958,
  "hopLimit": 3,
  "priority": "BACKGROUND",
  "raw": "from: 164906676\nto: 4294967295\ndecoded {\n  portnum: TELEMETRY_APP\n  payload: \"\\r\\277y\\000\\000\\022\\025\\010e\\025%\\006\\225@\\035\\000\\000\\000\\000%\\000\\000\\000\\000(\\201\\363\\001\"\n}\nid: 2411555958\nhop_limit: 3\npriority: BACKGROUND\n",
  "fromId": "!09d446b4",
  "toId": "^all"
}
============================================================
{
  "from": 164906676,
  "to": 4294967295,
  "decoded": {
    "portnum": "TELEMETRY_APP",
    "payload": "b'\\r\\xfby\\x00\\x00\\x12\\x15\\x08e\\x15\\xf8S\\x93@\\x1d\\x00\\x00\\x00\\x00%\\x00\\x00\\x00\\x00(\\xbd\\xf3\\x01'",
    "telemetry": {
      "time": 31227,
      "deviceMetrics": {
        "batteryLevel": 101,
        "voltage": 4.604,
        "channelUtilization": 0.0,
        "airUtilTx": 0.0,
        "uptimeSeconds": 31165
      },
      "raw": "time: 31227\ndevice_metrics {\n  battery_level: 101\n  voltage: 4.604\n  channel_utilization: 0\n  air_util_tx: 0\n  uptime_seconds: 31165\n}\n"
    }
  },
  "id": 1474931831,
  "hopLimit": 3,
  "priority": "BACKGROUND",
  "raw": "from: 164906676\nto: 4294967295\ndecoded {\n  portnum: TELEMETRY_APP\n  payload: \"\\r\\373y\\000\\000\\022\\025\\010e\\025\\370S\\223@\\035\\000\\000\\000\\000%\\000\\000\\000\\000(\\275\\363\\001\"\n}\nid: 1474931831\nhop_limit: 3\npriority: BACKGROUND\n",
  "fromId": "!09d446b4",
  "toId": "^all"
}
============================================================
{
  "from": 164906676,
  "to": 4294967295,
  "decoded": {
    "portnum": "TELEMETRY_APP",
    "payload": "b'\\r8z\\x00\\x00\\x12\\x15\\x08e\\x15\\x98n\\x92@\\x1d\\x00\\x00\\x00\\x00%\\x00\\x00\\x00\\x00(\\xf9\\xf3\\x01'",
    "telemetry": {
      "time": 31288,
      "deviceMetrics": {
        "batteryLevel": 101,
        "voltage": 4.576,
        "channelUtilization": 0.0,
        "airUtilTx": 0.0,
        "uptimeSeconds": 31225
      },
      "raw": "time: 31288\ndevice_metrics {\n  battery_level: 101\n  voltage: 4.576\n  channel_utilization: 0\n  air_util_tx: 0\n  uptime_seconds: 31225\n}\n"
    }
  },
  "id": 1426137208,
  "hopLimit": 3,
  "priority": "BACKGROUND",
  "raw": "from: 164906676\nto: 4294967295\ndecoded {\n  portnum: TELEMETRY_APP\n  payload: \"\\r8z\\000\\000\\022\\025\\010e\\025\\230n\\222@\\035\\000\\000\\000\\000%\\000\\000\\000\\000(\\371\\363\\001\"\n}\nid: 1426137208\nhop_limit: 3\npriority: BACKGROUND\n",
  "fromId": "!09d446b4",
  "toId": "^all"
}
============================================================
{
  "from": 164906676,
  "to": 4294967295,
  "decoded": {
    "portnum": "TELEMETRY_APP",
    "payload": "b'\\rtz\\x00\\x00\\x12\\x15\\x08e\\x15Nb\\x94@\\x1d\\x00\\x00\\x00\\x00%\\x00\\x00\\x00\\x00(\\xb5\\xf4\\x01'",
    "telemetry": {
      "time": 31348,
      "deviceMetrics": {
        "batteryLevel": 101,
        "voltage": 4.637,
        "channelUtilization": 0.0,
        "airUtilTx": 0.0,
        "uptimeSeconds": 31285
      },
      "raw": "time: 31348\ndevice_metrics {\n  battery_level: 101\n  voltage: 4.637\n  channel_utilization: 0\n  air_util_tx: 0\n  uptime_seconds: 31285\n}\n"
    }
  },
  "id": 2886463609,
  "hopLimit": 3,
  "priority": "BACKGROUND",
  "raw": "from: 164906676\nto: 4294967295\ndecoded {\n  portnum: TELEMETRY_APP\n  payload: \"\\rtz\\000\\000\\022\\025\\010e\\025Nb\\224@\\035\\000\\000\\000\\000%\\000\\000\\000\\000(\\265\\364\\001\"\n}\nid: 2886463609\nhop_limit: 3\npriority: BACKGROUND\n",
  "fromId": "!09d446b4",
  "toId": "^all"
}
============================================================
{
  "from": 164906676,
  "to": 4294967295,
  "decoded": {
    "portnum": "TELEMETRY_APP",
    "payload": "b'\\r\\xb0z\\x00\\x00\\x12\\x15\\x08e\\x15h\\x91\\x91@\\x1d\\x00\\x00\\x00\\x00%\\x00\\x00\\x00\\x00(\\xf2\\xf4\\x01'",
    "telemetry": {
      "time": 31408,
      "deviceMetrics": {
        "batteryLevel": 101,
        "voltage": 4.549,
        "channelUtilization": 0.0,
        "airUtilTx": 0.0,
        "uptimeSeconds": 31346
      },
      "raw": "time: 31408\ndevice_metrics {\n  battery_level: 101\n  voltage: 4.549\n  channel_utilization: 0\n  air_util_tx: 0\n  uptime_seconds: 31346\n}\n"
    }
  },
  "id": 3418701946,
  "hopLimit": 3,
  "priority": "BACKGROUND",
  "raw": "from: 164906676\nto: 4294967295\ndecoded {\n  portnum: TELEMETRY_APP\n  payload: \"\\r\\260z\\000\\000\\022\\025\\010e\\025h\\221\\221@\\035\\000\\000\\000\\000%\\000\\000\\000\\000(\\362\\364\\001\"\n}\nid: 3418701946\nhop_limit: 3\npriority: BACKGROUND\n",
  "fromId": "!09d446b4",
  "toId": "^all"
}
============================================================
{
  "from": 164906676,
  "to": 4294967295,
  "decoded": {
    "portnum": "TELEMETRY_APP",
    "payload": "b'\\r\\xecz\\x00\\x00\\x12\\x15\\x08e\\x15w\\xbe\\x93@\\x1d\\x00\\x00\\x00\\x00%\\x00\\x00\\x00\\x00(\\xae\\xf5\\x01'",
    "telemetry": {
      "time": 31468,
      "deviceMetrics": {
        "batteryLevel": 101,
        "voltage": 4.617,
        "channelUtilization": 0.0,
        "airUtilTx": 0.0,
        "uptimeSeconds": 31406
      },
      "raw": "time: 31468\ndevice_metrics {\n  battery_level: 101\n  voltage: 4.617\n  channel_utilization: 0\n  air_util_tx: 0\n  uptime_seconds: 31406\n}\n"
    }
  },
  "id": 236276859,
  "hopLimit": 3,
  "priority": "BACKGROUND",
  "raw": "from: 164906676\nto: 4294967295\ndecoded {\n  portnum: TELEMETRY_APP\n  payload: \"\\r\\354z\\000\\000\\022\\025\\010e\\025w\\276\\223@\\035\\000\\000\\000\\000%\\000\\000\\000\\000(\\256\\365\\001\"\n}\nid: 236276859\nhop_limit: 3\npriority: BACKGROUND\n",
  "fromId": "!09d446b4",
  "toId": "^all"
}
============================================================
{
  "from": 164906676,
  "to": 4294967295,
  "decoded": {
    "portnum": "TELEMETRY_APP",
    "payload": "b'\\r({\\x00\\x00\\x12\\x15\\x08e\\x15\\xe1z\\x94@\\x1d\\x00\\x00\\x00\\x00%\\x00\\x00\\x00\\x00(\\xea\\xf5\\x01'",
    "telemetry": {
      "time": 31528,
      "deviceMetrics": {
        "batteryLevel": 101,
        "voltage": 4.64,
        "channelUtilization": 0.0,
        "airUtilTx": 0.0,
        "uptimeSeconds": 31466
      },
      "raw": "time: 31528\ndevice_metrics {\n  battery_level: 101\n  voltage: 4.64\n  channel_utilization: 0\n  air_util_tx: 0\n  uptime_seconds: 31466\n}\n"
    }
  },
  "id": 3124303996,
  "hopLimit": 3,
  "priority": "BACKGROUND",
  "raw": "from: 164906676\nto: 4294967295\ndecoded {\n  portnum: TELEMETRY_APP\n  payload: \"\\r({\\000\\000\\022\\025\\010e\\025\\341z\\224@\\035\\000\\000\\000\\000%\\000\\000\\000\\000(\\352\\365\\001\"\n}\nid: 3124303996\nhop_limit: 3\npriority: BACKGROUND\n",
  "fromId": "!09d446b4",
  "toId": "^all"
}
============================================================
{
  "from": 164906676,
  "to": 4294967295,
  "decoded": {
    "portnum": "TELEMETRY_APP",
    "payload": "b'\\rd{\\x00\\x00\\x12\\x15\\x08e\\x15=\\n\\x93@\\x1d\\x00\\x00\\x00\\x00%\\x00\\x00\\x00\\x00(\\xa6\\xf6\\x01'",
    "telemetry": {
      "time": 31588,
      "deviceMetrics": {
        "batteryLevel": 101,
        "voltage": 4.595,
        "channelUtilization": 0.0,
        "airUtilTx": 0.0,
        "uptimeSeconds": 31526
      },
      "raw": "time: 31588\ndevice_metrics {\n  battery_level: 101\n  voltage: 4.595\n  channel_utilization: 0\n  air_util_tx: 0\n  uptime_seconds: 31526\n}\n"
    }
  },
  "id": 1975224445,
  "hopLimit": 3,
  "priority": "BACKGROUND",
  "raw": "from: 164906676\nto: 4294967295\ndecoded {\n  portnum: TELEMETRY_APP\n  payload: \"\\rd{\\000\\000\\022\\025\\010e\\025=\\n\\223@\\035\\000\\000\\000\\000%\\000\\000\\000\\000(\\246\\366\\001\"\n}\nid: 1975224445\nhop_limit: 3\npriority: BACKGROUND\n",
  "fromId": "!09d446b4",
  "toId": "^all"
}
============================================================
{
  "from": 164906676,
  "to": 4294967295,
  "decoded": {
    "portnum": "TELEMETRY_APP",
    "payload": "b'\\r\\xa0{\\x00\\x00\\x12\\x15\\x08e\\x15\\x89A\\x94@\\x1d\\x00\\x00\\x00\\x00%\\x00\\x00\\x00\\x00(\\xe2\\xf6\\x01'",
    "telemetry": {
      "time": 31648,
      "deviceMetrics": {
        "batteryLevel": 101,
        "voltage": 4.633,
        "channelUtilization": 0.0,
        "airUtilTx": 0.0,
        "uptimeSeconds": 31586
      },
      "raw": "time: 31648\ndevice_metrics {\n  battery_level: 101\n  voltage: 4.633\n  channel_utilization: 0\n  air_util_tx: 0\n  uptime_seconds: 31586\n}\n"
    }
  },
  "id": 3757646974,
  "hopLimit": 3,
  "priority": "BACKGROUND",
  "raw": "from: 164906676\nto: 4294967295\ndecoded {\n  portnum: TELEMETRY_APP\n  payload: \"\\r\\240{\\000\\000\\022\\025\\010e\\025\\211A\\224@\\035\\000\\000\\000\\000%\\000\\000\\000\\000(\\342\\366\\001\"\n}\nid: 3757646974\nhop_limit: 3\npriority: BACKGROUND\n",
  "fromId": "!09d446b4",
  "toId": "^all"
}
============================================================
{
  "from": 164906676,
  "to": 4294967295,
  "decoded": {
    "portnum": "TELEMETRY_APP",
    "payload": "b'\\r\\xa0{\\x00\\x002\\x1f\\x08\\xe2\\xf6\\x01 \\x02(\\x030\\x03@\\x01`\\x90\\x99\\x0fh\\xd0\\xcf\\x04x\\x9c\\xff\\xff\\xff\\xff\\xff\\xff\\xff\\xff\\x01'",
    "telemetry": {
      "time": 31648,
      "localStats": {
        "uptimeSeconds": 31586,
        "numPacketsTx": 2,
        "numPacketsRx": 3,
        "numPacketsRxBad": 3,
        "numTotalNodes": 1,
        "heapTotalBytes": 248976,
        "heapFreeBytes": 75728,
        "noiseFloor": -100
      },
      "raw": "time: 31648\nlocal_stats {\n  uptime_seconds: 31586\n  num_packets_tx: 2\n  num_packets_rx: 3\n  num_packets_rx_bad: 3\n  num_total_nodes: 1\n  heap_total_bytes: 248976\n  heap_free_bytes: 75728\n  noise_floor: -100\n}\n"
    }
  },
  "id": 138871935,
  "hopLimit": 3,
  "priority": "BACKGROUND",
  "raw": "from: 164906676\nto: 4294967295\ndecoded {\n  portnum: TELEMETRY_APP\n  payload: \"\\r\\240{\\000\\0002\\037\\010\\342\\366\\001 \\002(\\0030\\003@\\001`\\220\\231\\017h\\320\\317\\004x\\234\\377\\377\\377\\377\\377\\377\\377\\377\\001\"\n}\nid: 138871935\nhop_limit: 3\npriority: BACKGROUND\n",
  "fromId": "!09d446b4",
  "toId": "^all"
}
============================================================
{
  "from": 164906676,
  "to": 4294967295,
  "decoded": {
    "portnum": "TELEMETRY_APP",
    "payload": "b'\\r\\xdc{\\x00\\x00\\x12\\x15\\x08e\\x15\\xf0\\xa7\\x92@\\x1d\\x00\\x00\\x00\\x00%\\x00\\x00\\x00\\x00(\\x9e\\xf7\\x01'",
    "telemetry": {
      "time": 31708,
      "deviceMetrics": {
        "batteryLevel": 101,
        "voltage": 4.583,
        "channelUtilization": 0.0,
        "airUtilTx": 0.0,
        "uptimeSeconds": 31646
      },
      "raw": "time: 31708\ndevice_metrics {\n  battery_level: 101\n  voltage: 4.583\n  channel_utilization: 0\n  air_util_tx: 0\n  uptime_seconds: 31646\n}\n"
    }
  },
  "id": 3107713152,
  "hopLimit": 3,
  "priority": "BACKGROUND",
  "raw": "from: 164906676\nto: 4294967295\ndecoded {\n  portnum: TELEMETRY_APP\n  payload: \"\\r\\334{\\000\\000\\022\\025\\010e\\025\\360\\247\\222@\\035\\000\\000\\000\\000%\\000\\000\\000\\000(\\236\\367\\001\"\n}\nid: 3107713152\nhop_limit: 3\npriority: BACKGROUND\n",
  "fromId": "!09d446b4",
  "toId": "^all"
}
============================================================
{
  "from": 164906676,
  "to": 4294967295,
  "decoded": {
    "portnum": "TELEMETRY_APP",
    "payload": "b'\\r\\x18|\\x00\\x00\\x12\\x15\\x08e\\x15Nb\\x94@\\x1d\\x00\\x00\\x00\\x00%\\x00\\x00\\x00\\x00(\\xda\\xf7\\x01'",
    "telemetry": {
      "time": 31768,
      "deviceMetrics": {
        "batteryLevel": 101,
        "voltage": 4.637,
        "channelUtilization": 0.0,
        "airUtilTx": 0.0,
        "uptimeSeconds": 31706
      },
      "raw": "time: 31768\ndevice_metrics {\n  battery_level: 101\n  voltage: 4.637\n  channel_utilization: 0\n  air_util_tx: 0\n  uptime_seconds: 31706\n}\n"
    }
  },
  "id": 2776507521,
  "hopLimit": 3,
  "priority": "BACKGROUND",
  "raw": "from: 164906676\nto: 4294967295\ndecoded {\n  portnum: TELEMETRY_APP\n  payload: \"\\r\\030|\\000\\000\\022\\025\\010e\\025Nb\\224@\\035\\000\\000\\000\\000%\\000\\000\\000\\000(\\332\\367\\001\"\n}\nid: 2776507521\nhop_limit: 3\npriority: BACKGROUND\n",
  "fromId": "!09d446b4",
  "toId": "^all"
}
============================================================
{
  "from": 164906676,
  "to": 4294967295,
  "decoded": {
    "portnum": "TELEMETRY_APP",
    "payload": "b'\\rT|\\x00\\x00\\x12\\x15\\x08e\\x15\\xe1z\\x94@\\x1d\\x00\\x00\\x00\\x00%\\x00\\x00\\x00\\x00(\\x96\\xf8\\x01'",
    "telemetry": {
      "time": 31828,
      "deviceMetrics": {
        "batteryLevel": 101,
        "voltage": 4.64,
        "channelUtilization": 0.0,
        "airUtilTx": 0.0,
        "uptimeSeconds": 31766
      },
      "raw": "time: 31828\ndevice_metrics {\n  battery_level: 101\n  voltage: 4.64\n  channel_utilization: 0\n  air_util_tx: 0\n  uptime_seconds: 31766\n}\n"
    }
  },
  "id": 1548261506,
  "hopLimit": 3,
  "priority": "BACKGROUND",
  "raw": "from: 164906676\nto: 4294967295\ndecoded {\n  portnum: TELEMETRY_APP\n  payload: \"\\rT|\\000\\000\\022\\025\\010e\\025\\341z\\224@\\035\\000\\000\\000\\000%\\000\\000\\000\\000(\\226\\370\\001\"\n}\nid: 1548261506\nhop_limit: 3\npriority: BACKGROUND\n",
  "fromId": "!09d446b4",
  "toId": "^all"
}
============================================================
{
  "from": 164906676,
  "to": 4294967295,
  "decoded": {
    "portnum": "TELEMETRY_APP",
    "payload": "b'\\r\\x90|\\x00\\x00\\x12\\x15\\x08e\\x15\\\\\\x8f\\x92@\\x1d\\x00\\x00\\x00\\x00%\\x00\\x00\\x00\\x00(\\xd2\\xf8\\x01'",
    "telemetry": {
      "time": 31888,
      "deviceMetrics": {
        "batteryLevel": 101,
        "voltage": 4.58,
        "channelUtilization": 0.0,
        "airUtilTx": 0.0,
        "uptimeSeconds": 31826
      },
      "raw": "time: 31888\ndevice_metrics {\n  battery_level: 101\n  voltage: 4.58\n  channel_utilization: 0\n  air_util_tx: 0\n  uptime_seconds: 31826\n}\n"
    }
  },
  "id": 2178251907,
  "hopLimit": 3,
  "priority": "BACKGROUND",
  "raw": "from: 164906676\nto: 4294967295\ndecoded {\n  portnum: TELEMETRY_APP\n  payload: \"\\r\\220|\\000\\000\\022\\025\\010e\\025\\\\\\217\\222@\\035\\000\\000\\000\\000%\\000\\000\\000\\000(\\322\\370\\001\"\n}\nid: 2178251907\nhop_limit: 3\npriority: BACKGROUND\n",
  "fromId": "!09d446b4",
  "toId": "^all"
}
============================================================
{
  "from": 164906676,
  "to": 4294967295,
  "decoded": {
    "portnum": "TELEMETRY_APP",
    "payload": "b'\\r\\xcc|\\x00\\x00\\x12\\x15\\x08e\\x15\\x08\\xac\\x90@\\x1d\\x00\\x00\\x00\\x00%\\x00\\x00\\x00\\x00(\\x8e\\xf9\\x01'",
    "telemetry": {
      "time": 31948,
      "deviceMetrics": {
        "batteryLevel": 101,
        "voltage": 4.521,
        "channelUtilization": 0.0,
        "airUtilTx": 0.0,
        "uptimeSeconds": 31886
      },
      "raw": "time: 31948\ndevice_metrics {\n  battery_level: 101\n  voltage: 4.521\n  channel_utilization: 0\n  air_util_tx: 0\n  uptime_seconds: 31886\n}\n"
    }
  },
  "id": 104728708,
  "hopLimit": 3,
  "priority": "BACKGROUND",
  "raw": "from: 164906676\nto: 4294967295\ndecoded {\n  portnum: TELEMETRY_APP\n  payload: \"\\r\\314|\\000\\000\\022\\025\\010e\\025\\010\\254\\220@\\035\\000\\000\\000\\000%\\000\\000\\000\\000(\\216\\371\\001\"\n}\nid: 104728708\nhop_limit: 3\npriority: BACKGROUND\n",
  "fromId": "!09d446b4",
  "toId": "^all"
}
============================================================
{
  "from": 164906676,
  "to": 4294967295,
  "decoded": {
    "portnum": "TELEMETRY_APP",
    "payload": "b'\\r\\x08}\\x00\\x00\\x12\\x15\\x08e\\x15\\x83\\xc0\\x92@\\x1d\\x00\\x00\\x00\\x00%\\x00\\x00\\x00\\x00(\\xca\\xf9\\x01'",
    "telemetry": {
      "time": 32008,
      "deviceMetrics": {
        "batteryLevel": 101,
        "voltage": 4.586,
        "channelUtilization": 0.0,
        "airUtilTx": 0.0,
        "uptimeSeconds": 31946
      },
      "raw": "time: 32008\ndevice_metrics {\n  battery_level: 101\n  voltage: 4.586\n  channel_utilization: 0\n  air_util_tx: 0\n  uptime_seconds: 31946\n}\n"
    }
  },
  "id": 2315553925,
  "hopLimit": 3,
  "priority": "BACKGROUND",
  "raw": "from: 164906676\nto: 4294967295\ndecoded {\n  portnum: TELEMETRY_APP\n  payload: \"\\r\\010}\\000\\000\\022\\025\\010e\\025\\203\\300\\222@\\035\\000\\000\\000\\000%\\000\\000\\000\\000(\\312\\371\\001\"\n}\nid: 2315553925\nhop_limit: 3\npriority: BACKGROUND\n",
  "fromId": "!09d446b4",
  "toId": "^all"
}
============================================================
{
  "from": 164906676,
  "to": 4294967295,
  "decoded": {
    "portnum": "TELEMETRY_APP",
    "payload": "b'\\rD}\\x00\\x00\\x12\\x15\\x08e\\x15d;\\x93@\\x1d\\x00\\x00\\x00\\x00%\\x00\\x00\\x00\\x00(\\x86\\xfa\\x01'",
    "telemetry": {
      "time": 32068,
      "deviceMetrics": {
        "batteryLevel": 101,
        "voltage": 4.601,
        "channelUtilization": 0.0,
        "airUtilTx": 0.0,
        "uptimeSeconds": 32006
      },
      "raw": "time: 32068\ndevice_metrics {\n  battery_level: 101\n  voltage: 4.601\n  channel_utilization: 0\n  air_util_tx: 0\n  uptime_seconds: 32006\n}\n"
    }
  },
  "id": 2099795078,
  "hopLimit": 3,
  "priority": "BACKGROUND",
  "raw": "from: 164906676\nto: 4294967295\ndecoded {\n  portnum: TELEMETRY_APP\n  payload: \"\\rD}\\000\\000\\022\\025\\010e\\025d;\\223@\\035\\000\\000\\000\\000%\\000\\000\\000\\000(\\206\\372\\001\"\n}\nid: 2099795078\nhop_limit: 3\npriority: BACKGROUND\n",
  "fromId": "!09d446b4",
  "toId": "^all"
}
============================================================
{
  "from": 164906676,
  "to": 4294967295,
  "decoded": {
    "portnum": "TELEMETRY_APP",
    "payload": "b'\\r\\x80}\\x00\\x00\\x12\\x15\\x08e\\x15\\xb4\\xc8\\x92@\\x1d\\x00\\x00\\x00\\x00%\\x00\\x00\\x00\\x00(\\xc2\\xfa\\x01'",
    "telemetry": {
      "time": 32128,
      "deviceMetrics": {
        "batteryLevel": 101,
        "voltage": 4.587,
        "channelUtilization": 0.0,
        "airUtilTx": 0.0,
        "uptimeSeconds": 32066
      },
      "raw": "time: 32128\ndevice_metrics {\n  battery_level: 101\n  voltage: 4.587\n  channel_utilization: 0\n  air_util_tx: 0\n  uptime_seconds: 32066\n}\n"
    }
  },
  "id": 4092654727,
  "hopLimit": 3,
  "priority": "BACKGROUND",
  "raw": "from: 164906676\nto: 4294967295\ndecoded {\n  portnum: TELEMETRY_APP\n  payload: \"\\r\\200}\\000\\000\\022\\025\\010e\\025\\264\\310\\222@\\035\\000\\000\\000\\000%\\000\\000\\000\\000(\\302\\372\\001\"\n}\nid: 4092654727\nhop_limit: 3\npriority: BACKGROUND\n",
  "fromId": "!09d446b4",
  "toId": "^all"
}
============================================================
{
  "from": 164906676,
  "to": 4294967295,
  "decoded": {
    "portnum": "TELEMETRY_APP",
    "payload": "b'\\r\\xbc}\\x00\\x00\\x12\\x15\\x08e\\x15\\x96C\\x93@\\x1d\\x00\\x00\\x00\\x00%\\x00\\x00\\x00\\x00(\\xfe\\xfa\\x01'",
    "telemetry": {
      "time": 32188,
      "deviceMetrics": {
        "batteryLevel": 101,
        "voltage": 4.602,
        "channelUtilization": 0.0,
        "airUtilTx": 0.0,
        "uptimeSeconds": 32126
      },
      "raw": "time: 32188\ndevice_metrics {\n  battery_level: 101\n  voltage: 4.602\n  channel_utilization: 0\n  air_util_tx: 0\n  uptime_seconds: 32126\n}\n"
    }
  },
  "id": 607879304,
  "hopLimit": 3,
  "priority": "BACKGROUND",
  "raw": "from: 164906676\nto: 4294967295\ndecoded {\n  portnum: TELEMETRY_APP\n  payload: \"\\r\\274}\\000\\000\\022\\025\\010e\\025\\226C\\223@\\035\\000\\000\\000\\000%\\000\\000\\000\\000(\\376\\372\\001\"\n}\nid: 607879304\nhop_limit: 3\npriority: BACKGROUND\n",
  "fromId": "!09d446b4",
  "toId": "^all"
}
============================================================
{
  "from": 164906676,
  "to": 4294967295,
  "decoded": {
    "portnum": "TELEMETRY_APP",
    "payload": "b'\\r\\xf8}\\x00\\x00\\x12\\x15\\x08e\\x15\\xb0r\\x94@\\x1d\\x00\\x00\\x00\\x00%\\x00\\x00\\x00\\x00(\\xba\\xfb\\x01'",
    "telemetry": {
      "time": 32248,
      "deviceMetrics": {
        "batteryLevel": 101,
        "voltage": 4.639,
        "channelUtilization": 0.0,
        "airUtilTx": 0.0,
        "uptimeSeconds": 32186
      },
      "raw": "time: 32248\ndevice_metrics {\n  battery_level: 101\n  voltage: 4.639\n  channel_utilization: 0\n  air_util_tx: 0\n  uptime_seconds: 32186\n}\n"
    }
  },
  "id": 1338435721,
  "hopLimit": 3,
  "priority": "BACKGROUND",
  "raw": "from: 164906676\nto: 4294967295\ndecoded {\n  portnum: TELEMETRY_APP\n  payload: \"\\r\\370}\\000\\000\\022\\025\\010e\\025\\260r\\224@\\035\\000\\000\\000\\000%\\000\\000\\000\\000(\\272\\373\\001\"\n}\nid: 1338435721\nhop_limit: 3\npriority: BACKGROUND\n",
  "fromId": "!09d446b4",
  "toId": "^all"
}
============================================================
{
  "from": 164906676,
  "to": 4294967295,
  "decoded": {
    "portnum": "TELEMETRY_APP",
    "payload": "b'\\r4~\\x00\\x00\\x12\\x15\\x08e\\x15)\\\\\\x93@\\x1d\\x00\\x00\\x00\\x00%\\x00\\x00\\x00\\x00(\\xf6\\xfb\\x01'",
    "telemetry": {
      "time": 32308,
      "deviceMetrics": {
        "batteryLevel": 101,
        "voltage": 4.605,
        "channelUtilization": 0.0,
        "airUtilTx": 0.0,
        "uptimeSeconds": 32246
      },
      "raw": "time: 32308\ndevice_metrics {\n  battery_level: 101\n  voltage: 4.605\n  channel_utilization: 0\n  air_util_tx: 0\n  uptime_seconds: 32246\n}\n"
    }
  },
  "id": 544968842,
  "hopLimit": 3,
  "priority": "BACKGROUND",
  "raw": "from: 164906676\nto: 4294967295\ndecoded {\n  portnum: TELEMETRY_APP\n  payload: \"\\r4~\\000\\000\\022\\025\\010e\\025)\\\\\\223@\\035\\000\\000\\000\\000%\\000\\000\\000\\000(\\366\\373\\001\"\n}\nid: 544968842\nhop_limit: 3\npriority: BACKGROUND\n",
  "fromId": "!09d446b4",
  "toId": "^all"
}
============================================================
{
  "from": 164906676,
  "to": 4294967295,
  "decoded": {
    "portnum": "TELEMETRY_APP",
    "payload": "b'\\rp~\\x00\\x00\\x12\\x15\\x08e\\x15m\\xe7\\x93@\\x1d\\x00\\x00\\x00\\x00%\\x00\\x00\\x00\\x00(\\xb2\\xfc\\x01'",
    "telemetry": {
      "time": 32368,
      "deviceMetrics": {
        "batteryLevel": 101,
        "voltage": 4.622,
        "channelUtilization": 0.0,
        "airUtilTx": 0.0,
        "uptimeSeconds": 32306
      },
      "raw": "time: 32368\ndevice_metrics {\n  battery_level: 101\n  voltage: 4.622\n  channel_utilization: 0\n  air_util_tx: 0\n  uptime_seconds: 32306\n}\n"
    }
  },
  "id": 802759819,
  "hopLimit": 3,
  "priority": "BACKGROUND",
  "raw": "from: 164906676\nto: 4294967295\ndecoded {\n  portnum: TELEMETRY_APP\n  payload: \"\\rp~\\000\\000\\022\\025\\010e\\025m\\347\\223@\\035\\000\\000\\000\\000%\\000\\000\\000\\000(\\262\\374\\001\"\n}\nid: 802759819\nhop_limit: 3\npriority: BACKGROUND\n",
  "fromId": "!09d446b4",
  "toId": "^all"
}
============================================================
{
  "from": 164906676,
  "to": 4294967295,
  "decoded": {
    "portnum": "TELEMETRY_APP",
    "payload": "b'\\r\\xac~\\x00\\x00\\x12\\x15\\x08e\\x15h\\x91\\x91@\\x1d\\x00\\x00\\x00\\x00%\\x00\\x00\\x00\\x00(\\xee\\xfc\\x01'",
    "telemetry": {
      "time": 32428,
      "deviceMetrics": {
        "batteryLevel": 101,
        "voltage": 4.549,
        "channelUtilization": 0.0,
        "airUtilTx": 0.0,
        "uptimeSeconds": 32366
      },
      "raw": "time: 32428\ndevice_metrics {\n  battery_level: 101\n  voltage: 4.549\n  channel_utilization: 0\n  air_util_tx: 0\n  uptime_seconds: 32366\n}\n"
    }
  },
  "id": 3490557068,
  "hopLimit": 3,
  "priority": "BACKGROUND",
  "raw": "from: 164906676\nto: 4294967295\ndecoded {\n  portnum: TELEMETRY_APP\n  payload: \"\\r\\254~\\000\\000\\022\\025\\010e\\025h\\221\\221@\\035\\000\\000\\000\\000%\\000\\000\\000\\000(\\356\\374\\001\"\n}\nid: 3490557068\nhop_limit: 3\npriority: BACKGROUND\n",
  "fromId": "!09d446b4",
  "toId": "^all"
}
============================================================
{
  "from": 164906676,
  "to": 4294967295,
  "decoded": {
    "portnum": "TELEMETRY_APP",
    "payload": "b'\\r\\xe8~\\x00\\x00\\x12\\x15\\x08e\\x15\\xbct\\x93@\\x1d\\x00\\x00\\x00\\x00%\\x00\\x00\\x00\\x00(\\xaa\\xfd\\x01'",
    "telemetry": {
      "time": 32488,
      "deviceMetrics": {
        "batteryLevel": 101,
        "voltage": 4.608,
        "channelUtilization": 0.0,
        "airUtilTx": 0.0,
        "uptimeSeconds": 32426
      },
      "raw": "time: 32488\ndevice_metrics {\n  battery_level: 101\n  voltage: 4.608\n  channel_utilization: 0\n  air_util_tx: 0\n  uptime_seconds: 32426\n}\n"
    }
  },
  "id": 1774893197,
  "hopLimit": 3,
  "priority": "BACKGROUND",
  "raw": "from: 164906676\nto: 4294967295\ndecoded {\n  portnum: TELEMETRY_APP\n  payload: \"\\r\\350~\\000\\000\\022\\025\\010e\\025\\274t\\223@\\035\\000\\000\\000\\000%\\000\\000\\000\\000(\\252\\375\\001\"\n}\nid: 1774893197\nhop_limit: 3\npriority: BACKGROUND\n",
  "fromId": "!09d446b4",
  "toId": "^all"
}
============================================================
{
  "from": 164906676,
  "to": 4294967295,
  "decoded": {
    "portnum": "TELEMETRY_APP",
    "payload": "b'\\r%\\x7f\\x00\\x00\\x12\\x15\\x08e\\x15\\xe1z\\x94@\\x1d\\xda@\\xd7?%\\x82\\x9a\\xe5<(\\xe6\\xfd\\x01'",
    "telemetry": {
      "time": 32549,
      "deviceMetrics": {
        "batteryLevel": 101,
        "voltage": 4.64,
        "channelUtilization": 1.6816666,
        "airUtilTx": 0.028027777,
        "uptimeSeconds": 32486
      },
      "raw": "time: 32549\ndevice_metrics {\n  battery_level: 101\n  voltage: 4.64\n  channel_utilization: 1.68166661\n  air_util_tx: 0.0280277766\n  uptime_seconds: 32486\n}\n"
    }
  },
  "id": 3424582799,
  "hopLimit": 3,
  "priority": "BACKGROUND",
  "raw": "from: 164906676\nto: 4294967295\ndecoded {\n  portnum: TELEMETRY_APP\n  payload: \"\\r%\\177\\000\\000\\022\\025\\010e\\025\\341z\\224@\\035\\332@\\327?%\\202\\232\\345<(\\346\\375\\001\"\n}\nid: 3424582799\nhop_limit: 3\npriority: BACKGROUND\n",
  "fromId": "!09d446b4",
  "toId": "^all"
}
============================================================
{
  "from": 164906676,
  "to": 4294967295,
  "decoded": {
    "portnum": "TELEMETRY_APP",
    "payload": "b'\\r%\\x7f\\x00\\x002)\\x08\\xe6\\xfd\\x01\\x15\\xda@\\xd7?\\x1d\\x82\\x9a\\xe5< \\x03(\\x030\\x03@\\x01`\\x90\\x99\\x0fh\\xd0\\xcf\\x04x\\x9c\\xff\\xff\\xff\\xff\\xff\\xff\\xff\\xff\\x01'",
    "telemetry": {
      "time": 32549,
      "localStats": {
        "uptimeSeconds": 32486,
        "channelUtilization": 1.6816666,
        "airUtilTx": 0.028027777,
        "numPacketsTx": 3,
        "numPacketsRx": 3,
        "numPacketsRxBad": 3,
        "numTotalNodes": 1,
        "heapTotalBytes": 248976,
        "heapFreeBytes": 75728,
        "noiseFloor": -100
      },
      "raw": "time: 32549\nlocal_stats {\n  uptime_seconds: 32486\n  channel_utilization: 1.68166661\n  air_util_tx: 0.0280277766\n  num_packets_tx: 3\n  num_packets_rx: 3\n  num_packets_rx_bad: 3\n  num_total_nodes: 1\n  heap_total_bytes: 248976\n  heap_free_bytes: 75728\n  noise_floor: -100\n}\n"
    }
  },
  "id": 3017031824,
  "hopLimit": 3,
  "priority": "BACKGROUND",
  "raw": "from: 164906676\nto: 4294967295\ndecoded {\n  portnum: TELEMETRY_APP\n  payload: \"\\r%\\177\\000\\0002)\\010\\346\\375\\001\\025\\332@\\327?\\035\\202\\232\\345< \\003(\\0030\\003@\\001`\\220\\231\\017h\\320\\317\\004x\\234\\377\\377\\377\\377\\377\\377\\377\\377\\001\"\n}\nid: 3017031824\nhop_limit: 3\npriority: BACKGROUND\n",
  "fromId": "!09d446b4",
  "toId": "^all"
}
============================================================
{
  "from": 164906676,
  "to": 4294967295,
  "decoded": {
    "portnum": "TELEMETRY_APP",
    "payload": "b'\\ra\\x7f\\x00\\x00\\x12\\x15\\x08e\\x15\\xa0\\x1a\\x93@\\x1d\\x00\\x00\\x00\\x00%\\x82\\x9a\\xe5<(\\xa2\\xfe\\x01'",
    "telemetry": {
      "time": 32609,
      "deviceMetrics": {
        "batteryLevel": 101,
        "voltage": 4.597,
        "channelUtilization": 0.0,
        "airUtilTx": 0.028027777,
        "uptimeSeconds": 32546
      },
      "raw": "time: 32609\ndevice_metrics {\n  battery_level: 101\n  voltage: 4.597\n  channel_utilization: 0\n  air_util_tx: 0.0280277766\n  uptime_seconds: 32546\n}\n"
    }
  },
  "id": 495355025,
  "hopLimit": 3,
  "priority": "BACKGROUND",
  "raw": "from: 164906676\nto: 4294967295\ndecoded {\n  portnum: TELEMETRY_APP\n  payload: \"\\ra\\177\\000\\000\\022\\025\\010e\\025\\240\\032\\223@\\035\\000\\000\\000\\000%\\202\\232\\345<(\\242\\376\\001\"\n}\nid: 495355025\nhop_limit: 3\npriority: BACKGROUND\n",
  "fromId": "!09d446b4",
  "toId": "^all"
}
============================================================
{
  "from": 164906676,
  "to": 4294967295,
  "decoded": {
    "portnum": "TELEMETRY_APP",
    "payload": "b'\\r\\x9d\\x7f\\x00\\x00\\x12\\x15\\x08e\\x15J\\x0c\\x92@\\x1d\\x00\\x00\\x00\\x00%\\x82\\x9a\\xe5<(\\xdf\\xfe\\x01'",
    "telemetry": {
      "time": 32669,
      "deviceMetrics": {
        "batteryLevel": 101,
        "voltage": 4.564,
        "channelUtilization": 0.0,
        "airUtilTx": 0.028027777,
        "uptimeSeconds": 32607
      },
      "raw": "time: 32669\ndevice_metrics {\n  battery_level: 101\n  voltage: 4.564\n  channel_utilization: 0\n  air_util_tx: 0.0280277766\n  uptime_seconds: 32607\n}\n"
    }
  },
  "id": 927961234,
  "hopLimit": 3,
  "priority": "BACKGROUND",
  "raw": "from: 164906676\nto: 4294967295\ndecoded {\n  portnum: TELEMETRY_APP\n  payload: \"\\r\\235\\177\\000\\000\\022\\025\\010e\\025J\\014\\222@\\035\\000\\000\\000\\000%\\202\\232\\345<(\\337\\376\\001\"\n}\nid: 927961234\nhop_limit: 3\npriority: BACKGROUND\n",
  "fromId": "!09d446b4",
  "toId": "^all"
}
============================================================
{
  "from": 164906676,
  "to": 4294967295,
  "decoded": {
    "portnum": "TELEMETRY_APP",
    "payload": "b'\\r\\xd9\\x7f\\x00\\x00\\x12\\x15\\x08e\\x15\\x9e\\xef\\x93@\\x1d\\x00\\x00\\x00\\x00%\\x82\\x9a\\xe5<(\\x9b\\xff\\x01'",
    "telemetry": {
      "time": 32729,
      "deviceMetrics": {
        "batteryLevel": 101,
        "voltage": 4.623,
        "channelUtilization": 0.0,
        "airUtilTx": 0.028027777,
        "uptimeSeconds": 32667
      },
      "raw": "time: 32729\ndevice_metrics {\n  battery_level: 101\n  voltage: 4.623\n  channel_utilization: 0\n  air_util_tx: 0.0280277766\n  uptime_seconds: 32667\n}\n"
    }
  },
  "id": 966187155,
  "hopLimit": 3,
  "priority": "BACKGROUND",
  "raw": "from: 164906676\nto: 4294967295\ndecoded {\n  portnum: TELEMETRY_APP\n  payload: \"\\r\\331\\177\\000\\000\\022\\025\\010e\\025\\236\\357\\223@\\035\\000\\000\\000\\000%\\202\\232\\345<(\\233\\377\\001\"\n}\nid: 966187155\nhop_limit: 3\npriority: BACKGROUND\n",
  "fromId": "!09d446b4",
  "toId": "^all"
}
============================================================
{
  "from": 164906676,
  "to": 4294967295,
  "decoded": {
    "portnum": "TELEMETRY_APP",
    "payload": "b'\\r\\x15\\x80\\x00\\x00\\x12\\x15\\x08e\\x15\\xd9\\xce\\x93@\\x1d\\x00\\x00\\x00\\x00%\\x82\\x9a\\xe5<(\\xd7\\xff\\x01'",
    "telemetry": {
      "time": 32789,
      "deviceMetrics": {
        "batteryLevel": 101,
        "voltage": 4.619,
        "channelUtilization": 0.0,
        "airUtilTx": 0.028027777,
        "uptimeSeconds": 32727
      },
      "raw": "time: 32789\ndevice_metrics {\n  battery_level: 101\n  voltage: 4.619\n  channel_utilization: 0\n  air_util_tx: 0.0280277766\n  uptime_seconds: 32727\n}\n"
    }
  },
  "id": 1467360404,
  "hopLimit": 3,
  "priority": "BACKGROUND",
  "raw": "from: 164906676\nto: 4294967295\ndecoded {\n  portnum: TELEMETRY_APP\n  payload: \"\\r\\025\\200\\000\\000\\022\\025\\010e\\025\\331\\316\\223@\\035\\000\\000\\000\\000%\\202\\232\\345<(\\327\\377\\001\"\n}\nid: 1467360404\nhop_limit: 3\npriority: BACKGROUND\n",
  "fromId": "!09d446b4",
  "toId": "^all"
}
============================================================
{
  "from": 164906676,
  "to": 4294967295,
  "decoded": {
    "portnum": "TELEMETRY_APP",
    "payload": "b'\\rQ\\x80\\x00\\x00\\x12\\x15\\x08e\\x15\\x98n\\x92@\\x1d\\x00\\x00\\x00\\x00%\\x82\\x9a\\xe5<(\\x93\\x80\\x02'",
    "telemetry": {
      "time": 32849,
      "deviceMetrics": {
        "batteryLevel": 101,
        "voltage": 4.576,
        "channelUtilization": 0.0,
        "airUtilTx": 0.028027777,
        "uptimeSeconds": 32787
      },
      "raw": "time: 32849\ndevice_metrics {\n  battery_level: 101\n  voltage: 4.576\n  channel_utilization: 0\n  air_util_tx: 0.0280277766\n  uptime_seconds: 32787\n}\n"
    }
  },
  "id": 565170325,
  "hopLimit": 3,
  "priority": "BACKGROUND",
  "raw": "from: 164906676\nto: 4294967295\ndecoded {\n  portnum: TELEMETRY_APP\n  payload: \"\\rQ\\200\\000\\000\\022\\025\\010e\\025\\230n\\222@\\035\\000\\000\\000\\000%\\202\\232\\345<(\\223\\200\\002\"\n}\nid: 565170325\nhop_limit: 3\npriority: BACKGROUND\n",
  "fromId": "!09d446b4",
  "toId": "^all"
}
============================================================
{
  "from": 164906676,
  "to": 4294967295,
  "decoded": {
    "portnum": "TELEMETRY_APP",
    "payload": "b'\\r\\x8d\\x80\\x00\\x00\\x12\\x15\\x08e\\x15\\xbct\\x93@\\x1d\\x00\\x00\\x00\\x00%\\x82\\x9a\\xe5<(\\xcf\\x80\\x02'",
    "telemetry": {
      "time": 32909,
      "deviceMetrics": {
        "batteryLevel": 101,
        "voltage": 4.608,
        "channelUtilization": 0.0,
        "airUtilTx": 0.028027777,
        "uptimeSeconds": 32847
      },
      "raw": "time: 32909\ndevice_metrics {\n  battery_level: 101\n  voltage: 4.608\n  channel_utilization: 0\n  air_util_tx: 0.0280277766\n  uptime_seconds: 32847\n}\n"
    }
  },
  "id": 4072524950,
  "hopLimit": 3,
  "priority": "BACKGROUND",
  "raw": "from: 164906676\nto: 4294967295\ndecoded {\n  portnum: TELEMETRY_APP\n  payload: \"\\r\\215\\200\\000\\000\\022\\025\\010e\\025\\274t\\223@\\035\\000\\000\\000\\000%\\202\\232\\345<(\\317\\200\\002\"\n}\nid: 4072524950\nhop_limit: 3\npriority: BACKGROUND\n",
  "fromId": "!09d446b4",
  "toId": "^all"
}
============================================================
{
  "from": 164906676,
  "to": 4294967295,
  "decoded": {
    "portnum": "TELEMETRY_APP",
    "payload": "b'\\r\\xc9\\x80\\x00\\x00\\x12\\x15\\x08e\\x15\\x87\\x16\\x95@\\x1d\\x00\\x00\\x00\\x00%\\x82\\x9a\\xe5<(\\x8b\\x81\\x02'",
    "telemetry": {
      "time": 32969,
      "deviceMetrics": {
        "batteryLevel": 101,
        "voltage": 4.659,
        "channelUtilization": 0.0,
        "airUtilTx": 0.028027777,
        "uptimeSeconds": 32907
      },
      "raw": "time: 32969\ndevice_metrics {\n  battery_level: 101\n  voltage: 4.659\n  channel_utilization: 0\n  air_util_tx: 0.0280277766\n  uptime_seconds: 32907\n}\n"
    }
  },
  "id": 3424026775,
  "hopLimit": 3,
  "priority": "BACKGROUND",
  "raw": "from: 164906676\nto: 4294967295\ndecoded {\n  portnum: TELEMETRY_APP\n  payload: \"\\r\\311\\200\\000\\000\\022\\025\\010e\\025\\207\\026\\225@\\035\\000\\000\\000\\000%\\202\\232\\345<(\\213\\201\\002\"\n}\nid: 3424026775\nhop_limit: 3\npriority: BACKGROUND\n",
  "fromId": "!09d446b4",
  "toId": "^all"
}
============================================================
{
  "from": 164906676,
  "to": 4294967295,
  "decoded": {
    "portnum": "TELEMETRY_APP",
    "payload": "b'\\r\\x05\\x81\\x00\\x00\\x12\\x15\\x08e\\x15\\x81\\x95\\x93@\\x1d\\x00\\x00\\x00\\x00%\\x82\\x9a\\xe5<(\\xc7\\x81\\x02'",
    "telemetry": {
      "time": 33029,
      "deviceMetrics": {
        "batteryLevel": 101,
        "voltage": 4.612,
        "channelUtilization": 0.0,
        "airUtilTx": 0.028027777,
        "uptimeSeconds": 32967
      },
      "raw": "time: 33029\ndevice_metrics {\n  battery_level: 101\n  voltage: 4.612\n  channel_utilization: 0\n  air_util_tx: 0.0280277766\n  uptime_seconds: 32967\n}\n"
    }
  },
  "id": 4137598104,
  "hopLimit": 3,
  "priority": "BACKGROUND",
  "raw": "from: 164906676\nto: 4294967295\ndecoded {\n  portnum: TELEMETRY_APP\n  payload: \"\\r\\005\\201\\000\\000\\022\\025\\010e\\025\\201\\225\\223@\\035\\000\\000\\000\\000%\\202\\232\\345<(\\307\\201\\002\"\n}\nid: 4137598104\nhop_limit: 3\npriority: BACKGROUND\n",
  "fromId": "!09d446b4",
  "toId": "^all"
}
============================================================
{
  "from": 164906676,
  "to": 4294967295,
  "decoded": {
    "portnum": "TELEMETRY_APP",
    "payload": "b'\\rA\\x81\\x00\\x00\\x12\\x15\\x08e\\x15\\\\\\x8f\\x92@\\x1d\\x00\\x00\\x00\\x00%\\x82\\x9a\\xe5<(\\x83\\x82\\x02'",
    "telemetry": {
      "time": 33089,
      "deviceMetrics": {
        "batteryLevel": 101,
        "voltage": 4.58,
        "channelUtilization": 0.0,
        "airUtilTx": 0.028027777,
        "uptimeSeconds": 33027
      },
      "raw": "time: 33089\ndevice_metrics {\n  battery_level: 101\n  voltage: 4.58\n  channel_utilization: 0\n  air_util_tx: 0.0280277766\n  uptime_seconds: 33027\n}\n"
    }
  },
  "id": 1769860249,
  "hopLimit": 3,
  "priority": "BACKGROUND",
  "raw": "from: 164906676\nto: 4294967295\ndecoded {\n  portnum: TELEMETRY_APP\n  payload: \"\\rA\\201\\000\\000\\022\\025\\010e\\025\\\\\\217\\222@\\035\\000\\000\\000\\000%\\202\\232\\345<(\\203\\202\\002\"\n}\nid: 1769860249\nhop_limit: 3\npriority: BACKGROUND\n",
  "fromId": "!09d446b4",
  "toId": "^all"
}
============================================================
{
  "from": 164906676,
  "to": 4294967295,
  "decoded": {
    "portnum": "TELEMETRY_APP",
    "payload": "b'\\r}\\x81\\x00\\x00\\x12\\x15\\x08e\\x15\\xc7K\\x93@\\x1d\\x00\\x00\\x00\\x00%\\x82\\x9a\\xe5<(\\xbf\\x82\\x02'",
    "telemetry": {
      "time": 33149,
      "deviceMetrics": {
        "batteryLevel": 101,
        "voltage": 4.603,
        "channelUtilization": 0.0,
        "airUtilTx": 0.028027777,
        "uptimeSeconds": 33087
      },
      "raw": "time: 33149\ndevice_metrics {\n  battery_level: 101\n  voltage: 4.603\n  channel_utilization: 0\n  air_util_tx: 0.0280277766\n  uptime_seconds: 33087\n}\n"
    }
  },
  "id": 1364501658,
  "hopLimit": 3,
  "priority": "BACKGROUND",
  "raw": "from: 164906676\nto: 4294967295\ndecoded {\n  portnum: TELEMETRY_APP\n  payload: \"\\r}\\201\\000\\000\\022\\025\\010e\\025\\307K\\223@\\035\\000\\000\\000\\000%\\202\\232\\345<(\\277\\202\\002\"\n}\nid: 1364501658\nhop_limit: 3\npriority: BACKGROUND\n",
  "fromId": "!09d446b4",
  "toId": "^all"
}
============================================================
{
  "from": 164906676,
  "to": 4294967295,
  "decoded": {
    "portnum": "TELEMETRY_APP",
    "payload": "b'\\r\\xb9\\x81\\x00\\x00\\x12\\x15\\x08e\\x15\\xe1z\\x94@\\x1d\\x00\\x00\\x00\\x00%\\x82\\x9a\\xe5<(\\xfb\\x82\\x02'",
    "telemetry": {
      "time": 33209,
      "deviceMetrics": {
        "batteryLevel": 101,
        "voltage": 4.64,
        "channelUtilization": 0.0,
        "airUtilTx": 0.028027777,
        "uptimeSeconds": 33147
      },
      "raw": "time: 33209\ndevice_metrics {\n  battery_level: 101\n  voltage: 4.64\n  channel_utilization: 0\n  air_util_tx: 0.0280277766\n  uptime_seconds: 33147\n}\n"
    }
  },
  "id": 4257168539,
  "hopLimit": 3,
  "priority": "BACKGROUND",
  "raw": "from: 164906676\nto: 4294967295\ndecoded {\n  portnum: TELEMETRY_APP\n  payload: \"\\r\\271\\201\\000\\000\\022\\025\\010e\\025\\341z\\224@\\035\\000\\000\\000\\000%\\202\\232\\345<(\\373\\202\\002\"\n}\nid: 4257168539\nhop_limit: 3\npriority: BACKGROUND\n",
  "fromId": "!09d446b4",
  "toId": "^all"
}
============================================================
{
  "from": 164906676,
  "to": 4294967295,
  "decoded": {
    "portnum": "TELEMETRY_APP",
    "payload": "b'\\r\\xf5\\x81\\x00\\x00\\x12\\x15\\x08e\\x15\\xd3M\\x92@\\x1d\\x00\\x00\\x00\\x00%\\x82\\x9a\\xe5<(\\xb7\\x83\\x02'",
    "telemetry": {
      "time": 33269,
      "deviceMetrics": {
        "batteryLevel": 101,
        "voltage": 4.572,
        "channelUtilization": 0.0,
        "airUtilTx": 0.028027777,
        "uptimeSeconds": 33207
      },
      "raw": "time: 33269\ndevice_metrics {\n  battery_level: 101\n  voltage: 4.572\n  channel_utilization: 0\n  air_util_tx: 0.0280277766\n  uptime_seconds: 33207\n}\n"
    }
  },
  "id": 2600207516,
  "hopLimit": 3,
  "priority": "BACKGROUND",
  "raw": "from: 164906676\nto: 4294967295\ndecoded {\n  portnum: TELEMETRY_APP\n  payload: \"\\r\\365\\201\\000\\000\\022\\025\\010e\\025\\323M\\222@\\035\\000\\000\\000\\000%\\202\\232\\345<(\\267\\203\\002\"\n}\nid: 2600207516\nhop_limit: 3\npriority: BACKGROUND\n",
  "fromId": "!09d446b4",
  "toId": "^all"
}
============================================================
{
  "from": 164906676,
  "to": 4294967295,
  "decoded": {
    "portnum": "TELEMETRY_APP",
    "payload": "b'\\r1\\x82\\x00\\x00\\x12\\x15\\x08e\\x151\\x08\\x94@\\x1d\\x00\\x00\\x00\\x00%\\x82\\x9a\\xe5<(\\xf3\\x83\\x02'",
    "telemetry": {
      "time": 33329,
      "deviceMetrics": {
        "batteryLevel": 101,
        "voltage": 4.626,
        "channelUtilization": 0.0,
        "airUtilTx": 0.028027777,
        "uptimeSeconds": 33267
      },
      "raw": "time: 33329\ndevice_metrics {\n  battery_level: 101\n  voltage: 4.626\n  channel_utilization: 0\n  air_util_tx: 0.0280277766\n  uptime_seconds: 33267\n}\n"
    }
  },
  "id": 2455992477,
  "hopLimit": 3,
  "priority": "BACKGROUND",
  "raw": "from: 164906676\nto: 4294967295\ndecoded {\n  portnum: TELEMETRY_APP\n  payload: \"\\r1\\202\\000\\000\\022\\025\\010e\\0251\\010\\224@\\035\\000\\000\\000\\000%\\202\\232\\345<(\\363\\203\\002\"\n}\nid: 2455992477\nhop_limit: 3\npriority: BACKGROUND\n",
  "fromId": "!09d446b4",
  "toId": "^all"
}
============================================================
{
  "from": 164906676,
  "to": 4294967295,
  "decoded": {
    "portnum": "TELEMETRY_APP",
    "payload": "b'\\rm\\x82\\x00\\x00\\x12\\x15\\x08e\\x15;\\xdf\\x93@\\x1d\\x00\\x00\\x00\\x00%\\x82\\x9a\\xe5<(\\xaf\\x84\\x02'",
    "telemetry": {
      "time": 33389,
      "deviceMetrics": {
        "batteryLevel": 101,
        "voltage": 4.621,
        "channelUtilization": 0.0,
        "airUtilTx": 0.028027777,
        "uptimeSeconds": 33327
      },
      "raw": "time: 33389\ndevice_metrics {\n  battery_level: 101\n  voltage: 4.621\n  channel_utilization: 0\n  air_util_tx: 0.0280277766\n  uptime_seconds: 33327\n}\n"
    }
  },
  "id": 3814056094,
  "hopLimit": 3,
  "priority": "BACKGROUND",
  "raw": "from: 164906676\nto: 4294967295\ndecoded {\n  portnum: TELEMETRY_APP\n  payload: \"\\rm\\202\\000\\000\\022\\025\\010e\\025;\\337\\223@\\035\\000\\000\\000\\000%\\202\\232\\345<(\\257\\204\\002\"\n}\nid: 3814056094\nhop_limit: 3\npriority: BACKGROUND\n",
  "fromId": "!09d446b4",
  "toId": "^all"
}
============================================================
{
  "from": 164906676,
  "to": 4294967295,
  "decoded": {
    "portnum": "TELEMETRY_APP",
    "payload": "b'\\r\\xa9\\x82\\x00\\x00\\x12\\x15\\x08e\\x15?5\\x92@\\x1d\\x00\\x00\\x00\\x00%\\x82\\x9a\\xe5<(\\xeb\\x84\\x02'",
    "telemetry": {
      "time": 33449,
      "deviceMetrics": {
        "batteryLevel": 101,
        "voltage": 4.569,
        "channelUtilization": 0.0,
        "airUtilTx": 0.028027777,
        "uptimeSeconds": 33387
      },
      "raw": "time: 33449\ndevice_metrics {\n  battery_level: 101\n  voltage: 4.569\n  channel_utilization: 0\n  air_util_tx: 0.0280277766\n  uptime_seconds: 33387\n}\n"
    }
  },
  "id": 1043076255,
  "hopLimit": 3,
  "priority": "BACKGROUND",
  "raw": "from: 164906676\nto: 4294967295\ndecoded {\n  portnum: TELEMETRY_APP\n  payload: \"\\r\\251\\202\\000\\000\\022\\025\\010e\\025?5\\222@\\035\\000\\000\\000\\000%\\202\\232\\345<(\\353\\204\\002\"\n}\nid: 1043076255\nhop_limit: 3\npriority: BACKGROUND\n",
  "fromId": "!09d446b4",
  "toId": "^all"
}
============================================================
{
  "from": 164906676,
  "to": 4294967295,
  "decoded": {
    "portnum": "TELEMETRY_APP",
    "payload": "b'\\r\\xa9\\x82\\x00\\x002$\\x08\\xeb\\x84\\x02\\x1d\\x82\\x9a\\xe5< \\x03(\\x030\\x03@\\x01`\\x90\\x99\\x0fh\\xd0\\xcf\\x04x\\x9c\\xff\\xff\\xff\\xff\\xff\\xff\\xff\\xff\\x01'",
    "telemetry": {
      "time": 33449,
      "localStats": {
        "uptimeSeconds": 33387,
        "airUtilTx": 0.028027777,
        "numPacketsTx": 3,
        "numPacketsRx": 3,
        "numPacketsRxBad": 3,
        "numTotalNodes": 1,
        "heapTotalBytes": 248976,
        "heapFreeBytes": 75728,
        "noiseFloor": -100
      },
      "raw": "time: 33449\nlocal_stats {\n  uptime_seconds: 33387\n  air_util_tx: 0.0280277766\n  num_packets_tx: 3\n  num_packets_rx: 3\n  num_packets_rx_bad: 3\n  num_total_nodes: 1\n  heap_total_bytes: 248976\n  heap_free_bytes: 75728\n  noise_floor: -100\n}\n"
    }
  },
  "id": 2479560864,
  "hopLimit": 3,
  "priority": "BACKGROUND",
  "raw": "from: 164906676\nto: 4294967295\ndecoded {\n  portnum: TELEMETRY_APP\n  payload: \"\\r\\251\\202\\000\\0002$\\010\\353\\204\\002\\035\\202\\232\\345< \\003(\\0030\\003@\\001`\\220\\231\\017h\\320\\317\\004x\\234\\377\\377\\377\\377\\377\\377\\377\\377\\001\"\n}\nid: 2479560864\nhop_limit: 3\npriority: BACKGROUND\n",
  "fromId": "!09d446b4",
  "toId": "^all"
}
============================================================
{
  "from": 164906676,
  "to": 4294967295,
  "decoded": {
    "portnum": "TELEMETRY_APP",
    "payload": "b'\\r\\xe5\\x82\\x00\\x00\\x12\\x15\\x08e\\x15\\xaa\\xf1\\x92@\\x1d\\x00\\x00\\x00\\x00%\\x82\\x9a\\xe5<(\\xa7\\x85\\x02'",
    "telemetry": {
      "time": 33509,
      "deviceMetrics": {
        "batteryLevel": 101,
        "voltage": 4.592,
        "channelUtilization": 0.0,
        "airUtilTx": 0.028027777,
        "uptimeSeconds": 33447
      },
      "raw": "time: 33509\ndevice_metrics {\n  battery_level: 101\n  voltage: 4.592\n  channel_utilization: 0\n  air_util_tx: 0.0280277766\n  uptime_seconds: 33447\n}\n"
    }
  },
  "id": 75964577,
  "hopLimit": 3,
  "priority": "BACKGROUND",
  "raw": "from: 164906676\nto: 4294967295\ndecoded {\n  portnum: TELEMETRY_APP\n  payload: \"\\r\\345\\202\\000\\000\\022\\025\\010e\\025\\252\\361\\222@\\035\\000\\000\\000\\000%\\202\\232\\345<(\\247\\205\\002\"\n}\nid: 75964577\nhop_limit: 3\npriority: BACKGROUND\n",
  "fromId": "!09d446b4",
  "toId": "^all"
}
============================================================
{
  "from": 164906676,
  "to": 4294967295,
  "decoded": {
    "portnum": "TELEMETRY_APP",
    "payload": "b'\\r!\\x83\\x00\\x00\\x12\\x15\\x08e\\x15\\xc9v\\x92@\\x1d\\x00\\x00\\x00\\x00%\\x82\\x9a\\xe5<(\\xe3\\x85\\x02'",
    "telemetry": {
      "time": 33569,
      "deviceMetrics": {
        "batteryLevel": 101,
        "voltage": 4.577,
        "channelUtilization": 0.0,
        "airUtilTx": 0.028027777,
        "uptimeSeconds": 33507
      },
      "raw": "time: 33569\ndevice_metrics {\n  battery_level: 101\n  voltage: 4.577\n  channel_utilization: 0\n  air_util_tx: 0.0280277766\n  uptime_seconds: 33507\n}\n"
    }
  },
  "id": 2124364962,
  "hopLimit": 3,
  "priority": "BACKGROUND",
  "raw": "from: 164906676\nto: 4294967295\ndecoded {\n  portnum: TELEMETRY_APP\n  payload: \"\\r!\\203\\000\\000\\022\\025\\010e\\025\\311v\\222@\\035\\000\\000\\000\\000%\\202\\232\\345<(\\343\\205\\002\"\n}\nid: 2124364962\nhop_limit: 3\npriority: BACKGROUND\n",
  "fromId": "!09d446b4",
  "toId": "^all"
}
============================================================
{
  "from": 164906676,
  "to": 4294967295,
  "decoded": {
    "portnum": "TELEMETRY_APP",
    "payload": "b'\\r]\\x83\\x00\\x00\\x12\\x15\\x08e\\x15\\xfe\\xd4\\x94@\\x1d\\x00\\x00\\x00\\x00%\\x82\\x9a\\xe5<(\\x9f\\x86\\x02'",
    "telemetry": {
      "time": 33629,
      "deviceMetrics": {
        "batteryLevel": 101,
        "voltage": 4.651,
        "channelUtilization": 0.0,
        "airUtilTx": 0.028027777,
        "uptimeSeconds": 33567
      },
      "raw": "time: 33629\ndevice_metrics {\n  battery_level: 101\n  voltage: 4.651\n  channel_utilization: 0\n  air_util_tx: 0.0280277766\n  uptime_seconds: 33567\n}\n"
    }
  },
  "id": 3553123491,
  "hopLimit": 3,
  "priority": "BACKGROUND",
  "raw": "from: 164906676\nto: 4294967295\ndecoded {\n  portnum: TELEMETRY_APP\n  payload: \"\\r]\\203\\000\\000\\022\\025\\010e\\025\\376\\324\\224@\\035\\000\\000\\000\\000%\\202\\232\\345<(\\237\\206\\002\"\n}\nid: 3553123491\nhop_limit: 3\npriority: BACKGROUND\n",
  "fromId": "!09d446b4",
  "toId": "^all"
}
============================================================
{
  "from": 164906676,
  "to": 4294967295,
  "decoded": {
    "portnum": "TELEMETRY_APP",
    "payload": "b'\\r\\x99\\x83\\x00\\x00\\x12\\x15\\x08e\\x15X9\\x94@\\x1d\\x00\\x00\\x00\\x00%\\x82\\x9a\\xe5<(\\xdb\\x86\\x02'",
    "telemetry": {
      "time": 33689,
      "deviceMetrics": {
        "batteryLevel": 101,
        "voltage": 4.632,
        "channelUtilization": 0.0,
        "airUtilTx": 0.028027777,
        "uptimeSeconds": 33627
      },
      "raw": "time: 33689\ndevice_metrics {\n  battery_level: 101\n  voltage: 4.632\n  channel_utilization: 0\n  air_util_tx: 0.0280277766\n  uptime_seconds: 33627\n}\n"
    }
  },
  "id": 1746878628,
  "hopLimit": 3,
  "priority": "BACKGROUND",
  "raw": "from: 164906676\nto: 4294967295\ndecoded {\n  portnum: TELEMETRY_APP\n  payload: \"\\r\\231\\203\\000\\000\\022\\025\\010e\\025X9\\224@\\035\\000\\000\\000\\000%\\202\\232\\345<(\\333\\206\\002\"\n}\nid: 1746878628\nhop_limit: 3\npriority: BACKGROUND\n",
  "fromId": "!09d446b4",
  "toId": "^all"
}
============================================================
{
  "from": 164906676,
  "to": 4294967295,
  "decoded": {
    "portnum": "TELEMETRY_APP",
    "payload": "b'\\r\\xd5\\x83\\x00\\x00\\x12\\x15\\x08e\\x15\\x85\\xeb\\x91@\\x1d\\x00\\x00\\x00\\x00%\\x82\\x9a\\xe5<(\\x97\\x87\\x02'",
    "telemetry": {
      "time": 33749,
      "deviceMetrics": {
        "batteryLevel": 101,
        "voltage": 4.56,
        "channelUtilization": 0.0,
        "airUtilTx": 0.028027777,
        "uptimeSeconds": 33687
      },
      "raw": "time: 33749\ndevice_metrics {\n  battery_level: 101\n  voltage: 4.56\n  channel_utilization: 0\n  air_util_tx: 0.0280277766\n  uptime_seconds: 33687\n}\n"
    }
  },
  "id": 1547014309,
  "hopLimit": 3,
  "priority": "BACKGROUND",
  "raw": "from: 164906676\nto: 4294967295\ndecoded {\n  portnum: TELEMETRY_APP\n  payload: \"\\r\\325\\203\\000\\000\\022\\025\\010e\\025\\205\\353\\221@\\035\\000\\000\\000\\000%\\202\\232\\345<(\\227\\207\\002\"\n}\nid: 1547014309\nhop_limit: 3\npriority: BACKGROUND\n",
  "fromId": "!09d446b4",
  "toId": "^all"
}
============================================================
{
  "from": 164906676,
  "to": 4294967295,
  "decoded": {
    "portnum": "TELEMETRY_APP",
    "payload": "b'\\r\\x12\\x84\\x00\\x00\\x12\\x15\\x08e\\x1533\\x93@\\x1d\\x00\\x00\\x00\\x00%\\x82\\x9a\\xe5<(\\xd3\\x87\\x02'",
    "telemetry": {
      "time": 33810,
      "deviceMetrics": {
        "batteryLevel": 101,
        "voltage": 4.6,
        "channelUtilization": 0.0,
        "airUtilTx": 0.028027777,
        "uptimeSeconds": 33747
      },
      "raw": "time: 33810\ndevice_metrics {\n  battery_level: 101\n  voltage: 4.6\n  channel_utilization: 0\n  air_util_tx: 0.0280277766\n  uptime_seconds: 33747\n}\n"
    }
  },
  "id": 161195174,
  "hopLimit": 3,
  "priority": "BACKGROUND",
  "raw": "from: 164906676\nto: 4294967295\ndecoded {\n  portnum: TELEMETRY_APP\n  payload: \"\\r\\022\\204\\000\\000\\022\\025\\010e\\02533\\223@\\035\\000\\000\\000\\000%\\202\\232\\345<(\\323\\207\\002\"\n}\nid: 161195174\nhop_limit: 3\npriority: BACKGROUND\n",
  "fromId": "!09d446b4",
  "toId": "^all"
}
============================================================
{
  "from": 164906676,
  "to": 4294967295,
  "decoded": {
    "portnum": "TELEMETRY_APP",
    "payload": "b'\\rN\\x84\\x00\\x00\\x12\\x15\\x08e\\x15d;\\x93@\\x1d\\x00\\x00\\x00\\x00%\\x82\\x9a\\xe5<(\\x8f\\x88\\x02'",
    "telemetry": {
      "time": 33870,
      "deviceMetrics": {
        "batteryLevel": 101,
        "voltage": 4.601,
        "channelUtilization": 0.0,
        "airUtilTx": 0.028027777,
        "uptimeSeconds": 33807
      },
      "raw": "time: 33870\ndevice_metrics {\n  battery_level: 101\n  voltage: 4.601\n  channel_utilization: 0\n  air_util_tx: 0.0280277766\n  uptime_seconds: 33807\n}\n"
    }
  },
  "id": 681552039,
  "hopLimit": 3,
  "priority": "BACKGROUND",
  "raw": "from: 164906676\nto: 4294967295\ndecoded {\n  portnum: TELEMETRY_APP\n  payload: \"\\rN\\204\\000\\000\\022\\025\\010e\\025d;\\223@\\035\\000\\000\\000\\000%\\202\\232\\345<(\\217\\210\\002\"\n}\nid: 681552039\nhop_limit: 3\npriority: BACKGROUND\n",
  "fromId": "!09d446b4",
  "toId": "^all"
}
============================================================
{
  "from": 164906676,
  "to": 4294967295,
  "decoded": {
    "portnum": "TELEMETRY_APP",
    "payload": "b'\\r\\x8a\\x84\\x00\\x00\\x12\\x15\\x08e\\x15\\x0c\\x02\\x93@\\x1d\\x00\\x00\\x00\\x00%\\x82\\x9a\\xe5<(\\xcc\\x88\\x02'",
    "telemetry": {
      "time": 33930,
      "deviceMetrics": {
        "batteryLevel": 101,
        "voltage": 4.594,
        "channelUtilization": 0.0,
        "airUtilTx": 0.028027777,
        "uptimeSeconds": 33868
      },
      "raw": "time: 33930\ndevice_metrics {\n  battery_level: 101\n  voltage: 4.594\n  channel_utilization: 0\n  air_util_tx: 0.0280277766\n  uptime_seconds: 33868\n}\n"
    }
  },
  "id": 3738126504,
  "hopLimit": 3,
  "priority": "BACKGROUND",
  "raw": "from: 164906676\nto: 4294967295\ndecoded {\n  portnum: TELEMETRY_APP\n  payload: \"\\r\\212\\204\\000\\000\\022\\025\\010e\\025\\014\\002\\223@\\035\\000\\000\\000\\000%\\202\\232\\345<(\\314\\210\\002\"\n}\nid: 3738126504\nhop_limit: 3\npriority: BACKGROUND\n",
  "fromId": "!09d446b4",
  "toId": "^all"
}
============================================================
{
  "from": 164906676,
  "to": 4294967295,
  "decoded": {
    "portnum": "TELEMETRY_APP",
    "payload": "b'\\r\\xc6\\x84\\x00\\x00\\x12\\x15\\x08e\\x15B`\\x91@\\x1d\\x00\\x00\\x00\\x00%\\x82\\x9a\\xe5<(\\x88\\x89\\x02'",
    "telemetry": {
      "time": 33990,
      "deviceMetrics": {
        "batteryLevel": 101,
        "voltage": 4.543,
        "channelUtilization": 0.0,
        "airUtilTx": 0.028027777,
        "uptimeSeconds": 33928
      },
      "raw": "time: 33990\ndevice_metrics {\n  battery_level: 101\n  voltage: 4.543\n  channel_utilization: 0\n  air_util_tx: 0.0280277766\n  uptime_seconds: 33928\n}\n"
    }
  },
  "id": 3091699881,
  "hopLimit": 3,
  "priority": "BACKGROUND",
  "raw": "from: 164906676\nto: 4294967295\ndecoded {\n  portnum: TELEMETRY_APP\n  payload: \"\\r\\306\\204\\000\\000\\022\\025\\010e\\025B`\\221@\\035\\000\\000\\000\\000%\\202\\232\\345<(\\210\\211\\002\"\n}\nid: 3091699881\nhop_limit: 3\npriority: BACKGROUND\n",
  "fromId": "!09d446b4",
  "toId": "^all"
}
============================================================
{
  "from": 164906676,
  "to": 4294967295,
  "decoded": {
    "portnum": "TELEMETRY_APP",
    "payload": "b'\\r\\x02\\x85\\x00\\x00\\x12\\x15\\x08e\\x15?5\\x92@\\x1d\\x00\\x00\\x00\\x00%\\x82\\x9a\\xe5<(\\xc4\\x89\\x02'",
    "telemetry": {
      "time": 34050,
      "deviceMetrics": {
        "batteryLevel": 101,
        "voltage": 4.569,
        "channelUtilization": 0.0,
        "airUtilTx": 0.028027777,
        "uptimeSeconds": 33988
      },
      "raw": "time: 34050\ndevice_metrics {\n  battery_level: 101\n  voltage: 4.569\n  channel_utilization: 0\n  air_util_tx: 0.0280277766\n  uptime_seconds: 33988\n}\n"
    }
  },
  "id": 4171755690,
  "hopLimit": 3,
  "priority": "BACKGROUND",
  "raw": "from: 164906676\nto: 4294967295\ndecoded {\n  portnum: TELEMETRY_APP\n  payload: \"\\r\\002\\205\\000\\000\\022\\025\\010e\\025?5\\222@\\035\\000\\000\\000\\000%\\202\\232\\345<(\\304\\211\\002\"\n}\nid: 4171755690\nhop_limit: 3\npriority: BACKGROUND\n",
  "fromId": "!09d446b4",
  "toId": "^all"
}
============================================================
{
  "from": 164906676,
  "to": 4294967295,
  "decoded": {
    "portnum": "TELEMETRY_APP",
    "payload": "b'\\r>\\x85\\x00\\x00\\x12\\x15\\x08e\\x15b\\x10\\x94@\\x1d\\x00\\x00\\x00\\x00%\\x82\\x9a\\xe5<(\\x80\\x8a\\x02'",
    "telemetry": {
      "time": 34110,
      "deviceMetrics": {
        "batteryLevel": 101,
        "voltage": 4.627,
        "channelUtilization": 0.0,
        "airUtilTx": 0.028027777,
        "uptimeSeconds": 34048
      },
      "raw": "time: 34110\ndevice_metrics {\n  battery_level: 101\n  voltage: 4.627\n  channel_utilization: 0\n  air_util_tx: 0.0280277766\n  uptime_seconds: 34048\n}\n"
    }
  },
  "id": 3466120363,
  "hopLimit": 3,
  "priority": "BACKGROUND",
  "raw": "from: 164906676\nto: 4294967295\ndecoded {\n  portnum: TELEMETRY_APP\n  payload: \"\\r>\\205\\000\\000\\022\\025\\010e\\025b\\020\\224@\\035\\000\\000\\000\\000%\\202\\232\\345<(\\200\\212\\002\"\n}\nid: 3466120363\nhop_limit: 3\npriority: BACKGROUND\n",
  "fromId": "!09d446b4",
  "toId": "^all"
}
============================================================
{
  "from": 164906676,
  "to": 4294967295,
  "decoded": {
    "portnum": "TELEMETRY_APP",
    "payload": "b'\\rz\\x85\\x00\\x00\\x12\\x15\\x08e\\x15\\xd5x\\x91@\\x1d\\x00\\x00\\x00\\x00%\\x82\\x9a\\xe5<(\\xbc\\x8a\\x02'",
    "telemetry": {
      "time": 34170,
      "deviceMetrics": {
        "batteryLevel": 101,
        "voltage": 4.546,
        "channelUtilization": 0.0,
        "airUtilTx": 0.028027777,
        "uptimeSeconds": 34108
      },
      "raw": "time: 34170\ndevice_metrics {\n  battery_level: 101\n  voltage: 4.546\n  channel_utilization: 0\n  air_util_tx: 0.0280277766\n  uptime_seconds: 34108\n}\n"
    }
  },
  "id": 2546859180,
  "hopLimit": 3,
  "priority": "BACKGROUND",
  "raw": "from: 164906676\nto: 4294967295\ndecoded {\n  portnum: TELEMETRY_APP\n  payload: \"\\rz\\205\\000\\000\\022\\025\\010e\\025\\325x\\221@\\035\\000\\000\\000\\000%\\202\\232\\345<(\\274\\212\\002\"\n}\nid: 2546859180\nhop_limit: 3\npriority: BACKGROUND\n",
  "fromId": "!09d446b4",
  "toId": "^all"
}
============================================================
{
  "from": 164906676,
  "to": 4294967295,
  "decoded": {
    "portnum": "TELEMETRY_APP",
    "payload": "b'\\r\\xb6\\x85\\x00\\x00\\x12\\x15\\x08e\\x15o\\x12\\x93@\\x1d\\x00\\x00\\x00\\x00%\\x82\\x9a\\xe5<(\\xf8\\x8a\\x02'",
    "telemetry": {
      "time": 34230,
      "deviceMetrics": {
        "batteryLevel": 101,
        "voltage": 4.596,
        "channelUtilization": 0.0,
        "airUtilTx": 0.028027777,
        "uptimeSeconds": 34168
      },
      "raw": "time: 34230\ndevice_metrics {\n  battery_level: 101\n  voltage: 4.596\n  channel_utilization: 0\n  air_util_tx: 0.0280277766\n  uptime_seconds: 34168\n}\n"
    }
  },
  "id": 2597006509,
  "hopLimit": 3,
  "priority": "BACKGROUND",
  "raw": "from: 164906676\nto: 4294967295\ndecoded {\n  portnum: TELEMETRY_APP\n  payload: \"\\r\\266\\205\\000\\000\\022\\025\\010e\\025o\\022\\223@\\035\\000\\000\\000\\000%\\202\\232\\345<(\\370\\212\\002\"\n}\nid: 2597006509\nhop_limit: 3\npriority: BACKGROUND\n",
  "fromId": "!09d446b4",
  "toId": "^all"
}
============================================================
{
  "from": 164906676,
  "to": 4294967295,
  "decoded": {
    "portnum": "TELEMETRY_APP",
    "payload": "b'\\r\\xf2\\x85\\x00\\x00\\x12\\x15\\x08e\\x15\\xa0\\x1a\\x93@\\x1d\\x00\\x00\\x00\\x00%\\x82\\x9a\\xe5<(\\xb4\\x8b\\x02'",
    "telemetry": {
      "time": 34290,
      "deviceMetrics": {
        "batteryLevel": 101,
        "voltage": 4.597,
        "channelUtilization": 0.0,
        "airUtilTx": 0.028027777,
        "uptimeSeconds": 34228
      },
      "raw": "time: 34290\ndevice_metrics {\n  battery_level: 101\n  voltage: 4.597\n  channel_utilization: 0\n  air_util_tx: 0.0280277766\n  uptime_seconds: 34228\n}\n"
    }
  },
  "id": 2036208814,
  "hopLimit": 3,
  "priority": "BACKGROUND",
  "raw": "from: 164906676\nto: 4294967295\ndecoded {\n  portnum: TELEMETRY_APP\n  payload: \"\\r\\362\\205\\000\\000\\022\\025\\010e\\025\\240\\032\\223@\\035\\000\\000\\000\\000%\\202\\232\\345<(\\264\\213\\002\"\n}\nid: 2036208814\nhop_limit: 3\npriority: BACKGROUND\n",
  "fromId": "!09d446b4",
  "toId": "^all"
}
============================================================
{
  "from": 164906676,
  "to": 4294967295,
  "decoded": {
    "portnum": "TELEMETRY_APP",
    "payload": "b'\\r.\\x86\\x00\\x00\\x12\\x15\\x08e\\x15\\xd9\\xce\\x93@\\x1d\\x00\\x00\\x00\\x00%\\x82\\x9a\\xe5<(\\xf0\\x8b\\x02'",
    "telemetry": {
      "time": 34350,
      "deviceMetrics": {
        "batteryLevel": 101,
        "voltage": 4.619,
        "channelUtilization": 0.0,
        "airUtilTx": 0.028027777,
        "uptimeSeconds": 34288
      },
      "raw": "time: 34350\ndevice_metrics {\n  battery_level: 101\n  voltage: 4.619\n  channel_utilization: 0\n  air_util_tx: 0.0280277766\n  uptime_seconds: 34288\n}\n"
    }
  },
  "id": 1331943599,
  "hopLimit": 3,
  "priority": "BACKGROUND",
  "raw": "from: 164906676\nto: 4294967295\ndecoded {\n  portnum: TELEMETRY_APP\n  payload: \"\\r.\\206\\000\\000\\022\\025\\010e\\025\\331\\316\\223@\\035\\000\\000\\000\\000%\\202\\232\\345<(\\360\\213\\002\"\n}\nid: 1331943599\nhop_limit: 3\npriority: BACKGROUND\n",
  "fromId": "!09d446b4",
  "toId": "^all"
}
============================================================
{
  "from": 164906676,
  "to": 4294967295,
  "decoded": {
    "portnum": "TELEMETRY_APP",
    "payload": "b'\\r.\\x86\\x00\\x002$\\x08\\xf0\\x8b\\x02\\x1d\\x82\\x9a\\xe5< \\x03(\\x030\\x03@\\x01`\\x90\\x99\\x0fh\\xd0\\xcf\\x04x\\x9c\\xff\\xff\\xff\\xff\\xff\\xff\\xff\\xff\\x01'",
    "telemetry": {
      "time": 34350,
      "localStats": {
        "uptimeSeconds": 34288,
        "airUtilTx": 0.028027777,
        "numPacketsTx": 3,
        "numPacketsRx": 3,
        "numPacketsRxBad": 3,
        "numTotalNodes": 1,
        "heapTotalBytes": 248976,
        "heapFreeBytes": 75728,
        "noiseFloor": -100
      },
      "raw": "time: 34350\nlocal_stats {\n  uptime_seconds: 34288\n  air_util_tx: 0.0280277766\n  num_packets_tx: 3\n  num_packets_rx: 3\n  num_packets_rx_bad: 3\n  num_total_nodes: 1\n  heap_total_bytes: 248976\n  heap_free_bytes: 75728\n  noise_floor: -100\n}\n"
    }
  },
  "id": 2415265968,
  "hopLimit": 3,
  "priority": "BACKGROUND",
  "raw": "from: 164906676\nto: 4294967295\ndecoded {\n  portnum: TELEMETRY_APP\n  payload: \"\\r.\\206\\000\\0002$\\010\\360\\213\\002\\035\\202\\232\\345< \\003(\\0030\\003@\\001`\\220\\231\\017h\\320\\317\\004x\\234\\377\\377\\377\\377\\377\\377\\377\\377\\001\"\n}\nid: 2415265968\nhop_limit: 3\npriority: BACKGROUND\n",
  "fromId": "!09d446b4",
  "toId": "^all"
}
============================================================
{
  "from": 164906676,
  "to": 4294967295,
  "decoded": {
    "portnum": "TELEMETRY_APP",
    "payload": "b'\\rj\\x86\\x00\\x00\\x12\\x15\\x08e\\x15+\\x87\\x92@\\x1d\\x00\\x00\\x00\\x00%\\x82\\x9a\\xe5<(\\xac\\x8c\\x02'",
    "telemetry": {
      "time": 34410,
      "deviceMetrics": {
        "batteryLevel": 101,
        "voltage": 4.579,
        "channelUtilization": 0.0,
        "airUtilTx": 0.028027777,
        "uptimeSeconds": 34348
      },
      "raw": "time: 34410\ndevice_metrics {\n  battery_level: 101\n  voltage: 4.579\n  channel_utilization: 0\n  air_util_tx: 0.0280277766\n  uptime_seconds: 34348\n}\n"
    }
  },
  "id": 1108125873,
  "hopLimit": 3,
  "priority": "BACKGROUND",
  "raw": "from: 164906676\nto: 4294967295\ndecoded {\n  portnum: TELEMETRY_APP\n  payload: \"\\rj\\206\\000\\000\\022\\025\\010e\\025+\\207\\222@\\035\\000\\000\\000\\000%\\202\\232\\345<(\\254\\214\\002\"\n}\nid: 1108125873\nhop_limit: 3\npriority: BACKGROUND\n",
  "fromId": "!09d446b4",
  "toId": "^all"
}
============================================================
{
  "from": 164906676,
  "to": 4294967295,
  "decoded": {
    "portnum": "TELEMETRY_APP",
    "payload": "b'\\r\\xa6\\x86\\x00\\x00\\x12\\x15\\x08e\\x15\\xecQ\\x94@\\x1d\\x00\\x00\\x00\\x00%\\x82\\x9a\\xe5<(\\xe8\\x8c\\x02'",
    "telemetry": {
      "time": 34470,
      "deviceMetrics": {
        "batteryLevel": 101,
        "voltage": 4.635,
        "channelUtilization": 0.0,
        "airUtilTx": 0.028027777,
        "uptimeSeconds": 34408
      },
      "raw": "time: 34470\ndevice_metrics {\n  battery_level: 101\n  voltage: 4.635\n  channel_utilization: 0\n  air_util_tx: 0.0280277766\n  uptime_seconds: 34408\n}\n"
    }
  },
  "id": 1173131442,
  "hopLimit": 3,
  "priority": "BACKGROUND",
  "raw": "from: 164906676\nto: 4294967295\ndecoded {\n  portnum: TELEMETRY_APP\n  payload: \"\\r\\246\\206\\000\\000\\022\\025\\010e\\025\\354Q\\224@\\035\\000\\000\\000\\000%\\202\\232\\345<(\\350\\214\\002\"\n}\nid: 1173131442\nhop_limit: 3\npriority: BACKGROUND\n",
  "fromId": "!09d446b4",
  "toId": "^all"
}
============================================================
{
  "from": 164906676,
  "to": 4294967295,
  "decoded": {
    "portnum": "TELEMETRY_APP",
    "payload": "b'\\r\\xe2\\x86\\x00\\x00\\x12\\x15\\x08e\\x15\\xbct\\x93@\\x1d\\x00\\x00\\x00\\x00%\\x82\\x9a\\xe5<(\\xa4\\x8d\\x02'",
    "telemetry": {
      "time": 34530,
      "deviceMetrics": {
        "batteryLevel": 101,
        "voltage": 4.608,
        "channelUtilization": 0.0,
        "airUtilTx": 0.028027777,
        "uptimeSeconds": 34468
      },
      "raw": "time: 34530\ndevice_metrics {\n  battery_level: 101\n  voltage: 4.608\n  channel_utilization: 0\n  air_util_tx: 0.0280277766\n  uptime_seconds: 34468\n}\n"
    }
  },
  "id": 2390759603,
  "hopLimit": 3,
  "priority": "BACKGROUND",
  "raw": "from: 164906676\nto: 4294967295\ndecoded {\n  portnum: TELEMETRY_APP\n  payload: \"\\r\\342\\206\\000\\000\\022\\025\\010e\\025\\274t\\223@\\035\\000\\000\\000\\000%\\202\\232\\345<(\\244\\215\\002\"\n}\nid: 2390759603\nhop_limit: 3\npriority: BACKGROUND\n",
  "fromId": "!09d446b4",
  "toId": "^all"
}
============================================================
{
  "from": 164906676,
  "to": 4294967295,
  "decoded": {
    "portnum": "TELEMETRY_APP",
    "payload": "b'\\r\\x1e\\x87\\x00\\x00\\x12\\x15\\x08e\\x15-\\xb2\\x95@\\x1d\\x00\\x00\\x00\\x00%\\x82\\x9a\\xe5<(\\xe0\\x8d\\x02'",
    "telemetry": {
      "time": 34590,
      "deviceMetrics": {
        "batteryLevel": 101,
        "voltage": 4.678,
        "channelUtilization": 0.0,
        "airUtilTx": 0.028027777,
        "uptimeSeconds": 34528
      },
      "raw": "time: 34590\ndevice_metrics {\n  battery_level: 101\n  voltage: 4.678\n  channel_utilization: 0\n  air_util_tx: 0.0280277766\n  uptime_seconds: 34528\n}\n"
    }
  },
  "id": 3917658292,
  "hopLimit": 3,
  "priority": "BACKGROUND",
  "raw": "from: 164906676\nto: 4294967295\ndecoded {\n  portnum: TELEMETRY_APP\n  payload: \"\\r\\036\\207\\000\\000\\022\\025\\010e\\025-\\262\\225@\\035\\000\\000\\000\\000%\\202\\232\\345<(\\340\\215\\002\"\n}\nid: 3917658292\nhop_limit: 3\npriority: BACKGROUND\n",
  "fromId": "!09d446b4",
  "toId": "^all"
}
============================================================
{
  "from": 164906676,
  "to": 4294967295,
  "decoded": {
    "portnum": "TELEMETRY_APP",
    "payload": "b'\\rZ\\x87\\x00\\x00\\x12\\x15\\x08e\\x15\\xcd\\xcc\\x94@\\x1d\\x00\\x00\\x00\\x00%\\x82\\x9a\\xe5<(\\x9c\\x8e\\x02'",
    "telemetry": {
      "time": 34650,
      "deviceMetrics": {
        "batteryLevel": 101,
        "voltage": 4.65,
        "channelUtilization": 0.0,
        "airUtilTx": 0.028027777,
        "uptimeSeconds": 34588
      },
      "raw": "time: 34650\ndevice_metrics {\n  battery_level: 101\n  voltage: 4.65\n  channel_utilization: 0\n  air_util_tx: 0.0280277766\n  uptime_seconds: 34588\n}\n"
    }
  },
  "id": 2525552821,
  "hopLimit": 3,
  "priority": "BACKGROUND",
  "raw": "from: 164906676\nto: 4294967295\ndecoded {\n  portnum: TELEMETRY_APP\n  payload: \"\\rZ\\207\\000\\000\\022\\025\\010e\\025\\315\\314\\224@\\035\\000\\000\\000\\000%\\202\\232\\345<(\\234\\216\\002\"\n}\nid: 2525552821\nhop_limit: 3\npriority: BACKGROUND\n",
  "fromId": "!09d446b4",
  "toId": "^all"
}
============================================================
{
  "from": 164906676,
  "to": 4294967295,
  "decoded": {
    "portnum": "TELEMETRY_APP",
    "payload": "b'\\r\\x96\\x87\\x00\\x00\\x12\\x15\\x08e\\x15\\x98n\\x92@\\x1d\\x00\\x00\\x00\\x00%\\x82\\x9a\\xe5<(\\xd8\\x8e\\x02'",
    "telemetry": {
      "time": 34710,
      "deviceMetrics": {
        "batteryLevel": 101,
        "voltage": 4.576,
        "channelUtilization": 0.0,
        "airUtilTx": 0.028027777,
        "uptimeSeconds": 34648
      },
      "raw": "time: 34710\ndevice_metrics {\n  battery_level: 101\n  voltage: 4.576\n  channel_utilization: 0\n  air_util_tx: 0.0280277766\n  uptime_seconds: 34648\n}\n"
    }
  },
  "id": 2739542198,
  "hopLimit": 3,
  "priority": "BACKGROUND",
  "raw": "from: 164906676\nto: 4294967295\ndecoded {\n  portnum: TELEMETRY_APP\n  payload: \"\\r\\226\\207\\000\\000\\022\\025\\010e\\025\\230n\\222@\\035\\000\\000\\000\\000%\\202\\232\\345<(\\330\\216\\002\"\n}\nid: 2739542198\nhop_limit: 3\npriority: BACKGROUND\n",
  "fromId": "!09d446b4",
  "toId": "^all"
}
============================================================
{
  "from": 164906676,
  "to": 4294967295,
  "decoded": {
    "portnum": "TELEMETRY_APP",
    "payload": "b'\\r\\xd2\\x87\\x00\\x00\\x12\\x15\\x08e\\x15m\\xe7\\x93@\\x1d\\x00\\x00\\x00\\x00%\\x82\\x9a\\xe5<(\\x94\\x8f\\x02'",
    "telemetry": {
      "time": 34770,
      "deviceMetrics": {
        "batteryLevel": 101,
        "voltage": 4.622,
        "channelUtilization": 0.0,
        "airUtilTx": 0.028027777,
        "uptimeSeconds": 34708
      },
      "raw": "time: 34770\ndevice_metrics {\n  battery_level: 101\n  voltage: 4.622\n  channel_utilization: 0\n  air_util_tx: 0.0280277766\n  uptime_seconds: 34708\n}\n"
    }
  },
  "id": 308237495,
  "hopLimit": 3,
  "priority": "BACKGROUND",
  "raw": "from: 164906676\nto: 4294967295\ndecoded {\n  portnum: TELEMETRY_APP\n  payload: \"\\r\\322\\207\\000\\000\\022\\025\\010e\\025m\\347\\223@\\035\\000\\000\\000\\000%\\202\\232\\345<(\\224\\217\\002\"\n}\nid: 308237495\nhop_limit: 3\npriority: BACKGROUND\n",
  "fromId": "!09d446b4",
  "toId": "^all"
}
============================================================
{
  "from": 164906676,
  "to": 4294967295,
  "decoded": {
    "portnum": "TELEMETRY_APP",
    "payload": "b'\\r\\x0e\\x88\\x00\\x00\\x12\\x15\\x08e\\x15\\xbct\\x93@\\x1d\\x00\\x00\\x00\\x00%\\x82\\x9a\\xe5<(\\xd0\\x8f\\x02'",
    "telemetry": {
      "time": 34830,
      "deviceMetrics": {
        "batteryLevel": 101,
        "voltage": 4.608,
        "channelUtilization": 0.0,
        "airUtilTx": 0.028027777,
        "uptimeSeconds": 34768
      },
      "raw": "time: 34830\ndevice_metrics {\n  battery_level: 101\n  voltage: 4.608\n  channel_utilization: 0\n  air_util_tx: 0.0280277766\n  uptime_seconds: 34768\n}\n"
    }
  },
  "id": 443503800,
  "hopLimit": 3,
  "priority": "BACKGROUND",
  "raw": "from: 164906676\nto: 4294967295\ndecoded {\n  portnum: TELEMETRY_APP\n  payload: \"\\r\\016\\210\\000\\000\\022\\025\\010e\\025\\274t\\223@\\035\\000\\000\\000\\000%\\202\\232\\345<(\\320\\217\\002\"\n}\nid: 443503800\nhop_limit: 3\npriority: BACKGROUND\n",
  "fromId": "!09d446b4",
  "toId": "^all"
}
============================================================
{
  "from": 164906676,
  "to": 4294967295,
  "decoded": {
    "portnum": "TELEMETRY_APP",
    "payload": "b'\\rJ\\x88\\x00\\x00\\x12\\x15\\x08e\\x15\\x06\\x81\\x91@\\x1d\\x00\\x00\\x00\\x00%\\x82\\x9a\\xe5<(\\x8c\\x90\\x02'",
    "telemetry": {
      "time": 34890,
      "deviceMetrics": {
        "batteryLevel": 101,
        "voltage": 4.547,
        "channelUtilization": 0.0,
        "airUtilTx": 0.028027777,
        "uptimeSeconds": 34828
      },
      "raw": "time: 34890\ndevice_metrics {\n  battery_level: 101\n  voltage: 4.547\n  channel_utilization: 0\n  air_util_tx: 0.0280277766\n  uptime_seconds: 34828\n}\n"
    }
  },
  "id": 2125506745,
  "hopLimit": 3,
  "priority": "BACKGROUND",
  "raw": "from: 164906676\nto: 4294967295\ndecoded {\n  portnum: TELEMETRY_APP\n  payload: \"\\rJ\\210\\000\\000\\022\\025\\010e\\025\\006\\201\\221@\\035\\000\\000\\000\\000%\\202\\232\\345<(\\214\\220\\002\"\n}\nid: 2125506745\nhop_limit: 3\npriority: BACKGROUND\n",
  "fromId": "!09d446b4",
  "toId": "^all"
}
============================================================
{
  "from": 164906676,
  "to": 4294967295,
  "decoded": {
    "portnum": "TELEMETRY_APP",
    "payload": "b'\\r\\x86\\x88\\x00\\x00\\x12\\x15\\x08e\\x15\\xa0\\x1a\\x93@\\x1d\\x00\\x00\\x00\\x00%\\x82\\x9a\\xe5<(\\xc8\\x90\\x02'",
    "telemetry": {
      "time": 34950,
      "deviceMetrics": {
        "batteryLevel": 101,
        "voltage": 4.597,
        "channelUtilization": 0.0,
        "airUtilTx": 0.028027777,
        "uptimeSeconds": 34888
      },
      "raw": "time: 34950\ndevice_metrics {\n  battery_level: 101\n  voltage: 4.597\n  channel_utilization: 0\n  air_util_tx: 0.0280277766\n  uptime_seconds: 34888\n}\n"
    }
  },
  "id": 777448634,
  "hopLimit": 3,
  "priority": "BACKGROUND",
  "raw": "from: 164906676\nto: 4294967295\ndecoded {\n  portnum: TELEMETRY_APP\n  payload: \"\\r\\206\\210\\000\\000\\022\\025\\010e\\025\\240\\032\\223@\\035\\000\\000\\000\\000%\\202\\232\\345<(\\310\\220\\002\"\n}\nid: 777448634\nhop_limit: 3\npriority: BACKGROUND\n",
  "fromId": "!09d446b4",
  "toId": "^all"
}
============================================================
{
  "from": 164906676,
  "to": 4294967295,
  "decoded": {
    "portnum": "TELEMETRY_APP",
    "payload": "b'\\r\\xc2\\x88\\x00\\x00\\x12\\x15\\x08e\\x15\\xfa~\\x92@\\x1d\\x00\\x00\\x00\\x00%\\x82\\x9a\\xe5<(\\x84\\x91\\x02'",
    "telemetry": {
      "time": 35010,
      "deviceMetrics": {
        "batteryLevel": 101,
        "voltage": 4.578,
        "channelUtilization": 0.0,
        "airUtilTx": 0.028027777,
        "uptimeSeconds": 34948
      },
      "raw": "time: 35010\ndevice_metrics {\n  battery_level: 101\n  voltage: 4.578\n  channel_utilization: 0\n  air_util_tx: 0.0280277766\n  uptime_seconds: 34948\n}\n"
    }
  },
  "id": 2526567611,
  "hopLimit": 3,
  "priority": "BACKGROUND",
  "raw": "from: 164906676\nto: 4294967295\ndecoded {\n  portnum: TELEMETRY_APP\n  payload: \"\\r\\302\\210\\000\\000\\022\\025\\010e\\025\\372~\\222@\\035\\000\\000\\000\\000%\\202\\232\\345<(\\204\\221\\002\"\n}\nid: 2526567611\nhop_limit: 3\npriority: BACKGROUND\n",
  "fromId": "!09d446b4",
  "toId": "^all"
}
============================================================
{
  "from": 164906676,
  "to": 4294967295,
  "decoded": {
    "portnum": "TELEMETRY_APP",
    "payload": "b'\\r\\xfe\\x88\\x00\\x00\\x12\\x15\\x08e\\x15d;\\x93@\\x1d\\x00\\x00\\x00\\x00%\\x82\\x9a\\xe5<(\\xc0\\x91\\x02'",
    "telemetry": {
      "time": 35070,
      "deviceMetrics": {
        "batteryLevel": 101,
        "voltage": 4.601,
        "channelUtilization": 0.0,
        "airUtilTx": 0.028027777,
        "uptimeSeconds": 35008
      },
      "raw": "time: 35070\ndevice_metrics {\n  battery_level: 101\n  voltage: 4.601\n  channel_utilization: 0\n  air_util_tx: 0.0280277766\n  uptime_seconds: 35008\n}\n"
    }
  },
  "id": 2476696764,
  "hopLimit": 3,
  "priority": "BACKGROUND",
  "raw": "from: 164906676\nto: 4294967295\ndecoded {\n  portnum: TELEMETRY_APP\n  payload: \"\\r\\376\\210\\000\\000\\022\\025\\010e\\025d;\\223@\\035\\000\\000\\000\\000%\\202\\232\\345<(\\300\\221\\002\"\n}\nid: 2476696764\nhop_limit: 3\npriority: BACKGROUND\n",
  "fromId": "!09d446b4",
  "toId": "^all"
}
============================================================
{
  "from": 164906676,
  "to": 4294967295,
  "decoded": {
    "portnum": "TELEMETRY_APP",
    "payload": "b'\\r;\\x89\\x00\\x00\\x12\\x15\\x08e\\x15\\xd9\\xce\\x93@\\x1d\\x00\\x00\\x00\\x00%\\x82\\x9a\\xe5<(\\xfc\\x91\\x02'",
    "telemetry": {
      "time": 35131,
      "deviceMetrics": {
        "batteryLevel": 101,
        "voltage": 4.619,
        "channelUtilization": 0.0,
        "airUtilTx": 0.028027777,
        "uptimeSeconds": 35068
      },
      "raw": "time: 35131\ndevice_metrics {\n  battery_level: 101\n  voltage: 4.619\n  channel_utilization: 0\n  air_util_tx: 0.0280277766\n  uptime_seconds: 35068\n}\n"
    }
  },
  "id": 964933821,
  "hopLimit": 3,
  "priority": "BACKGROUND",
  "raw": "from: 164906676\nto: 4294967295\ndecoded {\n  portnum: TELEMETRY_APP\n  payload: \"\\r;\\211\\000\\000\\022\\025\\010e\\025\\331\\316\\223@\\035\\000\\000\\000\\000%\\202\\232\\345<(\\374\\221\\002\"\n}\nid: 964933821\nhop_limit: 3\npriority: BACKGROUND\n",
  "fromId": "!09d446b4",
  "toId": "^all"
}
============================================================
{
  "from": 164906676,
  "to": 4294967295,
  "decoded": {
    "portnum": "TELEMETRY_APP",
    "payload": "b'\\rw\\x89\\x00\\x00\\x12\\x15\\x08e\\x15\\xc3\\xf5\\x94@\\x1d\\x00\\x00\\x00\\x00%\\x82\\x9a\\xe5<(\\xb8\\x92\\x02'",
    "telemetry": {
      "time": 35191,
      "deviceMetrics": {
        "batteryLevel": 101,
        "voltage": 4.655,
        "channelUtilization": 0.0,
        "airUtilTx": 0.028027777,
        "uptimeSeconds": 35128
      },
      "raw": "time: 35191\ndevice_metrics {\n  battery_level: 101\n  voltage: 4.655\n  channel_utilization: 0\n  air_util_tx: 0.0280277766\n  uptime_seconds: 35128\n}\n"
    }
  },
  "id": 2640051390,
  "hopLimit": 3,
  "priority": "BACKGROUND",
  "raw": "from: 164906676\nto: 4294967295\ndecoded {\n  portnum: TELEMETRY_APP\n  payload: \"\\rw\\211\\000\\000\\022\\025\\010e\\025\\303\\365\\224@\\035\\000\\000\\000\\000%\\202\\232\\345<(\\270\\222\\002\"\n}\nid: 2640051390\nhop_limit: 3\npriority: BACKGROUND\n",
  "fromId": "!09d446b4",
  "toId": "^all"
}
============================================================
{
  "from": 164906676,
  "to": 4294967295,
  "decoded": {
    "portnum": "TELEMETRY_APP",
    "payload": "b'\\r\\xb3\\x89\\x00\\x00\\x12\\x15\\x08e\\x15\\x96C\\x93@\\x1d\\x00\\x00\\x00\\x00%\\x82\\x9a\\xe5<(\\xf5\\x92\\x02'",
    "telemetry": {
      "time": 35251,
      "deviceMetrics": {
        "batteryLevel": 101,
        "voltage": 4.602,
        "channelUtilization": 0.0,
        "airUtilTx": 0.028027777,
        "uptimeSeconds": 35189
      },
      "raw": "time: 35251\ndevice_metrics {\n  battery_level: 101\n  voltage: 4.602\n  channel_utilization: 0\n  air_util_tx: 0.0280277766\n  uptime_seconds: 35189\n}\n"
    }
  },
  "id": 1701817535,
  "hopLimit": 3,
  "priority": "BACKGROUND",
  "raw": "from: 164906676\nto: 4294967295\ndecoded {\n  portnum: TELEMETRY_APP\n  payload: \"\\r\\263\\211\\000\\000\\022\\025\\010e\\025\\226C\\223@\\035\\000\\000\\000\\000%\\202\\232\\345<(\\365\\222\\002\"\n}\nid: 1701817535\nhop_limit: 3\npriority: BACKGROUND\n",
  "fromId": "!09d446b4",
  "toId": "^all"
}
============================================================
{
  "from": 164906676,
  "to": 4294967295,
  "decoded": {
    "portnum": "TELEMETRY_APP",
    "payload": "b'\\r\\xb3\\x89\\x00\\x002$\\x08\\xf5\\x92\\x02\\x1d\\x82\\x9a\\xe5< \\x03(\\x030\\x03@\\x01`\\x90\\x99\\x0fh\\xd0\\xcf\\x04x\\x9c\\xff\\xff\\xff\\xff\\xff\\xff\\xff\\xff\\x01'",
    "telemetry": {
      "time": 35251,
      "localStats": {
        "uptimeSeconds": 35189,
        "airUtilTx": 0.028027777,
        "numPacketsTx": 3,
        "numPacketsRx": 3,
        "numPacketsRxBad": 3,
        "numTotalNodes": 1,
        "heapTotalBytes": 248976,
        "heapFreeBytes": 75728,
        "noiseFloor": -100
      },
      "raw": "time: 35251\nlocal_stats {\n  uptime_seconds: 35189\n  air_util_tx: 0.0280277766\n  num_packets_tx: 3\n  num_packets_rx: 3\n  num_packets_rx_bad: 3\n  num_total_nodes: 1\n  heap_total_bytes: 248976\n  heap_free_bytes: 75728\n  noise_floor: -100\n}\n"
    }
  },
  "id": 1418855616,
  "hopLimit": 3,
  "priority": "BACKGROUND",
  "raw": "from: 164906676\nto: 4294967295\ndecoded {\n  portnum: TELEMETRY_APP\n  payload: \"\\r\\263\\211\\000\\0002$\\010\\365\\222\\002\\035\\202\\232\\345< \\003(\\0030\\003@\\001`\\220\\231\\017h\\320\\317\\004x\\234\\377\\377\\377\\377\\377\\377\\377\\377\\001\"\n}\nid: 1418855616\nhop_limit: 3\npriority: BACKGROUND\n",
  "fromId": "!09d446b4",
  "toId": "^all"
}
============================================================
{
  "from": 164906676,
  "to": 4294967295,
  "decoded": {
    "portnum": "TELEMETRY_APP",
    "payload": "b'\\r\\xef\\x89\\x00\\x00\\x12\\x15\\x08e\\x15\\x93\\x18\\x94@\\x1d\\x00\\x00\\x00\\x00%\\x82\\x9a\\xe5<(\\xb1\\x93\\x02'",
    "telemetry": {
      "time": 35311,
      "deviceMetrics": {
        "batteryLevel": 101,
        "voltage": 4.628,
        "channelUtilization": 0.0,
        "airUtilTx": 0.028027777,
        "uptimeSeconds": 35249
      },
      "raw": "time: 35311\ndevice_metrics {\n  battery_level: 101\n  voltage: 4.628\n  channel_utilization: 0\n  air_util_tx: 0.0280277766\n  uptime_seconds: 35249\n}\n"
    }
  },
  "id": 3432339649,
  "hopLimit": 3,
  "priority": "BACKGROUND",
  "raw": "from: 164906676\nto: 4294967295\ndecoded {\n  portnum: TELEMETRY_APP\n  payload: \"\\r\\357\\211\\000\\000\\022\\025\\010e\\025\\223\\030\\224@\\035\\000\\000\\000\\000%\\202\\232\\345<(\\261\\223\\002\"\n}\nid: 3432339649\nhop_limit: 3\npriority: BACKGROUND\n",
  "fromId": "!09d446b4",
  "toId": "^all"
}
============================================================
{
  "from": 164906676,
  "to": 4294967295,
  "decoded": {
    "portnum": "TELEMETRY_APP",
    "payload": "b'\\r+\\x8a\\x00\\x00\\x12\\x15\\x08e\\x15\\xf8S\\x93@\\x1d\\x00\\x00\\x00\\x00%\\x82\\x9a\\xe5<(\\xed\\x93\\x02'",
    "telemetry": {
      "time": 35371,
      "deviceMetrics": {
        "batteryLevel": 101,
        "voltage": 4.604,
        "channelUtilization": 0.0,
        "airUtilTx": 0.028027777,
        "uptimeSeconds": 35309
      },
      "raw": "time: 35371\ndevice_metrics {\n  battery_level: 101\n  voltage: 4.604\n  channel_utilization: 0\n  air_util_tx: 0.0280277766\n  uptime_seconds: 35309\n}\n"
    }
  },
  "id": 2962221250,
  "hopLimit": 3,
  "priority": "BACKGROUND",
  "raw": "from: 164906676\nto: 4294967295\ndecoded {\n  portnum: TELEMETRY_APP\n  payload: \"\\r+\\212\\000\\000\\022\\025\\010e\\025\\370S\\223@\\035\\000\\000\\000\\000%\\202\\232\\345<(\\355\\223\\002\"\n}\nid: 2962221250\nhop_limit: 3\npriority: BACKGROUND\n",
  "fromId": "!09d446b4",
  "toId": "^all"
}
============================================================
{
  "from": 164906676,
  "to": 4294967295,
  "decoded": {
    "portnum": "TELEMETRY_APP",
    "payload": "b'\\rg\\x8a\\x00\\x00\\x12\\x15\\x08e\\x15\\x91\\xed\\x94@\\x1d\\x00\\x00\\x00\\x00%\\x82\\x9a\\xe5<(\\xa9\\x94\\x02'",
    "telemetry": {
      "time": 35431,
      "deviceMetrics": {
        "batteryLevel": 101,
        "voltage": 4.654,
        "channelUtilization": 0.0,
        "airUtilTx": 0.028027777,
        "uptimeSeconds": 35369
      },
      "raw": "time: 35431\ndevice_metrics {\n  battery_level: 101\n  voltage: 4.654\n  channel_utilization: 0\n  air_util_tx: 0.0280277766\n  uptime_seconds: 35369\n}\n"
    }
  },
  "id": 143495363,
  "hopLimit": 3,
  "priority": "BACKGROUND",
  "raw": "from: 164906676\nto: 4294967295\ndecoded {\n  portnum: TELEMETRY_APP\n  payload: \"\\rg\\212\\000\\000\\022\\025\\010e\\025\\221\\355\\224@\\035\\000\\000\\000\\000%\\202\\232\\345<(\\251\\224\\002\"\n}\nid: 143495363\nhop_limit: 3\npriority: BACKGROUND\n",
  "fromId": "!09d446b4",
  "toId": "^all"
}
============================================================
{
  "from": 164906676,
  "to": 4294967295,
  "decoded": {
    "portnum": "TELEMETRY_APP",
    "payload": "b'\\r\\xa3\\x8a\\x00\\x00\\x12\\x15\\x08e\\x15b\\x10\\x94@\\x1d\\x00\\x00\\x00\\x00%\\x82\\x9a\\xe5<(\\xe5\\x94\\x02'",
    "telemetry": {
      "time": 35491,
      "deviceMetrics": {
        "batteryLevel": 101,
        "voltage": 4.627,
        "channelUtilization": 0.0,
        "airUtilTx": 0.028027777,
        "uptimeSeconds": 35429
      },
      "raw": "time: 35491\ndevice_metrics {\n  battery_level: 101\n  voltage: 4.627\n  channel_utilization: 0\n  air_util_tx: 0.0280277766\n  uptime_seconds: 35429\n}\n"
    }
  },
  "id": 1633626308,
  "hopLimit": 3,
  "priority": "BACKGROUND",
  "raw": "from: 164906676\nto: 4294967295\ndecoded {\n  portnum: TELEMETRY_APP\n  payload: \"\\r\\243\\212\\000\\000\\022\\025\\010e\\025b\\020\\224@\\035\\000\\000\\000\\000%\\202\\232\\345<(\\345\\224\\002\"\n}\nid: 1633626308\nhop_limit: 3\npriority: BACKGROUND\n",
  "fromId": "!09d446b4",
  "toId": "^all"
}
============================================================
{
  "from": 164906676,
  "to": 4294967295,
  "decoded": {
    "portnum": "TELEMETRY_APP",
    "payload": "b'\\r\\xdf\\x8a\\x00\\x00\\x12\\x15\\x08e\\x15\\x8bl\\x93@\\x1d\\x00\\x00\\x00\\x00%\\x82\\x9a\\xe5<(\\xa1\\x95\\x02'",
    "telemetry": {
      "time": 35551,
      "deviceMetrics": {
        "batteryLevel": 101,
        "voltage": 4.607,
        "channelUtilization": 0.0,
        "airUtilTx": 0.028027777,
        "uptimeSeconds": 35489
      },
      "raw": "time: 35551\ndevice_metrics {\n  battery_level: 101\n  voltage: 4.607\n  channel_utilization: 0\n  air_util_tx: 0.0280277766\n  uptime_seconds: 35489\n}\n"
    }
  },
  "id": 179094725,
  "hopLimit": 3,
  "priority": "BACKGROUND",
  "raw": "from: 164906676\nto: 4294967295\ndecoded {\n  portnum: TELEMETRY_APP\n  payload: \"\\r\\337\\212\\000\\000\\022\\025\\010e\\025\\213l\\223@\\035\\000\\000\\000\\000%\\202\\232\\345<(\\241\\225\\002\"\n}\nid: 179094725\nhop_limit: 3\npriority: BACKGROUND\n",
  "fromId": "!09d446b4",
  "toId": "^all"
}
============================================================
{
  "from": 164906676,
  "to": 4294967295,
  "decoded": {
    "portnum": "TELEMETRY_APP",
    "payload": "b'\\r\\x1b\\x8b\\x00\\x00\\x12\\x15\\x08e\\x15\\xdb\\xf9\\x92@\\x1d\\x00\\x00\\x00\\x00%\\x82\\x9a\\xe5<(\\xdd\\x95\\x02'",
    "telemetry": {
      "time": 35611,
      "deviceMetrics": {
        "batteryLevel": 101,
        "voltage": 4.593,
        "channelUtilization": 0.0,
        "airUtilTx": 0.028027777,
        "uptimeSeconds": 35549
      },
      "raw": "time: 35611\ndevice_metrics {\n  battery_level: 101\n  voltage: 4.593\n  channel_utilization: 0\n  air_util_tx: 0.0280277766\n  uptime_seconds: 35549\n}\n"
    }
  },
  "id": 1264360646,
  "hopLimit": 3,
  "priority": "BACKGROUND",
  "raw": "from: 164906676\nto: 4294967295\ndecoded {\n  portnum: TELEMETRY_APP\n  payload: \"\\r\\033\\213\\000\\000\\022\\025\\010e\\025\\333\\371\\222@\\035\\000\\000\\000\\000%\\202\\232\\345<(\\335\\225\\002\"\n}\nid: 1264360646\nhop_limit: 3\npriority: BACKGROUND\n",
  "fromId": "!09d446b4",
  "toId": "^all"
}
============================================================
{
  "from": 164906676,
  "to": 4294967295,
  "decoded": {
    "portnum": "TELEMETRY_APP",
    "payload": "b'\\rW\\x8b\\x00\\x00\\x12\\x15\\x08e\\x15)\\\\\\x93@\\x1d\\x00\\x00\\x00\\x00%\\x82\\x9a\\xe5<(\\x99\\x96\\x02'",
    "telemetry": {
      "time": 35671,
      "deviceMetrics": {
        "batteryLevel": 101,
        "voltage": 4.605,
        "channelUtilization": 0.0,
        "airUtilTx": 0.028027777,
        "uptimeSeconds": 35609
      },
      "raw": "time: 35671\ndevice_metrics {\n  battery_level: 101\n  voltage: 4.605\n  channel_utilization: 0\n  air_util_tx: 0.0280277766\n  uptime_seconds: 35609\n}\n"
    }
  },
  "id": 1594797255,
  "hopLimit": 3,
  "priority": "BACKGROUND",
  "raw": "from: 164906676\nto: 4294967295\ndecoded {\n  portnum: TELEMETRY_APP\n  payload: \"\\rW\\213\\000\\000\\022\\025\\010e\\025)\\\\\\223@\\035\\000\\000\\000\\000%\\202\\232\\345<(\\231\\226\\002\"\n}\nid: 1594797255\nhop_limit: 3\npriority: BACKGROUND\n",
  "fromId": "!09d446b4",
  "toId": "^all"
}
============================================================
{
  "from": 164906676,
  "to": 4294967295,
  "decoded": {
    "portnum": "TELEMETRY_APP",
    "payload": "b\"\\r\\x93\\x8b\\x00\\x00\\x12\\x15\\x08e\\x15'1\\x94@\\x1d\\x00\\x00\\x00\\x00%\\x82\\x9a\\xe5<(\\xd5\\x96\\x02\"",
    "telemetry": {
      "time": 35731,
      "deviceMetrics": {
        "batteryLevel": 101,
        "voltage": 4.631,
        "channelUtilization": 0.0,
        "airUtilTx": 0.028027777,
        "uptimeSeconds": 35669
      },
      "raw": "time: 35731\ndevice_metrics {\n  battery_level: 101\n  voltage: 4.631\n  channel_utilization: 0\n  air_util_tx: 0.0280277766\n  uptime_seconds: 35669\n}\n"
    }
  },
  "id": 2928410824,
  "hopLimit": 3,
  "priority": "BACKGROUND",
  "raw": "from: 164906676\nto: 4294967295\ndecoded {\n  portnum: TELEMETRY_APP\n  payload: \"\\r\\223\\213\\000\\000\\022\\025\\010e\\025\\'1\\224@\\035\\000\\000\\000\\000%\\202\\232\\345<(\\325\\226\\002\"\n}\nid: 2928410824\nhop_limit: 3\npriority: BACKGROUND\n",
  "fromId": "!09d446b4",
  "toId": "^all"
}
============================================================
{
  "from": 164906676,
  "to": 4294967295,
  "decoded": {
    "portnum": "TELEMETRY_APP",
    "payload": "b'\\r\\xcf\\x8b\\x00\\x00\\x12\\x15\\x08e\\x15\\xfa~\\x92@\\x1d\\x00\\x00\\x00\\x00%\\x82\\x9a\\xe5<(\\x91\\x97\\x02'",
    "telemetry": {
      "time": 35791,
      "deviceMetrics": {
        "batteryLevel": 101,
        "voltage": 4.578,
        "channelUtilization": 0.0,
        "airUtilTx": 0.028027777,
        "uptimeSeconds": 35729
      },
      "raw": "time: 35791\ndevice_metrics {\n  battery_level: 101\n  voltage: 4.578\n  channel_utilization: 0\n  air_util_tx: 0.0280277766\n  uptime_seconds: 35729\n}\n"
    }
  },
  "id": 4030340297,
  "hopLimit": 3,
  "priority": "BACKGROUND",
  "raw": "from: 164906676\nto: 4294967295\ndecoded {\n  portnum: TELEMETRY_APP\n  payload: \"\\r\\317\\213\\000\\000\\022\\025\\010e\\025\\372~\\222@\\035\\000\\000\\000\\000%\\202\\232\\345<(\\221\\227\\002\"\n}\nid: 4030340297\nhop_limit: 3\npriority: BACKGROUND\n",
  "fromId": "!09d446b4",
  "toId": "^all"
}
============================================================
{
  "from": 164906676,
  "to": 4294967295,
  "decoded": {
    "portnum": "TELEMETRY_APP",
    "payload": "b'\\r\\x0b\\x8c\\x00\\x00\\x12\\x15\\x08e\\x15\\x00\\x00\\x94@\\x1d\\x00\\x00\\x00\\x00%\\x82\\x9a\\xe5<(\\xcd\\x97\\x02'",
    "telemetry": {
      "time": 35851,
      "deviceMetrics": {
        "batteryLevel": 101,
        "voltage": 4.625,
        "channelUtilization": 0.0,
        "airUtilTx": 0.028027777,
        "uptimeSeconds": 35789
      },
      "raw": "time: 35851\ndevice_metrics {\n  battery_level: 101\n  voltage: 4.625\n  channel_utilization: 0\n  air_util_tx: 0.0280277766\n  uptime_seconds: 35789\n}\n"
    }
  },
  "id": 4168035530,
  "hopLimit": 3,
  "priority": "BACKGROUND",
  "raw": "from: 164906676\nto: 4294967295\ndecoded {\n  portnum: TELEMETRY_APP\n  payload: \"\\r\\013\\214\\000\\000\\022\\025\\010e\\025\\000\\000\\224@\\035\\000\\000\\000\\000%\\202\\232\\345<(\\315\\227\\002\"\n}\nid: 4168035530\nhop_limit: 3\npriority: BACKGROUND\n",
  "fromId": "!09d446b4",
  "toId": "^all"
}
============================================================
{
  "from": 164906676,
  "to": 4294967295,
  "decoded": {
    "portnum": "TELEMETRY_APP",
    "payload": "b'\\rG\\x8c\\x00\\x00\\x12\\x15\\x08e\\x15\\xd7\\xa3\\x94@\\x1d\\x00\\x00\\x00\\x00%\\x82\\x9a\\xe5<(\\x89\\x98\\x02'",
    "telemetry": {
      "time": 35911,
      "deviceMetrics": {
        "batteryLevel": 101,
        "voltage": 4.645,
        "channelUtilization": 0.0,
        "airUtilTx": 0.028027777,
        "uptimeSeconds": 35849
      },
      "raw": "time: 35911\ndevice_metrics {\n  battery_level: 101\n  voltage: 4.645\n  channel_utilization: 0\n  air_util_tx: 0.0280277766\n  uptime_seconds: 35849\n}\n"
    }
  },
  "id": 907341003,
  "hopLimit": 3,
  "priority": "BACKGROUND",
  "raw": "from: 164906676\nto: 4294967295\ndecoded {\n  portnum: TELEMETRY_APP\n  payload: \"\\rG\\214\\000\\000\\022\\025\\010e\\025\\327\\243\\224@\\035\\000\\000\\000\\000%\\202\\232\\345<(\\211\\230\\002\"\n}\nid: 907341003\nhop_limit: 3\npriority: BACKGROUND\n",
  "fromId": "!09d446b4",
  "toId": "^all"
}
============================================================
{
  "from": 164906676,
  "to": 4294967295,
  "decoded": {
    "portnum": "TELEMETRY_APP",
    "payload": "b'\\r\\x83\\x8c\\x00\\x00\\x12\\x15\\x08e\\x15\\xc3\\xf5\\x94@\\x1d\\x00\\x00\\x00\\x00%\\x82\\x9a\\xe5<(\\xc5\\x98\\x02'",
    "telemetry": {
      "time": 35971,
      "deviceMetrics": {
        "batteryLevel": 101,
        "voltage": 4.655,
        "channelUtilization": 0.0,
        "airUtilTx": 0.028027777,
        "uptimeSeconds": 35909
      },
      "raw": "time: 35971\ndevice_metrics {\n  battery_level: 101\n  voltage: 4.655\n  channel_utilization: 0\n  air_util_tx: 0.0280277766\n  uptime_seconds: 35909\n}\n"
    }
  },
  "id": 2998180044,
  "hopLimit": 3,
  "priority": "BACKGROUND",
  "raw": "from: 164906676\nto: 4294967295\ndecoded {\n  portnum: TELEMETRY_APP\n  payload: \"\\r\\203\\214\\000\\000\\022\\025\\010e\\025\\303\\365\\224@\\035\\000\\000\\000\\000%\\202\\232\\345<(\\305\\230\\002\"\n}\nid: 2998180044\nhop_limit: 3\npriority: BACKGROUND\n",
  "fromId": "!09d446b4",
  "toId": "^all"
}
============================================================
{
  "from": 164906676,
  "to": 4294967295,
  "decoded": {
    "portnum": "TELEMETRY_APP",
    "payload": "b'\\r\\xbf\\x8c\\x00\\x00\\x12\\x15\\x08e\\x15H\\xe1\\x92@\\x1d\\x00\\x00\\x00\\x00%\\x82\\x9a\\xe5<(\\x81\\x99\\x02'",
    "telemetry": {
      "time": 36031,
      "deviceMetrics": {
        "batteryLevel": 101,
        "voltage": 4.59,
        "channelUtilization": 0.0,
        "airUtilTx": 0.028027777,
        "uptimeSeconds": 35969
      },
      "raw": "time: 36031\ndevice_metrics {\n  battery_level: 101\n  voltage: 4.59\n  channel_utilization: 0\n  air_util_tx: 0.0280277766\n  uptime_seconds: 35969\n}\n"
    }
  },
  "id": 3348425933,
  "hopLimit": 3,
  "priority": "BACKGROUND",
  "raw": "from: 164906676\nto: 4294967295\ndecoded {\n  portnum: TELEMETRY_APP\n  payload: \"\\r\\277\\214\\000\\000\\022\\025\\010e\\025H\\341\\222@\\035\\000\\000\\000\\000%\\202\\232\\345<(\\201\\231\\002\"\n}\nid: 3348425933\nhop_limit: 3\npriority: BACKGROUND\n",
  "fromId": "!09d446b4",
  "toId": "^all"
}
============================================================
{
  "from": 164906676,
  "to": 4294967295,
  "decoded": {
    "portnum": "TELEMETRY_APP",
    "payload": "b'\\r\\xfb\\x8c\\x00\\x00\\x12\\x15\\x08e\\x15\\xe3\\xa5\\x93@\\x1d\\x00\\x00\\x00\\x00%\\x00\\x00\\x00\\x00(\\xbd\\x99\\x02'",
    "telemetry": {
      "time": 36091,
      "deviceMetrics": {
        "batteryLevel": 101,
        "voltage": 4.614,
        "channelUtilization": 0.0,
        "airUtilTx": 0.0,
        "uptimeSeconds": 36029
      },
      "raw": "time: 36091\ndevice_metrics {\n  battery_level: 101\n  voltage: 4.614\n  channel_utilization: 0\n  air_util_tx: 0\n  uptime_seconds: 36029\n}\n"
    }
  },
  "id": 2684526798,
  "hopLimit": 3,
  "priority": "BACKGROUND",
  "raw": "from: 164906676\nto: 4294967295\ndecoded {\n  portnum: TELEMETRY_APP\n  payload: \"\\r\\373\\214\\000\\000\\022\\025\\010e\\025\\343\\245\\223@\\035\\000\\000\\000\\000%\\000\\000\\000\\000(\\275\\231\\002\"\n}\nid: 2684526798\nhop_limit: 3\npriority: BACKGROUND\n",
  "fromId": "!09d446b4",
  "toId": "^all"
}
============================================================
{
  "from": 164906676,
  "to": 4294967295,
  "decoded": {
    "portnum": "TELEMETRY_APP",
    "payload": "b'\\r7\\x8d\\x00\\x00\\x12\\x15\\x08e\\x15X9\\x94@\\x1d\\x00\\x00\\x00\\x00%\\x00\\x00\\x00\\x00(\\xf9\\x99\\x02'",
    "telemetry": {
      "time": 36151,
      "deviceMetrics": {
        "batteryLevel": 101,
        "voltage": 4.632,
        "channelUtilization": 0.0,
        "airUtilTx": 0.0,
        "uptimeSeconds": 36089
      },
      "raw": "time: 36151\ndevice_metrics {\n  battery_level: 101\n  voltage: 4.632\n  channel_utilization: 0\n  air_util_tx: 0\n  uptime_seconds: 36089\n}\n"
    }
  },
  "id": 4185951439,
  "hopLimit": 3,
  "priority": "BACKGROUND",
  "raw": "from: 164906676\nto: 4294967295\ndecoded {\n  portnum: TELEMETRY_APP\n  payload: \"\\r7\\215\\000\\000\\022\\025\\010e\\025X9\\224@\\035\\000\\000\\000\\000%\\000\\000\\000\\000(\\371\\231\\002\"\n}\nid: 4185951439\nhop_limit: 3\npriority: BACKGROUND\n",
  "fromId": "!09d446b4",
  "toId": "^all"
}
============================================================
{
  "from": 164906676,
  "to": 4294967295,
  "decoded": {
    "portnum": "TELEMETRY_APP",
    "payload": "b'\\r7\\x8d\\x00\\x002\\x1f\\x08\\xf9\\x99\\x02 \\x03(\\x030\\x03@\\x01`\\x90\\x99\\x0fh\\xd0\\xcf\\x04x\\x9c\\xff\\xff\\xff\\xff\\xff\\xff\\xff\\xff\\x01'",
    "telemetry": {
      "time": 36151,
      "localStats": {
        "uptimeSeconds": 36089,
        "numPacketsTx": 3,
        "numPacketsRx": 3,
        "numPacketsRxBad": 3,
        "numTotalNodes": 1,
        "heapTotalBytes": 248976,
        "heapFreeBytes": 75728,
        "noiseFloor": -100
      },
      "raw": "time: 36151\nlocal_stats {\n  uptime_seconds: 36089\n  num_packets_tx: 3\n  num_packets_rx: 3\n  num_packets_rx_bad: 3\n  num_total_nodes: 1\n  heap_total_bytes: 248976\n  heap_free_bytes: 75728\n  noise_floor: -100\n}\n"
    }
  },
  "id": 2774153424,
  "hopLimit": 3,
  "priority": "BACKGROUND",
  "raw": "from: 164906676\nto: 4294967295\ndecoded {\n  portnum: TELEMETRY_APP\n  payload: \"\\r7\\215\\000\\0002\\037\\010\\371\\231\\002 \\003(\\0030\\003@\\001`\\220\\231\\017h\\320\\317\\004x\\234\\377\\377\\377\\377\\377\\377\\377\\377\\001\"\n}\nid: 2774153424\nhop_limit: 3\npriority: BACKGROUND\n",
  "fromId": "!09d446b4",
  "toId": "^all"
}
============================================================
{
  "from": 164906676,
  "to": 4294967295,
  "decoded": {
    "portnum": "TELEMETRY_APP",
    "payload": "b'\\rs\\x8d\\x00\\x00\\x12\\x15\\x08e\\x15\\xcb\\xa1\\x91@\\x1d\\x00\\x00\\x00\\x00%\\x00\\x00\\x00\\x00(\\xb5\\x9a\\x02'",
    "telemetry": {
      "time": 36211,
      "deviceMetrics": {
        "batteryLevel": 101,
        "voltage": 4.551,
        "channelUtilization": 0.0,
        "airUtilTx": 0.0,
        "uptimeSeconds": 36149
      },
      "raw": "time: 36211\ndevice_metrics {\n  battery_level: 101\n  voltage: 4.551\n  channel_utilization: 0\n  air_util_tx: 0\n  uptime_seconds: 36149\n}\n"
    }
  },
  "id": 3021046993,
  "hopLimit": 3,
  "priority": "BACKGROUND",
  "raw": "from: 164906676\nto: 4294967295\ndecoded {\n  portnum: TELEMETRY_APP\n  payload: \"\\rs\\215\\000\\000\\022\\025\\010e\\025\\313\\241\\221@\\035\\000\\000\\000\\000%\\000\\000\\000\\000(\\265\\232\\002\"\n}\nid: 3021046993\nhop_limit: 3\npriority: BACKGROUND\n",
  "fromId": "!09d446b4",
  "toId": "^all"
}
============================================================
{
  "from": 164906676,
  "to": 4294967295,
  "decoded": {
    "portnum": "TELEMETRY_APP",
    "payload": "b'\\r\\xaf\\x8d\\x00\\x00\\x12\\x15\\x08e\\x15\\x0c\\x02\\x93@\\x1d\\x00\\x00\\x00\\x00%\\x00\\x00\\x00\\x00(\\xf1\\x9a\\x02'",
    "telemetry": {
      "time": 36271,
      "deviceMetrics": {
        "batteryLevel": 101,
        "voltage": 4.594,
        "channelUtilization": 0.0,
        "airUtilTx": 0.0,
        "uptimeSeconds": 36209
      },
      "raw": "time: 36271\ndevice_metrics {\n  battery_level: 101\n  voltage: 4.594\n  channel_utilization: 0\n  air_util_tx: 0\n  uptime_seconds: 36209\n}\n"
    }
  },
  "id": 600590546,
  "hopLimit": 3,
  "priority": "BACKGROUND",
  "raw": "from: 164906676\nto: 4294967295\ndecoded {\n  portnum: TELEMETRY_APP\n  payload: \"\\r\\257\\215\\000\\000\\022\\025\\010e\\025\\014\\002\\223@\\035\\000\\000\\000\\000%\\000\\000\\000\\000(\\361\\232\\002\"\n}\nid: 600590546\nhop_limit: 3\npriority: BACKGROUND\n",
  "fromId": "!09d446b4",
  "toId": "^all"
}
============================================================
{
  "from": 164906676,
  "to": 4294967295,
  "decoded": {
    "portnum": "TELEMETRY_APP",
    "payload": "b'\\r\\xec\\x8d\\x00\\x00\\x12\\x15\\x08e\\x15\\xd3M\\x92@\\x1d\\x00\\x00\\x00\\x00%\\x00\\x00\\x00\\x00(\\xad\\x9b\\x02'",
    "telemetry": {
      "time": 36332,
      "deviceMetrics": {
        "batteryLevel": 101,
        "voltage": 4.572,
        "channelUtilization": 0.0,
        "airUtilTx": 0.0,
        "uptimeSeconds": 36269
      },
      "raw": "time: 36332\ndevice_metrics {\n  battery_level: 101\n  voltage: 4.572\n  channel_utilization: 0\n  air_util_tx: 0\n  uptime_seconds: 36269\n}\n"
    }
  },
  "id": 2296763603,
  "hopLimit": 3,
  "priority": "BACKGROUND",
  "raw": "from: 164906676\nto: 4294967295\ndecoded {\n  portnum: TELEMETRY_APP\n  payload: \"\\r\\354\\215\\000\\000\\022\\025\\010e\\025\\323M\\222@\\035\\000\\000\\000\\000%\\000\\000\\000\\000(\\255\\233\\002\"\n}\nid: 2296763603\nhop_limit: 3\npriority: BACKGROUND\n",
  "fromId": "!09d446b4",
  "toId": "^all"
}
============================================================
{
  "from": 164906676,
  "to": 4294967295,
  "decoded": {
    "portnum": "TELEMETRY_APP",
    "payload": "b'\\r(\\x8e\\x00\\x00\\x12\\x15\\x08e\\x15\\x93\\x18\\x94@\\x1d\\x00\\x00\\x00\\x00%\\x00\\x00\\x00\\x00(\\xe9\\x9b\\x02'",
    "telemetry": {
      "time": 36392,
      "deviceMetrics": {
        "batteryLevel": 101,
        "voltage": 4.628,
        "channelUtilization": 0.0,
        "airUtilTx": 0.0,
        "uptimeSeconds": 36329
      },
      "raw": "time: 36392\ndevice_metrics {\n  battery_level: 101\n  voltage: 4.628\n  channel_utilization: 0\n  air_util_tx: 0\n  uptime_seconds: 36329\n}\n"
    }
  },
  "id": 1875787988,
  "hopLimit": 3,
  "priority": "BACKGROUND",
  "raw": "from: 164906676\nto: 4294967295\ndecoded {\n  portnum: TELEMETRY_APP\n  payload: \"\\r(\\216\\000\\000\\022\\025\\010e\\025\\223\\030\\224@\\035\\000\\000\\000\\000%\\000\\000\\000\\000(\\351\\233\\002\"\n}\nid: 1875787988\nhop_limit: 3\npriority: BACKGROUND\n",
  "fromId": "!09d446b4",
  "toId": "^all"
}
============================================================
{
  "from": 164906676,
  "to": 4294967295,
  "decoded": {
    "portnum": "TELEMETRY_APP",
    "payload": "b'\\rd\\x8e\\x00\\x00\\x12\\x15\\x08e\\x15)\\\\\\x93@\\x1d\\x00\\x00\\x00\\x00%\\x00\\x00\\x00\\x00(\\xa5\\x9c\\x02'",
    "telemetry": {
      "time": 36452,
      "deviceMetrics": {
        "batteryLevel": 101,
        "voltage": 4.605,
        "channelUtilization": 0.0,
        "airUtilTx": 0.0,
        "uptimeSeconds": 36389
      },
      "raw": "time: 36452\ndevice_metrics {\n  battery_level: 101\n  voltage: 4.605\n  channel_utilization: 0\n  air_util_tx: 0\n  uptime_seconds: 36389\n}\n"
    }
  },
  "id": 3947066581,
  "hopLimit": 3,
  "priority": "BACKGROUND",
  "raw": "from: 164906676\nto: 4294967295\ndecoded {\n  portnum: TELEMETRY_APP\n  payload: \"\\rd\\216\\000\\000\\022\\025\\010e\\025)\\\\\\223@\\035\\000\\000\\000\\000%\\000\\000\\000\\000(\\245\\234\\002\"\n}\nid: 3947066581\nhop_limit: 3\npriority: BACKGROUND\n",
  "fromId": "!09d446b4",
  "toId": "^all"
}
============================================================
{
  "from": 164906676,
  "to": 4294967295,
  "decoded": {
    "portnum": "TELEMETRY_APP",
    "payload": "b'\\r\\xa0\\x8e\\x00\\x00\\x12\\x15\\x08e\\x159\\xb4\\x94@\\x1d\\x00\\x00\\x00\\x00%\\x00\\x00\\x00\\x00(\\xe2\\x9c\\x02'",
    "telemetry": {
      "time": 36512,
      "deviceMetrics": {
        "batteryLevel": 101,
        "voltage": 4.647,
        "channelUtilization": 0.0,
        "airUtilTx": 0.0,
        "uptimeSeconds": 36450
      },
      "raw": "time: 36512\ndevice_metrics {\n  battery_level: 101\n  voltage: 4.647\n  channel_utilization: 0\n  air_util_tx: 0\n  uptime_seconds: 36450\n}\n"
    }
  },
  "id": 2343020758,
  "hopLimit": 3,
  "priority": "BACKGROUND",
  "raw": "from: 164906676\nto: 4294967295\ndecoded {\n  portnum: TELEMETRY_APP\n  payload: \"\\r\\240\\216\\000\\000\\022\\025\\010e\\0259\\264\\224@\\035\\000\\000\\000\\000%\\000\\000\\000\\000(\\342\\234\\002\"\n}\nid: 2343020758\nhop_limit: 3\npriority: BACKGROUND\n",
  "fromId": "!09d446b4",
  "toId": "^all"
}
============================================================
{
  "from": 164906676,
  "to": 4294967295,
  "decoded": {
    "portnum": "TELEMETRY_APP",
    "payload": "b'\\r\\xdc\\x8e\\x00\\x00\\x12\\x15\\x08e\\x15\\xdd$\\x92@\\x1d\\x00\\x00\\x00\\x00%\\x00\\x00\\x00\\x00(\\x9e\\x9d\\x02'",
    "telemetry": {
      "time": 36572,
      "deviceMetrics": {
        "batteryLevel": 101,
        "voltage": 4.567,
        "channelUtilization": 0.0,
        "airUtilTx": 0.0,
        "uptimeSeconds": 36510
      },
      "raw": "time: 36572\ndevice_metrics {\n  battery_level: 101\n  voltage: 4.567\n  channel_utilization: 0\n  air_util_tx: 0\n  uptime_seconds: 36510\n}\n"
    }
  },
  "id": 3289957591,
  "hopLimit": 3,
  "priority": "BACKGROUND",
  "raw": "from: 164906676\nto: 4294967295\ndecoded {\n  portnum: TELEMETRY_APP\n  payload: \"\\r\\334\\216\\000\\000\\022\\025\\010e\\025\\335$\\222@\\035\\000\\000\\000\\000%\\000\\000\\000\\000(\\236\\235\\002\"\n}\nid: 3289957591\nhop_limit: 3\npriority: BACKGROUND\n",
  "fromId": "!09d446b4",
  "toId": "^all"
}
============================================================
{
  "from": 164906676,
  "to": 4294967295,
  "decoded": {
    "portnum": "TELEMETRY_APP",
    "payload": "b'\\r\\x18\\x8f\\x00\\x00\\x12\\x15\\x08e\\x15\\xbct\\x93@\\x1d\\x00\\x00\\x00\\x00%\\x00\\x00\\x00\\x00(\\xda\\x9d\\x02'",
    "telemetry": {
      "time": 36632,
      "deviceMetrics": {
        "batteryLevel": 101,
        "voltage": 4.608,
        "channelUtilization": 0.0,
        "airUtilTx": 0.0,
        "uptimeSeconds": 36570
      },
      "raw": "time: 36632\ndevice_metrics {\n  battery_level: 101\n  voltage: 4.608\n  channel_utilization: 0\n  air_util_tx: 0\n  uptime_seconds: 36570\n}\n"
    }
  },
  "id": 1414741208,
  "hopLimit": 3,
  "priority": "BACKGROUND",
  "raw": "from: 164906676\nto: 4294967295\ndecoded {\n  portnum: TELEMETRY_APP\n  payload: \"\\r\\030\\217\\000\\000\\022\\025\\010e\\025\\274t\\223@\\035\\000\\000\\000\\000%\\000\\000\\000\\000(\\332\\235\\002\"\n}\nid: 1414741208\nhop_limit: 3\npriority: BACKGROUND\n",
  "fromId": "!09d446b4",
  "toId": "^all"
}
============================================================
{
  "from": 164906676,
  "to": 4294967295,
  "decoded": {
    "portnum": "TELEMETRY_APP",
    "payload": "b'\\rT\\x8f\\x00\\x00\\x12\\x15\\x08e\\x15)\\\\\\x93@\\x1d\\x00\\x00\\x00\\x00%\\x00\\x00\\x00\\x00(\\x96\\x9e\\x02'",
    "telemetry": {
      "time": 36692,
      "deviceMetrics": {
        "batteryLevel": 101,
        "voltage": 4.605,
        "channelUtilization": 0.0,
        "airUtilTx": 0.0,
        "uptimeSeconds": 36630
      },
      "raw": "time: 36692\ndevice_metrics {\n  battery_level: 101\n  voltage: 4.605\n  channel_utilization: 0\n  air_util_tx: 0\n  uptime_seconds: 36630\n}\n"
    }
  },
  "id": 838489305,
  "hopLimit": 3,
  "priority": "BACKGROUND",
  "raw": "from: 164906676\nto: 4294967295\ndecoded {\n  portnum: TELEMETRY_APP\n  payload: \"\\rT\\217\\000\\000\\022\\025\\010e\\025)\\\\\\223@\\035\\000\\000\\000\\000%\\000\\000\\000\\000(\\226\\236\\002\"\n}\nid: 838489305\nhop_limit: 3\npriority: BACKGROUND\n",
  "fromId": "!09d446b4",
  "toId": "^all"
}
============================================================
{
  "from": 164906676,
  "to": 4294967295,
  "decoded": {
    "portnum": "TELEMETRY_APP",
    "payload": "b'\\r\\x90\\x8f\\x00\\x00\\x12\\x15\\x08e\\x15P\\x8d\\x93@\\x1d\\x00\\x00\\x00\\x00%\\x00\\x00\\x00\\x00(\\xd2\\x9e\\x02'",
    "telemetry": {
      "time": 36752,
      "deviceMetrics": {
        "batteryLevel": 101,
        "voltage": 4.611,
        "channelUtilization": 0.0,
        "airUtilTx": 0.0,
        "uptimeSeconds": 36690
      },
      "raw": "time: 36752\ndevice_metrics {\n  battery_level: 101\n  voltage: 4.611\n  channel_utilization: 0\n  air_util_tx: 0\n  uptime_seconds: 36690\n}\n"
    }
  },
  "id": 345039066,
  "hopLimit": 3,
  "priority": "BACKGROUND",
  "raw": "from: 164906676\nto: 4294967295\ndecoded {\n  portnum: TELEMETRY_APP\n  payload: \"\\r\\220\\217\\000\\000\\022\\025\\010e\\025P\\215\\223@\\035\\000\\000\\000\\000%\\000\\000\\000\\000(\\322\\236\\002\"\n}\nid: 345039066\nhop_limit: 3\npriority: BACKGROUND\n",
  "fromId": "!09d446b4",
  "toId": "^all"
}
============================================================
{
  "from": 164906676,
  "to": 4294967295,
  "decoded": {
    "portnum": "TELEMETRY_APP",
    "payload": "b'\\r\\xcc\\x8f\\x00\\x00\\x12\\x15\\x08e\\x15Nb\\x94@\\x1d\\x00\\x00\\x00\\x00%\\x00\\x00\\x00\\x00(\\x8e\\x9f\\x02'",
    "telemetry": {
      "time": 36812,
      "deviceMetrics": {
        "batteryLevel": 101,
        "voltage": 4.637,
        "channelUtilization": 0.0,
        "airUtilTx": 0.0,
        "uptimeSeconds": 36750
      },
      "raw": "time: 36812\ndevice_metrics {\n  battery_level: 101\n  voltage: 4.637\n  channel_utilization: 0\n  air_util_tx: 0\n  uptime_seconds: 36750\n}\n"
    }
  },
  "id": 2018379995,
  "hopLimit": 3,
  "priority": "BACKGROUND",
  "raw": "from: 164906676\nto: 4294967295\ndecoded {\n  portnum: TELEMETRY_APP\n  payload: \"\\r\\314\\217\\000\\000\\022\\025\\010e\\025Nb\\224@\\035\\000\\000\\000\\000%\\000\\000\\000\\000(\\216\\237\\002\"\n}\nid: 2018379995\nhop_limit: 3\npriority: BACKGROUND\n",
  "fromId": "!09d446b4",
  "toId": "^all"
}
============================================================
{
  "from": 164906676,
  "to": 4294967295,
  "decoded": {
    "portnum": "TELEMETRY_APP",
    "payload": "b'\\r\\x08\\x90\\x00\\x00\\x12\\x15\\x08e\\x15{\\x14\\x92@\\x1d\\x00\\x00\\x00\\x00%\\x00\\x00\\x00\\x00(\\xca\\x9f\\x02'",
    "telemetry": {
      "time": 36872,
      "deviceMetrics": {
        "batteryLevel": 101,
        "voltage": 4.565,
        "channelUtilization": 0.0,
        "airUtilTx": 0.0,
        "uptimeSeconds": 36810
      },
      "raw": "time: 36872\ndevice_metrics {\n  battery_level: 101\n  voltage: 4.565\n  channel_utilization: 0\n  air_util_tx: 0\n  uptime_seconds: 36810\n}\n"
    }
  },
  "id": 3429376220,
  "hopLimit": 3,
  "priority": "BACKGROUND",
  "raw": "from: 164906676\nto: 4294967295\ndecoded {\n  portnum: TELEMETRY_APP\n  payload: \"\\r\\010\\220\\000\\000\\022\\025\\010e\\025{\\024\\222@\\035\\000\\000\\000\\000%\\000\\000\\000\\000(\\312\\237\\002\"\n}\nid: 3429376220\nhop_limit: 3\npriority: BACKGROUND\n",
  "fromId": "!09d446b4",
  "toId": "^all"
}
============================================================
{
  "from": 164906676,
  "to": 4294967295,
  "decoded": {
    "portnum": "TELEMETRY_APP",
    "payload": "b'\\rD\\x90\\x00\\x00\\x12\\x15\\x08e\\x15\\x17\\xd9\\x92@\\x1d\\x00\\x00\\x00\\x00%\\x00\\x00\\x00\\x00(\\x86\\xa0\\x02'",
    "telemetry": {
      "time": 36932,
      "deviceMetrics": {
        "batteryLevel": 101,
        "voltage": 4.589,
        "channelUtilization": 0.0,
        "airUtilTx": 0.0,
        "uptimeSeconds": 36870
      },
      "raw": "time: 36932\ndevice_metrics {\n  battery_level: 101\n  voltage: 4.589\n  channel_utilization: 0\n  air_util_tx: 0\n  uptime_seconds: 36870\n}\n"
    }
  },
  "id": 1709274333,
  "hopLimit": 3,
  "priority": "BACKGROUND",
  "raw": "from: 164906676\nto: 4294967295\ndecoded {\n  portnum: TELEMETRY_APP\n  payload: \"\\rD\\220\\000\\000\\022\\025\\010e\\025\\027\\331\\222@\\035\\000\\000\\000\\000%\\000\\000\\000\\000(\\206\\240\\002\"\n}\nid: 1709274333\nhop_limit: 3\npriority: BACKGROUND\n",
  "fromId": "!09d446b4",
  "toId": "^all"
}
============================================================
{
  "from": 164906676,
  "to": 4294967295,
  "decoded": {
    "portnum": "TELEMETRY_APP",
    "payload": "b'\\r\\x80\\x90\\x00\\x00\\x12\\x15\\x08e\\x15\\x12\\x83\\x94@\\x1d\\x00\\x00\\x00\\x00%\\x00\\x00\\x00\\x00(\\xc2\\xa0\\x02'",
    "telemetry": {
      "time": 36992,
      "deviceMetrics": {
        "batteryLevel": 101,
        "voltage": 4.641,
        "channelUtilization": 0.0,
        "airUtilTx": 0.0,
        "uptimeSeconds": 36930
      },
      "raw": "time: 36992\ndevice_metrics {\n  battery_level: 101\n  voltage: 4.641\n  channel_utilization: 0\n  air_util_tx: 0\n  uptime_seconds: 36930\n}\n"
    }
  },
  "id": 3619599582,
  "hopLimit": 3,
  "priority": "BACKGROUND",
  "raw": "from: 164906676\nto: 4294967295\ndecoded {\n  portnum: TELEMETRY_APP\n  payload: \"\\r\\200\\220\\000\\000\\022\\025\\010e\\025\\022\\203\\224@\\035\\000\\000\\000\\000%\\000\\000\\000\\000(\\302\\240\\002\"\n}\nid: 3619599582\nhop_limit: 3\npriority: BACKGROUND\n",
  "fromId": "!09d446b4",
  "toId": "^all"
}
============================================================
{
  "from": 164906676,
  "to": 4294967295,
  "decoded": {
    "portnum": "TELEMETRY_APP",
    "payload": "b'\\r\\xbc\\x90\\x00\\x00\\x12\\x15\\x08e\\x15\\xcf\\xf7\\x93@\\x1d\\x00\\x00\\x00\\x00%\\x00\\x00\\x00\\x00(\\xfe\\xa0\\x02'",
    "telemetry": {
      "time": 37052,
      "deviceMetrics": {
        "batteryLevel": 101,
        "voltage": 4.624,
        "channelUtilization": 0.0,
        "airUtilTx": 0.0,
        "uptimeSeconds": 36990
      },
      "raw": "time: 37052\ndevice_metrics {\n  battery_level: 101\n  voltage: 4.624\n  channel_utilization: 0\n  air_util_tx: 0\n  uptime_seconds: 36990\n}\n"
    }
  },
  "id": 1333212383,
  "hopLimit": 3,
  "priority": "BACKGROUND",
  "raw": "from: 164906676\nto: 4294967295\ndecoded {\n  portnum: TELEMETRY_APP\n  payload: \"\\r\\274\\220\\000\\000\\022\\025\\010e\\025\\317\\367\\223@\\035\\000\\000\\000\\000%\\000\\000\\000\\000(\\376\\240\\002\"\n}\nid: 1333212383\nhop_limit: 3\npriority: BACKGROUND\n",
  "fromId": "!09d446b4",
  "toId": "^all"
}
============================================================
{
  "from": 164906676,
  "to": 4294967295,
  "decoded": {
    "portnum": "TELEMETRY_APP",
    "payload": "b'\\r\\xbc\\x90\\x00\\x002\\x1f\\x08\\xfe\\xa0\\x02 \\x03(\\x030\\x03@\\x01`\\x90\\x99\\x0fh\\xd0\\xcf\\x04x\\x9c\\xff\\xff\\xff\\xff\\xff\\xff\\xff\\xff\\x01'",
    "telemetry": {
      "time": 37052,
      "localStats": {
        "uptimeSeconds": 36990,
        "numPacketsTx": 3,
        "numPacketsRx": 3,
        "numPacketsRxBad": 3,
        "numTotalNodes": 1,
        "heapTotalBytes": 248976,
        "heapFreeBytes": 75728,
        "noiseFloor": -100
      },
      "raw": "time: 37052\nlocal_stats {\n  uptime_seconds: 36990\n  num_packets_tx: 3\n  num_packets_rx: 3\n  num_packets_rx_bad: 3\n  num_total_nodes: 1\n  heap_total_bytes: 248976\n  heap_free_bytes: 75728\n  noise_floor: -100\n}\n"
    }
  },
  "id": 1419288800,
  "hopLimit": 3,
  "priority": "BACKGROUND",
  "raw": "from: 164906676\nto: 4294967295\ndecoded {\n  portnum: TELEMETRY_APP\n  payload: \"\\r\\274\\220\\000\\0002\\037\\010\\376\\240\\002 \\003(\\0030\\003@\\001`\\220\\231\\017h\\320\\317\\004x\\234\\377\\377\\377\\377\\377\\377\\377\\377\\001\"\n}\nid: 1419288800\nhop_limit: 3\npriority: BACKGROUND\n",
  "fromId": "!09d446b4",
  "toId": "^all"
}
============================================================
{
  "from": 164906676,
  "to": 4294967295,
  "decoded": {
    "portnum": "TELEMETRY_APP",
    "payload": "b'\\r\\xf8\\x90\\x00\\x00\\x12\\x15\\x08e\\x15%\\x06\\x95@\\x1d\\x00\\x00\\x00\\x00%\\x00\\x00\\x00\\x00(\\xba\\xa1\\x02'",
    "telemetry": {
      "time": 37112,
      "deviceMetrics": {
        "batteryLevel": 101,
        "voltage": 4.657,
        "channelUtilization": 0.0,
        "airUtilTx": 0.0,
        "uptimeSeconds": 37050
      },
      "raw": "time: 37112\ndevice_metrics {\n  battery_level: 101\n  voltage: 4.657\n  channel_utilization: 0\n  air_util_tx: 0\n  uptime_seconds: 37050\n}\n"
    }
  },
  "id": 2478826721,
  "hopLimit": 3,
  "priority": "BACKGROUND",
  "raw": "from: 164906676\nto: 4294967295\ndecoded {\n  portnum: TELEMETRY_APP\n  payload: \"\\r\\370\\220\\000\\000\\022\\025\\010e\\025%\\006\\225@\\035\\000\\000\\000\\000%\\000\\000\\000\\000(\\272\\241\\002\"\n}\nid: 2478826721\nhop_limit: 3\npriority: BACKGROUND\n",
  "fromId": "!09d446b4",
  "toId": "^all"
}
============================================================
{
  "from": 164906676,
  "to": 4294967295,
  "decoded": {
    "portnum": "TELEMETRY_APP",
    "payload": "b'\\r4\\x91\\x00\\x00\\x12\\x15\\x08e\\x15\\x9c\\xc4\\x94@\\x1d\\x00\\x00\\x00\\x00%\\x00\\x00\\x00\\x00(\\xf6\\xa1\\x02'",
    "telemetry": {
      "time": 37172,
      "deviceMetrics": {
        "batteryLevel": 101,
        "voltage": 4.649,
        "channelUtilization": 0.0,
        "airUtilTx": 0.0,
        "uptimeSeconds": 37110
      },
      "raw": "time: 37172\ndevice_metrics {\n  battery_level: 101\n  voltage: 4.649\n  channel_utilization: 0\n  air_util_tx: 0\n  uptime_seconds: 37110\n}\n"
    }
  },
  "id": 2080449762,
  "hopLimit": 3,
  "priority": "BACKGROUND",
  "raw": "from: 164906676\nto: 4294967295\ndecoded {\n  portnum: TELEMETRY_APP\n  payload: \"\\r4\\221\\000\\000\\022\\025\\010e\\025\\234\\304\\224@\\035\\000\\000\\000\\000%\\000\\000\\000\\000(\\366\\241\\002\"\n}\nid: 2080449762\nhop_limit: 3\npriority: BACKGROUND\n",
  "fromId": "!09d446b4",
  "toId": "^all"
}
============================================================
{
  "from": 164906676,
  "to": 4294967295,
  "decoded": {
    "portnum": "TELEMETRY_APP",
    "payload": "b'\\rp\\x91\\x00\\x00\\x12\\x15\\x08e\\x15\\xf2\\xd2\\x91@\\x1d\\x00\\x00\\x00\\x00%\\x00\\x00\\x00\\x00(\\xb2\\xa2\\x02'",
    "telemetry": {
      "time": 37232,
      "deviceMetrics": {
        "batteryLevel": 101,
        "voltage": 4.557,
        "channelUtilization": 0.0,
        "airUtilTx": 0.0,
        "uptimeSeconds": 37170
      },
      "raw": "time: 37232\ndevice_metrics {\n  battery_level: 101\n  voltage: 4.557\n  channel_utilization: 0\n  air_util_tx: 0\n  uptime_seconds: 37170\n}\n"
    }
  },
  "id": 3720538339,
  "hopLimit": 3,
  "priority": "BACKGROUND",
  "raw": "from: 164906676\nto: 4294967295\ndecoded {\n  portnum: TELEMETRY_APP\n  payload: \"\\rp\\221\\000\\000\\022\\025\\010e\\025\\362\\322\\221@\\035\\000\\000\\000\\000%\\000\\000\\000\\000(\\262\\242\\002\"\n}\nid: 3720538339\nhop_limit: 3\npriority: BACKGROUND\n",
  "fromId": "!09d446b4",
  "toId": "^all"
}
============================================================
{
  "from": 164906676,
  "to": 4294967295,
  "decoded": {
    "portnum": "TELEMETRY_APP",
    "payload": "b'\\r\\xac\\x91\\x00\\x00\\x12\\x15\\x08e\\x15=\\n\\x93@\\x1d\\x00\\x00\\x00\\x00%\\x00\\x00\\x00\\x00(\\xee\\xa2\\x02'",
    "telemetry": {
      "time": 37292,
      "deviceMetrics": {
        "batteryLevel": 101,
        "voltage": 4.595,
        "channelUtilization": 0.0,
        "airUtilTx": 0.0,
        "uptimeSeconds": 37230
      },
      "raw": "time: 37292\ndevice_metrics {\n  battery_level: 101\n  voltage: 4.595\n  channel_utilization: 0\n  air_util_tx: 0\n  uptime_seconds: 37230\n}\n"
    }
  },
  "id": 352032996,
  "hopLimit": 3,
  "priority": "BACKGROUND",
  "raw": "from: 164906676\nto: 4294967295\ndecoded {\n  portnum: TELEMETRY_APP\n  payload: \"\\r\\254\\221\\000\\000\\022\\025\\010e\\025=\\n\\223@\\035\\000\\000\\000\\000%\\000\\000\\000\\000(\\356\\242\\002\"\n}\nid: 352032996\nhop_limit: 3\npriority: BACKGROUND\n",
  "fromId": "!09d446b4",
  "toId": "^all"
}
============================================================
{
  "from": 164906676,
  "to": 4294967295,
  "decoded": {
    "portnum": "TELEMETRY_APP",
    "payload": "b'\\r\\xe8\\x91\\x00\\x00\\x12\\x15\\x08e\\x15\\xb6\\xf3\\x91@\\x1d\\x00\\x00\\x00\\x00%\\x00\\x00\\x00\\x00(\\xaa\\xa3\\x02'",
    "telemetry": {
      "time": 37352,
      "deviceMetrics": {
        "batteryLevel": 101,
        "voltage": 4.561,
        "channelUtilization": 0.0,
        "airUtilTx": 0.0,
        "uptimeSeconds": 37290
      },
      "raw": "time: 37352\ndevice_metrics {\n  battery_level: 101\n  voltage: 4.561\n  channel_utilization: 0\n  air_util_tx: 0\n  uptime_seconds: 37290\n}\n"
    }
  },
  "id": 2441802981,
  "hopLimit": 3,
  "priority": "BACKGROUND",
  "raw": "from: 164906676\nto: 4294967295\ndecoded {\n  portnum: TELEMETRY_APP\n  payload: \"\\r\\350\\221\\000\\000\\022\\025\\010e\\025\\266\\363\\221@\\035\\000\\000\\000\\000%\\000\\000\\000\\000(\\252\\243\\002\"\n}\nid: 2441802981\nhop_limit: 3\npriority: BACKGROUND\n",
  "fromId": "!09d446b4",
  "toId": "^all"
}
============================================================
{
  "from": 164906676,
  "to": 4294967295,
  "decoded": {
    "portnum": "TELEMETRY_APP",
    "payload": "b'\\r$\\x92\\x00\\x00\\x12\\x15\\x08e\\x15\\xee|\\x93@\\x1d\\x00\\x00\\x00\\x00%\\x00\\x00\\x00\\x00(\\xe6\\xa3\\x02'",
    "telemetry": {
      "time": 37412,
      "deviceMetrics": {
        "batteryLevel": 101,
        "voltage": 4.609,
        "channelUtilization": 0.0,
        "airUtilTx": 0.0,
        "uptimeSeconds": 37350
      },
      "raw": "time: 37412\ndevice_metrics {\n  battery_level: 101\n  voltage: 4.609\n  channel_utilization: 0\n  air_util_tx: 0\n  uptime_seconds: 37350\n}\n"
    }
  },
  "id": 2071400678,
  "hopLimit": 3,
  "priority": "BACKGROUND",
  "raw": "from: 164906676\nto: 4294967295\ndecoded {\n  portnum: TELEMETRY_APP\n  payload: \"\\r$\\222\\000\\000\\022\\025\\010e\\025\\356|\\223@\\035\\000\\000\\000\\000%\\000\\000\\000\\000(\\346\\243\\002\"\n}\nid: 2071400678\nhop_limit: 3\npriority: BACKGROUND\n",
  "fromId": "!09d446b4",
  "toId": "^all"
}
============================================================
{
  "from": 164906676,
  "to": 4294967295,
  "decoded": {
    "portnum": "TELEMETRY_APP",
    "payload": "b'\\r`\\x92\\x00\\x00\\x12\\x15\\x08e\\x15\\x12\\x83\\x94@\\x1d\\x00\\x00\\x00\\x00%\\x00\\x00\\x00\\x00(\\xa2\\xa4\\x02'",
    "telemetry": {
      "time": 37472,
      "deviceMetrics": {
        "batteryLevel": 101,
        "voltage": 4.641,
        "channelUtilization": 0.0,
        "airUtilTx": 0.0,
        "uptimeSeconds": 37410
      },
      "raw": "time: 37472\ndevice_metrics {\n  battery_level: 101\n  voltage: 4.641\n  channel_utilization: 0\n  air_util_tx: 0\n  uptime_seconds: 37410\n}\n"
    }
  },
  "id": 1731316967,
  "hopLimit": 3,
  "priority": "BACKGROUND",
  "raw": "from: 164906676\nto: 4294967295\ndecoded {\n  portnum: TELEMETRY_APP\n  payload: \"\\r`\\222\\000\\000\\022\\025\\010e\\025\\022\\203\\224@\\035\\000\\000\\000\\000%\\000\\000\\000\\000(\\242\\244\\002\"\n}\nid: 1731316967\nhop_limit: 3\npriority: BACKGROUND\n",
  "fromId": "!09d446b4",
  "toId": "^all"
}
============================================================
{
  "from": 164906676,
  "to": 4294967295,
  "decoded": {
    "portnum": "TELEMETRY_APP",
    "payload": "b'\\r\\x9c\\x92\\x00\\x00\\x12\\x15\\x08e\\x15\\xac\\x1c\\x92@\\x1d\\x00\\x00\\x00\\x00%\\x00\\x00\\x00\\x00(\\xde\\xa4\\x02'",
    "telemetry": {
      "time": 37532,
      "deviceMetrics": {
        "batteryLevel": 101,
        "voltage": 4.566,
        "channelUtilization": 0.0,
        "airUtilTx": 0.0,
        "uptimeSeconds": 37470
      },
      "raw": "time: 37532\ndevice_metrics {\n  battery_level: 101\n  voltage: 4.566\n  channel_utilization: 0\n  air_util_tx: 0\n  uptime_seconds: 37470\n}\n"
    }
  },
  "id": 4037507304,
  "hopLimit": 3,
  "priority": "BACKGROUND",
  "raw": "from: 164906676\nto: 4294967295\ndecoded {\n  portnum: TELEMETRY_APP\n  payload: \"\\r\\234\\222\\000\\000\\022\\025\\010e\\025\\254\\034\\222@\\035\\000\\000\\000\\000%\\000\\000\\000\\000(\\336\\244\\002\"\n}\nid: 4037507304\nhop_limit: 3\npriority: BACKGROUND\n",
  "fromId": "!09d446b4",
  "toId": "^all"
}
============================================================
{
  "from": 164906676,
  "to": 4294967295,
  "decoded": {
    "portnum": "TELEMETRY_APP",
    "payload": "b'\\r\\xd8\\x92\\x00\\x00\\x12\\x15\\x08e\\x151\\x08\\x94@\\x1d\\x00\\x00\\x00\\x00%\\x00\\x00\\x00\\x00(\\x9a\\xa5\\x02'",
    "telemetry": {
      "time": 37592,
      "deviceMetrics": {
        "batteryLevel": 101,
        "voltage": 4.626,
        "channelUtilization": 0.0,
        "airUtilTx": 0.0,
        "uptimeSeconds": 37530
      },
      "raw": "time: 37592\ndevice_metrics {\n  battery_level: 101\n  voltage: 4.626\n  channel_utilization: 0\n  air_util_tx: 0\n  uptime_seconds: 37530\n}\n"
    }
  },
  "id": 1328850153,
  "hopLimit": 3,
  "priority": "BACKGROUND",
  "raw": "from: 164906676\nto: 4294967295\ndecoded {\n  portnum: TELEMETRY_APP\n  payload: \"\\r\\330\\222\\000\\000\\022\\025\\010e\\0251\\010\\224@\\035\\000\\000\\000\\000%\\000\\000\\000\\000(\\232\\245\\002\"\n}\nid: 1328850153\nhop_limit: 3\npriority: BACKGROUND\n",
  "fromId": "!09d446b4",
  "toId": "^all"
}
============================================================
{
  "from": 164906676,
  "to": 4294967295,
  "decoded": {
    "portnum": "TELEMETRY_APP",
    "payload": "b'\\r\\x15\\x93\\x00\\x00\\x12\\x15\\x08e\\x15;\\xdf\\x93@\\x1d\\x00\\x00\\x00\\x00%\\x00\\x00\\x00\\x00(\\xd6\\xa5\\x02'",
    "telemetry": {
      "time": 37653,
      "deviceMetrics": {
        "batteryLevel": 101,
        "voltage": 4.621,
        "channelUtilization": 0.0,
        "airUtilTx": 0.0,
        "uptimeSeconds": 37590
      },
      "raw": "time: 37653\ndevice_metrics {\n  battery_level: 101\n  voltage: 4.621\n  channel_utilization: 0\n  air_util_tx: 0\n  uptime_seconds: 37590\n}\n"
    }
  },
  "id": 1232991466,
  "hopLimit": 3,
  "priority": "BACKGROUND",
  "raw": "from: 164906676\nto: 4294967295\ndecoded {\n  portnum: TELEMETRY_APP\n  payload: \"\\r\\025\\223\\000\\000\\022\\025\\010e\\025;\\337\\223@\\035\\000\\000\\000\\000%\\000\\000\\000\\000(\\326\\245\\002\"\n}\nid: 1232991466\nhop_limit: 3\npriority: BACKGROUND\n",
  "fromId": "!09d446b4",
  "toId": "^all"
}
============================================================
{
  "from": 164906676,
  "to": 4294967295,
  "decoded": {
    "portnum": "TELEMETRY_APP",
    "payload": "b'\\rQ\\x93\\x00\\x00\\x12\\x15\\x08e\\x15D\\x8b\\x94@\\x1d\\x00\\x00\\x00\\x00%\\x00\\x00\\x00\\x00(\\x92\\xa6\\x02'",
    "telemetry": {
      "time": 37713,
      "deviceMetrics": {
        "batteryLevel": 101,
        "voltage": 4.642,
        "channelUtilization": 0.0,
        "airUtilTx": 0.0,
        "uptimeSeconds": 37650
      },
      "raw": "time: 37713\ndevice_metrics {\n  battery_level: 101\n  voltage: 4.642\n  channel_utilization: 0\n  air_util_tx: 0\n  uptime_seconds: 37650\n}\n"
    }
  },
  "id": 3507929323,
  "hopLimit": 3,
  "priority": "BACKGROUND",
  "raw": "from: 164906676\nto: 4294967295\ndecoded {\n  portnum: TELEMETRY_APP\n  payload: \"\\rQ\\223\\000\\000\\022\\025\\010e\\025D\\213\\224@\\035\\000\\000\\000\\000%\\000\\000\\000\\000(\\222\\246\\002\"\n}\nid: 3507929323\nhop_limit: 3\npriority: BACKGROUND\n",
  "fromId": "!09d446b4",
  "toId": "^all"
}
============================================================
{
  "from": 164906676,
  "to": 4294967295,
  "decoded": {
    "portnum": "TELEMETRY_APP",
    "payload": "b'\\r\\x8d\\x93\\x00\\x00\\x12\\x15\\x08e\\x15\\xd3M\\x92@\\x1d\\x00\\x00\\x00\\x00%\\x00\\x00\\x00\\x00(\\xcf\\xa6\\x02'",
    "telemetry": {
      "time": 37773,
      "deviceMetrics": {
        "batteryLevel": 101,
        "voltage": 4.572,
        "channelUtilization": 0.0,
        "airUtilTx": 0.0,
        "uptimeSeconds": 37711
      },
      "raw": "time: 37773\ndevice_metrics {\n  battery_level: 101\n  voltage: 4.572\n  channel_utilization: 0\n  air_util_tx: 0\n  uptime_seconds: 37711\n}\n"
    }
  },
  "id": 3962203372,
  "hopLimit": 3,
  "priority": "BACKGROUND",
  "raw": "from: 164906676\nto: 4294967295\ndecoded {\n  portnum: TELEMETRY_APP\n  payload: \"\\r\\215\\223\\000\\000\\022\\025\\010e\\025\\323M\\222@\\035\\000\\000\\000\\000%\\000\\000\\000\\000(\\317\\246\\002\"\n}\nid: 3962203372\nhop_limit: 3\npriority: BACKGROUND\n",
  "fromId": "!09d446b4",
  "toId": "^all"
}
============================================================
{
  "from": 164906676,
  "to": 4294967295,
  "decoded": {
    "portnum": "TELEMETRY_APP",
    "payload": "b'\\r\\xc9\\x93\\x00\\x00\\x12\\x15\\x08e\\x15\\x96C\\x93@\\x1d\\x00\\x00\\x00\\x00%\\x00\\x00\\x00\\x00(\\x8b\\xa7\\x02'",
    "telemetry": {
      "time": 37833,
      "deviceMetrics": {
        "batteryLevel": 101,
        "voltage": 4.602,
        "channelUtilization": 0.0,
        "airUtilTx": 0.0,
        "uptimeSeconds": 37771
      },
      "raw": "time: 37833\ndevice_metrics {\n  battery_level: 101\n  voltage: 4.602\n  channel_utilization: 0\n  air_util_tx: 0\n  uptime_seconds: 37771\n}\n"
    }
  },
  "id": 3169596653,
  "hopLimit": 3,
  "priority": "BACKGROUND",
  "raw": "from: 164906676\nto: 4294967295\ndecoded {\n  portnum: TELEMETRY_APP\n  payload: \"\\r\\311\\223\\000\\000\\022\\025\\010e\\025\\226C\\223@\\035\\000\\000\\000\\000%\\000\\000\\000\\000(\\213\\247\\002\"\n}\nid: 3169596653\nhop_limit: 3\npriority: BACKGROUND\n",
  "fromId": "!09d446b4",
  "toId": "^all"
}
============================================================
{
  "from": 164906676,
  "to": 4294967295,
  "decoded": {
    "portnum": "TELEMETRY_APP",
    "payload": "b'\\r\\x05\\x94\\x00\\x00\\x12\\x15\\x08e\\x15\\x0c\\x02\\x93@\\x1d\\x00\\x00\\x00\\x00%\\x00\\x00\\x00\\x00(\\xc7\\xa7\\x02'",
    "telemetry": {
      "time": 37893,
      "deviceMetrics": {
        "batteryLevel": 101,
        "voltage": 4.594,
        "channelUtilization": 0.0,
        "airUtilTx": 0.0,
        "uptimeSeconds": 37831
      },
      "raw": "time: 37893\ndevice_metrics {\n  battery_level: 101\n  voltage: 4.594\n  channel_utilization: 0\n  air_util_tx: 0\n  uptime_seconds: 37831\n}\n"
    }
  },
  "id": 1643961582,
  "hopLimit": 3,
  "priority": "BACKGROUND",
  "raw": "from: 164906676\nto: 4294967295\ndecoded {\n  portnum: TELEMETRY_APP\n  payload: \"\\r\\005\\224\\000\\000\\022\\025\\010e\\025\\014\\002\\223@\\035\\000\\000\\000\\000%\\000\\000\\000\\000(\\307\\247\\002\"\n}\nid: 1643961582\nhop_limit: 3\npriority: BACKGROUND\n",
  "fromId": "!09d446b4",
  "toId": "^all"
}
============================================================
{
  "from": 164906676,
  "to": 4294967295,
  "decoded": {
    "portnum": "TELEMETRY_APP",
    "payload": "b'\\rA\\x94\\x00\\x00\\x12\\x15\\x08e\\x15\\xa8\\xc6\\x93@\\x1d\\x00\\x00\\x00\\x00%\\x00\\x00\\x00\\x00(\\x83\\xa8\\x02'",
    "telemetry": {
      "time": 37953,
      "deviceMetrics": {
        "batteryLevel": 101,
        "voltage": 4.618,
        "channelUtilization": 0.0,
        "airUtilTx": 0.0,
        "uptimeSeconds": 37891
      },
      "raw": "time: 37953\ndevice_metrics {\n  battery_level: 101\n  voltage: 4.618\n  channel_utilization: 0\n  air_util_tx: 0\n  uptime_seconds: 37891\n}\n"
    }
  },
  "id": 1802730735,
  "hopLimit": 3,
  "priority": "BACKGROUND",
  "raw": "from: 164906676\nto: 4294967295\ndecoded {\n  portnum: TELEMETRY_APP\n  payload: \"\\rA\\224\\000\\000\\022\\025\\010e\\025\\250\\306\\223@\\035\\000\\000\\000\\000%\\000\\000\\000\\000(\\203\\250\\002\"\n}\nid: 1802730735\nhop_limit: 3\npriority: BACKGROUND\n",
  "fromId": "!09d446b4",
  "toId": "^all"
}
============================================================
{
  "from": 164906676,
  "to": 4294967295,
  "decoded": {
    "portnum": "TELEMETRY_APP",
    "payload": "b'\\rA\\x94\\x00\\x002\\x1f\\x08\\x83\\xa8\\x02 \\x03(\\x030\\x03@\\x01`\\x90\\x99\\x0fh\\xd0\\xcf\\x04x\\x9c\\xff\\xff\\xff\\xff\\xff\\xff\\xff\\xff\\x01'",
    "telemetry": {
      "time": 37953,
      "localStats": {
        "uptimeSeconds": 37891,
        "numPacketsTx": 3,
        "numPacketsRx": 3,
        "numPacketsRxBad": 3,
        "numTotalNodes": 1,
        "heapTotalBytes": 248976,
        "heapFreeBytes": 75728,
        "noiseFloor": -100
      },
      "raw": "time: 37953\nlocal_stats {\n  uptime_seconds: 37891\n  num_packets_tx: 3\n  num_packets_rx: 3\n  num_packets_rx_bad: 3\n  num_total_nodes: 1\n  heap_total_bytes: 248976\n  heap_free_bytes: 75728\n  noise_floor: -100\n}\n"
    }
  },
  "id": 329546992,
  "hopLimit": 3,
  "priority": "BACKGROUND",
  "raw": "from: 164906676\nto: 4294967295\ndecoded {\n  portnum: TELEMETRY_APP\n  payload: \"\\rA\\224\\000\\0002\\037\\010\\203\\250\\002 \\003(\\0030\\003@\\001`\\220\\231\\017h\\320\\317\\004x\\234\\377\\377\\377\\377\\377\\377\\377\\377\\001\"\n}\nid: 329546992\nhop_limit: 3\npriority: BACKGROUND\n",
  "fromId": "!09d446b4",
  "toId": "^all"
}
============================================================
{
  "from": 164906676,
  "to": 4294967295,
  "decoded": {
    "portnum": "TELEMETRY_APP",
    "payload": "b'\\r}\\x94\\x00\\x00\\x12\\x15\\x08e\\x15\\xd5x\\x91@\\x1d\\x00\\x00\\x00\\x00%\\x00\\x00\\x00\\x00(\\xbf\\xa8\\x02'",
    "telemetry": {
      "time": 38013,
      "deviceMetrics": {
        "batteryLevel": 101,
        "voltage": 4.546,
        "channelUtilization": 0.0,
        "airUtilTx": 0.0,
        "uptimeSeconds": 37951
      },
      "raw": "time: 38013\ndevice_metrics {\n  battery_level: 101\n  voltage: 4.546\n  channel_utilization: 0\n  air_util_tx: 0\n  uptime_seconds: 37951\n}\n"
    }
  },
  "id": 437547249,
  "hopLimit": 3,
  "priority": "BACKGROUND",
  "raw": "from: 164906676\nto: 4294967295\ndecoded {\n  portnum: TELEMETRY_APP\n  payload: \"\\r}\\224\\000\\000\\022\\025\\010e\\025\\325x\\221@\\035\\000\\000\\000\\000%\\000\\000\\000\\000(\\277\\250\\002\"\n}\nid: 437547249\nhop_limit: 3\npriority: BACKGROUND\n",
  "fromId": "!09d446b4",
  "toId": "^all"
}
============================================================
{
  "from": 164906676,
  "to": 4294967295,
  "decoded": {
    "portnum": "TELEMETRY_APP",
    "payload": "b'\\r\\xb9\\x94\\x00\\x00\\x12\\x15\\x08e\\x15\\xc7K\\x93@\\x1d\\x00\\x00\\x00\\x00%\\x00\\x00\\x00\\x00(\\xfb\\xa8\\x02'",
    "telemetry": {
      "time": 38073,
      "deviceMetrics": {
        "batteryLevel": 101,
        "voltage": 4.603,
        "channelUtilization": 0.0,
        "airUtilTx": 0.0,
        "uptimeSeconds": 38011
      },
      "raw": "time: 38073\ndevice_metrics {\n  battery_level: 101\n  voltage: 4.603\n  channel_utilization: 0\n  air_util_tx: 0\n  uptime_seconds: 38011\n}\n"
    }
  },
  "id": 1084737778,
  "hopLimit": 3,
  "priority": "BACKGROUND",
  "raw": "from: 164906676\nto: 4294967295\ndecoded {\n  portnum: TELEMETRY_APP\n  payload: \"\\r\\271\\224\\000\\000\\022\\025\\010e\\025\\307K\\223@\\035\\000\\000\\000\\000%\\000\\000\\000\\000(\\373\\250\\002\"\n}\nid: 1084737778\nhop_limit: 3\npriority: BACKGROUND\n",
  "fromId": "!09d446b4",
  "toId": "^all"
}
============================================================
{
  "from": 164906676,
  "to": 4294967295,
  "decoded": {
    "portnum": "TELEMETRY_APP",
    "payload": "b'\\r\\xf5\\x94\\x00\\x00\\x12\\x15\\x08e\\x15\\\\\\x8f\\x92@\\x1d\\x00\\x00\\x00\\x00%\\x00\\x00\\x00\\x00(\\xb7\\xa9\\x02'",
    "telemetry": {
      "time": 38133,
      "deviceMetrics": {
        "batteryLevel": 101,
        "voltage": 4.58,
        "channelUtilization": 0.0,
        "airUtilTx": 0.0,
        "uptimeSeconds": 38071
      },
      "raw": "time: 38133\ndevice_metrics {\n  battery_level: 101\n  voltage: 4.58\n  channel_utilization: 0\n  air_util_tx: 0\n  uptime_seconds: 38071\n}\n"
    }
  },
  "id": 3114415347,
  "hopLimit": 3,
  "priority": "BACKGROUND",
  "raw": "from: 164906676\nto: 4294967295\ndecoded {\n  portnum: TELEMETRY_APP\n  payload: \"\\r\\365\\224\\000\\000\\022\\025\\010e\\025\\\\\\217\\222@\\035\\000\\000\\000\\000%\\000\\000\\000\\000(\\267\\251\\002\"\n}\nid: 3114415347\nhop_limit: 3\npriority: BACKGROUND\n",
  "fromId": "!09d446b4",
  "toId": "^all"
}
============================================================
{
  "from": 164906676,
  "to": 4294967295,
  "decoded": {
    "portnum": "TELEMETRY_APP",
    "payload": "b'\\r1\\x95\\x00\\x00\\x12\\x15\\x08e\\x15\\xcf\\xf7\\x93@\\x1d\\x00\\x00\\x00\\x00%\\x00\\x00\\x00\\x00(\\xf3\\xa9\\x02'",
    "telemetry": {
      "time": 38193,
      "deviceMetrics": {
        "batteryLevel": 101,
        "voltage": 4.624,
        "channelUtilization": 0.0,
        "airUtilTx": 0.0,
        "uptimeSeconds": 38131
      },
      "raw": "time: 38193\ndevice_metrics {\n  battery_level: 101\n  voltage: 4.624\n  channel_utilization: 0\n  air_util_tx: 0\n  uptime_seconds: 38131\n}\n"
    }
  },
  "id": 1500100852,
  "hopLimit": 3,
  "priority": "BACKGROUND",
  "raw": "from: 164906676\nto: 4294967295\ndecoded {\n  portnum: TELEMETRY_APP\n  payload: \"\\r1\\225\\000\\000\\022\\025\\010e\\025\\317\\367\\223@\\035\\000\\000\\000\\000%\\000\\000\\000\\000(\\363\\251\\002\"\n}\nid: 1500100852\nhop_limit: 3\npriority: BACKGROUND\n",
  "fromId": "!09d446b4",
  "toId": "^all"
}
============================================================
{
  "from": 164906676,
  "to": 4294967295,
  "decoded": {
    "portnum": "TELEMETRY_APP",
    "payload": "b'\\rm\\x95\\x00\\x00\\x12\\x15\\x08e\\x15\\x0c\\x02\\x93@\\x1d\\x00\\x00\\x00\\x00%\\x00\\x00\\x00\\x00(\\xaf\\xaa\\x02'",
    "telemetry": {
      "time": 38253,
      "deviceMetrics": {
        "batteryLevel": 101,
        "voltage": 4.594,
        "channelUtilization": 0.0,
        "airUtilTx": 0.0,
        "uptimeSeconds": 38191
      },
      "raw": "time: 38253\ndevice_metrics {\n  battery_level: 101\n  voltage: 4.594\n  channel_utilization: 0\n  air_util_tx: 0\n  uptime_seconds: 38191\n}\n"
    }
  },
  "id": 712869109,
  "hopLimit": 3,
  "priority": "BACKGROUND",
  "raw": "from: 164906676\nto: 4294967295\ndecoded {\n  portnum: TELEMETRY_APP\n  payload: \"\\rm\\225\\000\\000\\022\\025\\010e\\025\\014\\002\\223@\\035\\000\\000\\000\\000%\\000\\000\\000\\000(\\257\\252\\002\"\n}\nid: 712869109\nhop_limit: 3\npriority: BACKGROUND\n",
  "fromId": "!09d446b4",
  "toId": "^all"
}
============================================================
{
  "from": 164906676,
  "to": 4294967295,
  "decoded": {
    "portnum": "TELEMETRY_APP",
    "payload": "b'\\r\\xa9\\x95\\x00\\x00\\x12\\x15\\x08e\\x15\\xbaI\\x94@\\x1d\\x00\\x00\\x00\\x00%\\x00\\x00\\x00\\x00(\\xeb\\xaa\\x02'",
    "telemetry": {
      "time": 38313,
      "deviceMetrics": {
        "batteryLevel": 101,
        "voltage": 4.634,
        "channelUtilization": 0.0,
        "airUtilTx": 0.0,
        "uptimeSeconds": 38251
      },
      "raw": "time: 38313\ndevice_metrics {\n  battery_level: 101\n  voltage: 4.634\n  channel_utilization: 0\n  air_util_tx: 0\n  uptime_seconds: 38251\n}\n"
    }
  },
  "id": 1810651382,
  "hopLimit": 3,
  "priority": "BACKGROUND",
  "raw": "from: 164906676\nto: 4294967295\ndecoded {\n  portnum: TELEMETRY_APP\n  payload: \"\\r\\251\\225\\000\\000\\022\\025\\010e\\025\\272I\\224@\\035\\000\\000\\000\\000%\\000\\000\\000\\000(\\353\\252\\002\"\n}\nid: 1810651382\nhop_limit: 3\npriority: BACKGROUND\n",
  "fromId": "!09d446b4",
  "toId": "^all"
}
============================================================
{
  "from": 164906676,
  "to": 4294967295,
  "decoded": {
    "portnum": "TELEMETRY_APP",
    "payload": "b'\\r\\xe5\\x95\\x00\\x00\\x12\\x15\\x08e\\x15}?\\x95@\\x1d\\x00\\x00\\x00\\x00%\\x00\\x00\\x00\\x00(\\xa7\\xab\\x02'",
    "telemetry": {
      "time": 38373,
      "deviceMetrics": {
        "batteryLevel": 101,
        "voltage": 4.664,
        "channelUtilization": 0.0,
        "airUtilTx": 0.0,
        "uptimeSeconds": 38311
      },
      "raw": "time: 38373\ndevice_metrics {\n  battery_level: 101\n  voltage: 4.664\n  channel_utilization: 0\n  air_util_tx: 0\n  uptime_seconds: 38311\n}\n"
    }
  },
  "id": 3263618295,
  "hopLimit": 3,
  "priority": "BACKGROUND",
  "raw": "from: 164906676\nto: 4294967295\ndecoded {\n  portnum: TELEMETRY_APP\n  payload: \"\\r\\345\\225\\000\\000\\022\\025\\010e\\025}?\\225@\\035\\000\\000\\000\\000%\\000\\000\\000\\000(\\247\\253\\002\"\n}\nid: 3263618295\nhop_limit: 3\npriority: BACKGROUND\n",
  "fromId": "!09d446b4",
  "toId": "^all"
}
============================================================
{
  "from": 164906676,
  "to": 4294967295,
  "decoded": {
    "portnum": "TELEMETRY_APP",
    "payload": "b'\\r!\\x96\\x00\\x00\\x12\\x15\\x08e\\x15w\\xbe\\x93@\\x1d\\x00\\x00\\x00\\x00%\\x00\\x00\\x00\\x00(\\xe3\\xab\\x02'",
    "telemetry": {
      "time": 38433,
      "deviceMetrics": {
        "batteryLevel": 101,
        "voltage": 4.617,
        "channelUtilization": 0.0,
        "airUtilTx": 0.0,
        "uptimeSeconds": 38371
      },
      "raw": "time: 38433\ndevice_metrics {\n  battery_level: 101\n  voltage: 4.617\n  channel_utilization: 0\n  air_util_tx: 0\n  uptime_seconds: 38371\n}\n"
    }
  },
  "id": 2051372280,
  "hopLimit": 3,
  "priority": "BACKGROUND",
  "raw": "from: 164906676\nto: 4294967295\ndecoded {\n  portnum: TELEMETRY_APP\n  payload: \"\\r!\\226\\000\\000\\022\\025\\010e\\025w\\276\\223@\\035\\000\\000\\000\\000%\\000\\000\\000\\000(\\343\\253\\002\"\n}\nid: 2051372280\nhop_limit: 3\npriority: BACKGROUND\n",
  "fromId": "!09d446b4",
  "toId": "^all"
}
============================================================
{
  "from": 164906676,
  "to": 4294967295,
  "decoded": {
    "portnum": "TELEMETRY_APP",
    "payload": "b'\\r]\\x96\\x00\\x00\\x12\\x15\\x08e\\x15Nb\\x94@\\x1d\\x00\\x00\\x00\\x00%\\x00\\x00\\x00\\x00(\\x9f\\xac\\x02'",
    "telemetry": {
      "time": 38493,
      "deviceMetrics": {
        "batteryLevel": 101,
        "voltage": 4.637,
        "channelUtilization": 0.0,
        "airUtilTx": 0.0,
        "uptimeSeconds": 38431
      },
      "raw": "time: 38493\ndevice_metrics {\n  battery_level: 101\n  voltage: 4.637\n  channel_utilization: 0\n  air_util_tx: 0\n  uptime_seconds: 38431\n}\n"
    }
  },
  "id": 3152855289,
  "hopLimit": 3,
  "priority": "BACKGROUND",
  "raw": "from: 164906676\nto: 4294967295\ndecoded {\n  portnum: TELEMETRY_APP\n  payload: \"\\r]\\226\\000\\000\\022\\025\\010e\\025Nb\\224@\\035\\000\\000\\000\\000%\\000\\000\\000\\000(\\237\\254\\002\"\n}\nid: 3152855289\nhop_limit: 3\npriority: BACKGROUND\n",
  "fromId": "!09d446b4",
  "toId": "^all"
}
============================================================
{
  "from": 164906676,
  "to": 4294967295,
  "decoded": {
    "portnum": "TELEMETRY_APP",
    "payload": "b'\\r\\x99\\x96\\x00\\x00\\x12\\x15\\x08e\\x15Zd\\x93@\\x1d\\x00\\x00\\x00\\x00%\\x00\\x00\\x00\\x00(\\xdb\\xac\\x02'",
    "telemetry": {
      "time": 38553,
      "deviceMetrics": {
        "batteryLevel": 101,
        "voltage": 4.606,
        "channelUtilization": 0.0,
        "airUtilTx": 0.0,
        "uptimeSeconds": 38491
      },
      "raw": "time: 38553\ndevice_metrics {\n  battery_level: 101\n  voltage: 4.606\n  channel_utilization: 0\n  air_util_tx: 0\n  uptime_seconds: 38491\n}\n"
    }
  },
  "id": 3758751994,
  "hopLimit": 3,
  "priority": "BACKGROUND",
  "raw": "from: 164906676\nto: 4294967295\ndecoded {\n  portnum: TELEMETRY_APP\n  payload: \"\\r\\231\\226\\000\\000\\022\\025\\010e\\025Zd\\223@\\035\\000\\000\\000\\000%\\000\\000\\000\\000(\\333\\254\\002\"\n}\nid: 3758751994\nhop_limit: 3\npriority: BACKGROUND\n",
  "fromId": "!09d446b4",
  "toId": "^all"
}
============================================================
{
  "from": 164906676,
  "to": 4294967295,
  "decoded": {
    "portnum": "TELEMETRY_APP",
    "payload": "b'\\r\\xd5\\x96\\x00\\x00\\x12\\x15\\x08e\\x15\\xbct\\x93@\\x1d\\x00\\x00\\x00\\x00%\\x00\\x00\\x00\\x00(\\x97\\xad\\x02'",
    "telemetry": {
      "time": 38613,
      "deviceMetrics": {
        "batteryLevel": 101,
        "voltage": 4.608,
        "channelUtilization": 0.0,
        "airUtilTx": 0.0,
        "uptimeSeconds": 38551
      },
      "raw": "time: 38613\ndevice_metrics {\n  battery_level: 101\n  voltage: 4.608\n  channel_utilization: 0\n  air_util_tx: 0\n  uptime_seconds: 38551\n}\n"
    }
  },
  "id": 2468142331,
  "hopLimit": 3,
  "priority": "BACKGROUND",
  "raw": "from: 164906676\nto: 4294967295\ndecoded {\n  portnum: TELEMETRY_APP\n  payload: \"\\r\\325\\226\\000\\000\\022\\025\\010e\\025\\274t\\223@\\035\\000\\000\\000\\000%\\000\\000\\000\\000(\\227\\255\\002\"\n}\nid: 2468142331\nhop_limit: 3\npriority: BACKGROUND\n",
  "fromId": "!09d446b4",
  "toId": "^all"
}
============================================================
{
  "from": 164906676,
  "to": 4294967295,
  "decoded": {
    "portnum": "TELEMETRY_APP",
    "payload": "b'\\r\\x11\\x97\\x00\\x00\\x12\\x15\\x08e\\x159\\xb4\\x94@\\x1d\\x00\\x00\\x00\\x00%\\x00\\x00\\x00\\x00(\\xd3\\xad\\x02'",
    "telemetry": {
      "time": 38673,
      "deviceMetrics": {
        "batteryLevel": 101,
        "voltage": 4.647,
        "channelUtilization": 0.0,
        "airUtilTx": 0.0,
        "uptimeSeconds": 38611
      },
      "raw": "time: 38673\ndevice_metrics {\n  battery_level: 101\n  voltage: 4.647\n  channel_utilization: 0\n  air_util_tx: 0\n  uptime_seconds: 38611\n}\n"
    }
  },
  "id": 2491606268,
  "hopLimit": 3,
  "priority": "BACKGROUND",
  "raw": "from: 164906676\nto: 4294967295\ndecoded {\n  portnum: TELEMETRY_APP\n  payload: \"\\r\\021\\227\\000\\000\\022\\025\\010e\\0259\\264\\224@\\035\\000\\000\\000\\000%\\000\\000\\000\\000(\\323\\255\\002\"\n}\nid: 2491606268\nhop_limit: 3\npriority: BACKGROUND\n",
  "fromId": "!09d446b4",
  "toId": "^all"
}
============================================================
{
  "from": 164906676,
  "to": 4294967295,
  "decoded": {
    "portnum": "TELEMETRY_APP",
    "payload": "b'\\rM\\x97\\x00\\x00\\x12\\x15\\x08e\\x15\\xf0\\xa7\\x92@\\x1d\\x00\\x00\\x00\\x00%\\x00\\x00\\x00\\x00(\\x8f\\xae\\x02'",
    "telemetry": {
      "time": 38733,
      "deviceMetrics": {
        "batteryLevel": 101,
        "voltage": 4.583,
        "channelUtilization": 0.0,
        "airUtilTx": 0.0,
        "uptimeSeconds": 38671
      },
      "raw": "time: 38733\ndevice_metrics {\n  battery_level: 101\n  voltage: 4.583\n  channel_utilization: 0\n  air_util_tx: 0\n  uptime_seconds: 38671\n}\n"
    }
  },
  "id": 1561649405,
  "hopLimit": 3,
  "priority": "BACKGROUND",
  "raw": "from: 164906676\nto: 4294967295\ndecoded {\n  portnum: TELEMETRY_APP\n  payload: \"\\rM\\227\\000\\000\\022\\025\\010e\\025\\360\\247\\222@\\035\\000\\000\\000\\000%\\000\\000\\000\\000(\\217\\256\\002\"\n}\nid: 1561649405\nhop_limit: 3\npriority: BACKGROUND\n",
  "fromId": "!09d446b4",
  "toId": "^all"
}
============================================================
{
  "from": 164906676,
  "to": 4294967295,
  "decoded": {
    "portnum": "TELEMETRY_APP",
    "payload": "b'\\r\\x89\\x97\\x00\\x00\\x12\\x15\\x08e\\x15\\x0c\\x02\\x93@\\x1d\\x00\\x00\\x00\\x00%\\x00\\x00\\x00\\x00(\\xcb\\xae\\x02'",
    "telemetry": {
      "time": 38793,
      "deviceMetrics": {
        "batteryLevel": 101,
        "voltage": 4.594,
        "channelUtilization": 0.0,
        "airUtilTx": 0.0,
        "uptimeSeconds": 38731
      },
      "raw": "time: 38793\ndevice_metrics {\n  battery_level: 101\n  voltage: 4.594\n  channel_utilization: 0\n  air_util_tx: 0\n  uptime_seconds: 38731\n}\n"
    }
  },
  "id": 3976899838,
  "hopLimit": 3,
  "priority": "BACKGROUND",
  "raw": "from: 164906676\nto: 4294967295\ndecoded {\n  portnum: TELEMETRY_APP\n  payload: \"\\r\\211\\227\\000\\000\\022\\025\\010e\\025\\014\\002\\223@\\035\\000\\000\\000\\000%\\000\\000\\000\\000(\\313\\256\\002\"\n}\nid: 3976899838\nhop_limit: 3\npriority: BACKGROUND\n",
  "fromId": "!09d446b4",
  "toId": "^all"
}
============================================================
{
  "from": 164906676,
  "to": 4294967295,
  "decoded": {
    "portnum": "TELEMETRY_APP",
    "payload": "b'\\r\\xc5\\x97\\x00\\x00\\x12\\x15\\x08e\\x15F\\xb6\\x93@\\x1d\\x00\\x00\\x00\\x00%\\x00\\x00\\x00\\x00(\\x87\\xaf\\x02'",
    "telemetry": {
      "time": 38853,
      "deviceMetrics": {
        "batteryLevel": 101,
        "voltage": 4.616,
        "channelUtilization": 0.0,
        "airUtilTx": 0.0,
        "uptimeSeconds": 38791
      },
      "raw": "time: 38853\ndevice_metrics {\n  battery_level: 101\n  voltage: 4.616\n  channel_utilization: 0\n  air_util_tx: 0\n  uptime_seconds: 38791\n}\n"
    }
  },
  "id": 714525951,
  "hopLimit": 3,
  "priority": "BACKGROUND",
  "raw": "from: 164906676\nto: 4294967295\ndecoded {\n  portnum: TELEMETRY_APP\n  payload: \"\\r\\305\\227\\000\\000\\022\\025\\010e\\025F\\266\\223@\\035\\000\\000\\000\\000%\\000\\000\\000\\000(\\207\\257\\002\"\n}\nid: 714525951\nhop_limit: 3\npriority: BACKGROUND\n",
  "fromId": "!09d446b4",
  "toId": "^all"
}
============================================================
{
  "from": 164906676,
  "to": 4294967295,
  "decoded": {
    "portnum": "TELEMETRY_APP",
    "payload": "b'\\r\\xc5\\x97\\x00\\x002\\x1f\\x08\\x87\\xaf\\x02 \\x03(\\x030\\x03@\\x01`\\x90\\x99\\x0fh\\xd0\\xcf\\x04x\\x9c\\xff\\xff\\xff\\xff\\xff\\xff\\xff\\xff\\x01'",
    "telemetry": {
      "time": 38853,
      "localStats": {
        "uptimeSeconds": 38791,
        "numPacketsTx": 3,
        "numPacketsRx": 3,
        "numPacketsRxBad": 3,
        "numTotalNodes": 1,
        "heapTotalBytes": 248976,
        "heapFreeBytes": 75728,
        "noiseFloor": -100
      },
      "raw": "time: 38853\nlocal_stats {\n  uptime_seconds: 38791\n  num_packets_tx: 3\n  num_packets_rx: 3\n  num_packets_rx_bad: 3\n  num_total_nodes: 1\n  heap_total_bytes: 248976\n  heap_free_bytes: 75728\n  noise_floor: -100\n}\n"
    }
  },
  "id": 772186368,
  "hopLimit": 3,
  "priority": "BACKGROUND",
  "raw": "from: 164906676\nto: 4294967295\ndecoded {\n  portnum: TELEMETRY_APP\n  payload: \"\\r\\305\\227\\000\\0002\\037\\010\\207\\257\\002 \\003(\\0030\\003@\\001`\\220\\231\\017h\\320\\317\\004x\\234\\377\\377\\377\\377\\377\\377\\377\\377\\001\"\n}\nid: 772186368\nhop_limit: 3\npriority: BACKGROUND\n",
  "fromId": "!09d446b4",
  "toId": "^all"
}
============================================================
{
  "from": 164906676,
  "to": 4294967295,
  "decoded": {
    "portnum": "TELEMETRY_APP",
    "payload": "b'\\r\\x02\\x98\\x00\\x00\\x12\\x15\\x08e\\x15\\x06\\x81\\x95@\\x1d\\x00\\x00\\x00\\x00%\\x00\\x00\\x00\\x00(\\xc3\\xaf\\x02'",
    "telemetry": {
      "time": 38914,
      "deviceMetrics": {
        "batteryLevel": 101,
        "voltage": 4.672,
        "channelUtilization": 0.0,
        "airUtilTx": 0.0,
        "uptimeSeconds": 38851
      },
      "raw": "time: 38914\ndevice_metrics {\n  battery_level: 101\n  voltage: 4.672\n  channel_utilization: 0\n  air_util_tx: 0\n  uptime_seconds: 38851\n}\n"
    }
  },
  "id": 2625259777,
  "hopLimit": 3,
  "priority": "BACKGROUND",
  "raw": "from: 164906676\nto: 4294967295\ndecoded {\n  portnum: TELEMETRY_APP\n  payload: \"\\r\\002\\230\\000\\000\\022\\025\\010e\\025\\006\\201\\225@\\035\\000\\000\\000\\000%\\000\\000\\000\\000(\\303\\257\\002\"\n}\nid: 2625259777\nhop_limit: 3\npriority: BACKGROUND\n",
  "fromId": "!09d446b4",
  "toId": "^all"
}
============================================================
{
  "from": 164906676,
  "to": 4294967295,
  "decoded": {
    "portnum": "TELEMETRY_APP",
    "payload": "b'\\r>\\x98\\x00\\x00\\x12\\x15\\x08e\\x15\\xc5 \\x94@\\x1d\\x00\\x00\\x00\\x00%\\x00\\x00\\x00\\x00(\\xff\\xaf\\x02'",
    "telemetry": {
      "time": 38974,
      "deviceMetrics": {
        "batteryLevel": 101,
        "voltage": 4.629,
        "channelUtilization": 0.0,
        "airUtilTx": 0.0,
        "uptimeSeconds": 38911
      },
      "raw": "time: 38974\ndevice_metrics {\n  battery_level: 101\n  voltage: 4.629\n  channel_utilization: 0\n  air_util_tx: 0\n  uptime_seconds: 38911\n}\n"
    }
  },
  "id": 1875328258,
  "hopLimit": 3,
  "priority": "BACKGROUND",
  "raw": "from: 164906676\nto: 4294967295\ndecoded {\n  portnum: TELEMETRY_APP\n  payload: \"\\r>\\230\\000\\000\\022\\025\\010e\\025\\305 \\224@\\035\\000\\000\\000\\000%\\000\\000\\000\\000(\\377\\257\\002\"\n}\nid: 1875328258\nhop_limit: 3\npriority: BACKGROUND\n",
  "fromId": "!09d446b4",
  "toId": "^all"
}
============================================================
{
  "from": 164906676,
  "to": 4294967295,
  "decoded": {
    "portnum": "TELEMETRY_APP",
    "payload": "b'\\rz\\x98\\x00\\x00\\x12\\x15\\x08e\\x15/\\xdd\\x94@\\x1d\\x00\\x00\\x00\\x00%\\x00\\x00\\x00\\x00(\\xbc\\xb0\\x02'",
    "telemetry": {
      "time": 39034,
      "deviceMetrics": {
        "batteryLevel": 101,
        "voltage": 4.652,
        "channelUtilization": 0.0,
        "airUtilTx": 0.0,
        "uptimeSeconds": 38972
      },
      "raw": "time: 39034\ndevice_metrics {\n  battery_level: 101\n  voltage: 4.652\n  channel_utilization: 0\n  air_util_tx: 0\n  uptime_seconds: 38972\n}\n"
    }
  },
  "id": 1482041603,
  "hopLimit": 3,
  "priority": "BACKGROUND",
  "raw": "from: 164906676\nto: 4294967295\ndecoded {\n  portnum: TELEMETRY_APP\n  payload: \"\\rz\\230\\000\\000\\022\\025\\010e\\025/\\335\\224@\\035\\000\\000\\000\\000%\\000\\000\\000\\000(\\274\\260\\002\"\n}\nid: 1482041603\nhop_limit: 3\npriority: BACKGROUND\n",
  "fromId": "!09d446b4",
  "toId": "^all"
}
============================================================
{
  "from": 164906676,
  "to": 4294967295,
  "decoded": {
    "portnum": "TELEMETRY_APP",
    "payload": "b'\\r\\xb6\\x98\\x00\\x00\\x12\\x15\\x08e\\x15\\xc7K\\x93@\\x1d\\x00\\x00\\x00\\x00%\\x00\\x00\\x00\\x00(\\xf8\\xb0\\x02'",
    "telemetry": {
      "time": 39094,
      "deviceMetrics": {
        "batteryLevel": 101,
        "voltage": 4.603,
        "channelUtilization": 0.0,
        "airUtilTx": 0.0,
        "uptimeSeconds": 39032
      },
      "raw": "time: 39094\ndevice_metrics {\n  battery_level: 101\n  voltage: 4.603\n  channel_utilization: 0\n  air_util_tx: 0\n  uptime_seconds: 39032\n}\n"
    }
  },
  "id": 3964384516,
  "hopLimit": 3,
  "priority": "BACKGROUND",
  "raw": "from: 164906676\nto: 4294967295\ndecoded {\n  portnum: TELEMETRY_APP\n  payload: \"\\r\\266\\230\\000\\000\\022\\025\\010e\\025\\307K\\223@\\035\\000\\000\\000\\000%\\000\\000\\000\\000(\\370\\260\\002\"\n}\nid: 3964384516\nhop_limit: 3\npriority: BACKGROUND\n",
  "fromId": "!09d446b4",
  "toId": "^all"
}
============================================================
{
  "from": 164906676,
  "to": 4294967295,
  "decoded": {
    "portnum": "TELEMETRY_APP",
    "payload": "b'\\r\\xf2\\x98\\x00\\x00\\x12\\x15\\x08e\\x15\\xbct\\x93@\\x1d\\x00\\x00\\x00\\x00%\\x00\\x00\\x00\\x00(\\xb4\\xb1\\x02'",
    "telemetry": {
      "time": 39154,
      "deviceMetrics": {
        "batteryLevel": 101,
        "voltage": 4.608,
        "channelUtilization": 0.0,
        "airUtilTx": 0.0,
        "uptimeSeconds": 39092
      },
      "raw": "time: 39154\ndevice_metrics {\n  battery_level: 101\n  voltage: 4.608\n  channel_utilization: 0\n  air_util_tx: 0\n  uptime_seconds: 39092\n}\n"
    }
  },
  "id": 578971909,
  "hopLimit": 3,
  "priority": "BACKGROUND",
  "raw": "from: 164906676\nto: 4294967295\ndecoded {\n  portnum: TELEMETRY_APP\n  payload: \"\\r\\362\\230\\000\\000\\022\\025\\010e\\025\\274t\\223@\\035\\000\\000\\000\\000%\\000\\000\\000\\000(\\264\\261\\002\"\n}\nid: 578971909\nhop_limit: 3\npriority: BACKGROUND\n",
  "fromId": "!09d446b4",
  "toId": "^all"
}
============================================================
{
  "from": 164906676,
  "to": 4294967295,
  "decoded": {
    "portnum": "TELEMETRY_APP",
    "payload": "b'\\r.\\x99\\x00\\x00\\x12\\x15\\x08e\\x15\\x9a\\x99\\x91@\\x1d\\x00\\x00\\x00\\x00%\\x00\\x00\\x00\\x00(\\xf0\\xb1\\x02'",
    "telemetry": {
      "time": 39214,
      "deviceMetrics": {
        "batteryLevel": 101,
        "voltage": 4.55,
        "channelUtilization": 0.0,
        "airUtilTx": 0.0,
        "uptimeSeconds": 39152
      },
      "raw": "time: 39214\ndevice_metrics {\n  battery_level: 101\n  voltage: 4.55\n  channel_utilization: 0\n  air_util_tx: 0\n  uptime_seconds: 39152\n}\n"
    }
  },
  "id": 3420847366,
  "hopLimit": 3,
  "priority": "BACKGROUND",
  "raw": "from: 164906676\nto: 4294967295\ndecoded {\n  portnum: TELEMETRY_APP\n  payload: \"\\r.\\231\\000\\000\\022\\025\\010e\\025\\232\\231\\221@\\035\\000\\000\\000\\000%\\000\\000\\000\\000(\\360\\261\\002\"\n}\nid: 3420847366\nhop_limit: 3\npriority: BACKGROUND\n",
  "fromId": "!09d446b4",
  "toId": "^all"
}
============================================================
{
  "from": 164906676,
  "to": 4294967295,
  "decoded": {
    "portnum": "TELEMETRY_APP",
    "payload": "b'\\rj\\x99\\x00\\x00\\x12\\x15\\x08e\\x15\\xf2\\xd2\\x91@\\x1d\\x00\\x00\\x00\\x00%\\x00\\x00\\x00\\x00(\\xac\\xb2\\x02'",
    "telemetry": {
      "time": 39274,
      "deviceMetrics": {
        "batteryLevel": 101,
        "voltage": 4.557,
        "channelUtilization": 0.0,
        "airUtilTx": 0.0,
        "uptimeSeconds": 39212
      },
      "raw": "time: 39274\ndevice_metrics {\n  battery_level: 101\n  voltage: 4.557\n  channel_utilization: 0\n  air_util_tx: 0\n  uptime_seconds: 39212\n}\n"
    }
  },
  "id": 3330627847,
  "hopLimit": 3,
  "priority": "BACKGROUND",
  "raw": "from: 164906676\nto: 4294967295\ndecoded {\n  portnum: TELEMETRY_APP\n  payload: \"\\rj\\231\\000\\000\\022\\025\\010e\\025\\362\\322\\221@\\035\\000\\000\\000\\000%\\000\\000\\000\\000(\\254\\262\\002\"\n}\nid: 3330627847\nhop_limit: 3\npriority: BACKGROUND\n",
  "fromId": "!09d446b4",
  "toId": "^all"
}
============================================================
{
  "from": 164906676,
  "to": 4294967295,
  "decoded": {
    "portnum": "TELEMETRY_APP",
    "payload": "b'\\r\\xa6\\x99\\x00\\x00\\x12\\x15\\x08e\\x15+\\x87\\x92@\\x1d\\x00\\x00\\x00\\x00%\\x00\\x00\\x00\\x00(\\xe8\\xb2\\x02'",
    "telemetry": {
      "time": 39334,
      "deviceMetrics": {
        "batteryLevel": 101,
        "voltage": 4.579,
        "channelUtilization": 0.0,
        "airUtilTx": 0.0,
        "uptimeSeconds": 39272
      },
      "raw": "time: 39334\ndevice_metrics {\n  battery_level: 101\n  voltage: 4.579\n  channel_utilization: 0\n  air_util_tx: 0\n  uptime_seconds: 39272\n}\n"
    }
  },
  "id": 251925768,
  "hopLimit": 3,
  "priority": "BACKGROUND",
  "raw": "from: 164906676\nto: 4294967295\ndecoded {\n  portnum: TELEMETRY_APP\n  payload: \"\\r\\246\\231\\000\\000\\022\\025\\010e\\025+\\207\\222@\\035\\000\\000\\000\\000%\\000\\000\\000\\000(\\350\\262\\002\"\n}\nid: 251925768\nhop_limit: 3\npriority: BACKGROUND\n",
  "fromId": "!09d446b4",
  "toId": "^all"
}
============================================================
{
  "from": 164906676,
  "to": 4294967295,
  "decoded": {
    "portnum": "TELEMETRY_APP",
    "payload": "b'\\r\\xe2\\x99\\x00\\x00\\x12\\x15\\x08e\\x15y\\xe9\\x92@\\x1d\\x00\\x00\\x00\\x00%\\x00\\x00\\x00\\x00(\\xa4\\xb3\\x02'",
    "telemetry": {
      "time": 39394,
      "deviceMetrics": {
        "batteryLevel": 101,
        "voltage": 4.591,
        "channelUtilization": 0.0,
        "airUtilTx": 0.0,
        "uptimeSeconds": 39332
      },
      "raw": "time: 39394\ndevice_metrics {\n  battery_level: 101\n  voltage: 4.591\n  channel_utilization: 0\n  air_util_tx: 0\n  uptime_seconds: 39332\n}\n"
    }
  },
  "id": 2745191689,
  "hopLimit": 3,
  "priority": "BACKGROUND",
  "raw": "from: 164906676\nto: 4294967295\ndecoded {\n  portnum: TELEMETRY_APP\n  payload: \"\\r\\342\\231\\000\\000\\022\\025\\010e\\025y\\351\\222@\\035\\000\\000\\000\\000%\\000\\000\\000\\000(\\244\\263\\002\"\n}\nid: 2745191689\nhop_limit: 3\npriority: BACKGROUND\n",
  "fromId": "!09d446b4",
  "toId": "^all"
}
============================================================
{
  "from": 164906676,
  "to": 4294967295,
  "decoded": {
    "portnum": "TELEMETRY_APP",
    "payload": "b'\\r\\x1e\\x9a\\x00\\x00\\x12\\x15\\x08e\\x15\\xee|\\x93@\\x1d\\x00\\x00\\x00\\x00%\\x00\\x00\\x00\\x00(\\xe0\\xb3\\x02'",
    "telemetry": {
      "time": 39454,
      "deviceMetrics": {
        "batteryLevel": 101,
        "voltage": 4.609,
        "channelUtilization": 0.0,
        "airUtilTx": 0.0,
        "uptimeSeconds": 39392
      },
      "raw": "time: 39454\ndevice_metrics {\n  battery_level: 101\n  voltage: 4.609\n  channel_utilization: 0\n  air_util_tx: 0\n  uptime_seconds: 39392\n}\n"
    }
  },
  "id": 984417546,
  "hopLimit": 3,
  "priority": "BACKGROUND",
  "raw": "from: 164906676\nto: 4294967295\ndecoded {\n  portnum: TELEMETRY_APP\n  payload: \"\\r\\036\\232\\000\\000\\022\\025\\010e\\025\\356|\\223@\\035\\000\\000\\000\\000%\\000\\000\\000\\000(\\340\\263\\002\"\n}\nid: 984417546\nhop_limit: 3\npriority: BACKGROUND\n",
  "fromId": "!09d446b4",
  "toId": "^all"
}
============================================================
{
  "from": 164906676,
  "to": 4294967295,
  "decoded": {
    "portnum": "TELEMETRY_APP",
    "payload": "b'\\rZ\\x9a\\x00\\x00\\x12\\x15\\x08e\\x155^\\x92@\\x1d\\x00\\x00\\x00\\x00%\\x00\\x00\\x00\\x00(\\x9c\\xb4\\x02'",
    "telemetry": {
      "time": 39514,
      "deviceMetrics": {
        "batteryLevel": 101,
        "voltage": 4.574,
        "channelUtilization": 0.0,
        "airUtilTx": 0.0,
        "uptimeSeconds": 39452
      },
      "raw": "time: 39514\ndevice_metrics {\n  battery_level: 101\n  voltage: 4.574\n  channel_utilization: 0\n  air_util_tx: 0\n  uptime_seconds: 39452\n}\n"
    }
  },
  "id": 1212349707,
  "hopLimit": 3,
  "priority": "BACKGROUND",
  "raw": "from: 164906676\nto: 4294967295\ndecoded {\n  portnum: TELEMETRY_APP\n  payload: \"\\rZ\\232\\000\\000\\022\\025\\010e\\0255^\\222@\\035\\000\\000\\000\\000%\\000\\000\\000\\000(\\234\\264\\002\"\n}\nid: 1212349707\nhop_limit: 3\npriority: BACKGROUND\n",
  "fromId": "!09d446b4",
  "toId": "^all"
}
============================================================
{
  "from": 164906676,
  "to": 4294967295,
  "decoded": {
    "portnum": "TELEMETRY_APP",
    "payload": "b'\\r\\x96\\x9a\\x00\\x00\\x12\\x15\\x08e\\x15\\xa4p\\x91@\\x1d\\x00\\x00\\x00\\x00%\\x00\\x00\\x00\\x00(\\xd8\\xb4\\x02'",
    "telemetry": {
      "time": 39574,
      "deviceMetrics": {
        "batteryLevel": 101,
        "voltage": 4.545,
        "channelUtilization": 0.0,
        "airUtilTx": 0.0,
        "uptimeSeconds": 39512
      },
      "raw": "time: 39574\ndevice_metrics {\n  battery_level: 101\n  voltage: 4.545\n  channel_utilization: 0\n  air_util_tx: 0\n  uptime_seconds: 39512\n}\n"
    }
  },
  "id": 1395153164,
  "hopLimit": 3,
  "priority": "BACKGROUND",
  "raw": "from: 164906676\nto: 4294967295\ndecoded {\n  portnum: TELEMETRY_APP\n  payload: \"\\r\\226\\232\\000\\000\\022\\025\\010e\\025\\244p\\221@\\035\\000\\000\\000\\000%\\000\\000\\000\\000(\\330\\264\\002\"\n}\nid: 1395153164\nhop_limit: 3\npriority: BACKGROUND\n",
  "fromId": "!09d446b4",
  "toId": "^all"
}
============================================================
{
  "from": 164906676,
  "to": 4294967295,
  "decoded": {
    "portnum": "TELEMETRY_APP",
    "payload": "b'\\r\\xd2\\x9a\\x00\\x00\\x12\\x15\\x08e\\x15\\xe3\\xa5\\x93@\\x1d\\x00\\x00\\x00\\x00%\\x00\\x00\\x00\\x00(\\x94\\xb5\\x02'",
    "telemetry": {
      "time": 39634,
      "deviceMetrics": {
        "batteryLevel": 101,
        "voltage": 4.614,
        "channelUtilization": 0.0,
        "airUtilTx": 0.0,
        "uptimeSeconds": 39572
      },
      "raw": "time: 39634\ndevice_metrics {\n  battery_level: 101\n  voltage: 4.614\n  channel_utilization: 0\n  air_util_tx: 0\n  uptime_seconds: 39572\n}\n"
    }
  },
  "id": 600675597,
  "hopLimit": 3,
  "priority": "BACKGROUND",
  "raw": "from: 164906676\nto: 4294967295\ndecoded {\n  portnum: TELEMETRY_APP\n  payload: \"\\r\\322\\232\\000\\000\\022\\025\\010e\\025\\343\\245\\223@\\035\\000\\000\\000\\000%\\000\\000\\000\\000(\\224\\265\\002\"\n}\nid: 600675597\nhop_limit: 3\npriority: BACKGROUND\n",
  "fromId": "!09d446b4",
  "toId": "^all"
}
============================================================
{
  "from": 164906676,
  "to": 4294967295,
  "decoded": {
    "portnum": "TELEMETRY_APP",
    "payload": "b'\\r\\x0e\\x9b\\x00\\x00\\x12\\x15\\x08e\\x15^\\xba\\x91@\\x1d\\x00\\x00\\x00\\x00%\\x00\\x00\\x00\\x00(\\xd0\\xb5\\x02'",
    "telemetry": {
      "time": 39694,
      "deviceMetrics": {
        "batteryLevel": 101,
        "voltage": 4.554,
        "channelUtilization": 0.0,
        "airUtilTx": 0.0,
        "uptimeSeconds": 39632
      },
      "raw": "time: 39694\ndevice_metrics {\n  battery_level: 101\n  voltage: 4.554\n  channel_utilization: 0\n  air_util_tx: 0\n  uptime_seconds: 39632\n}\n"
    }
  },
  "id": 82354446,
  "hopLimit": 3,
  "priority": "BACKGROUND",
  "raw": "from: 164906676\nto: 4294967295\ndecoded {\n  portnum: TELEMETRY_APP\n  payload: \"\\r\\016\\233\\000\\000\\022\\025\\010e\\025^\\272\\221@\\035\\000\\000\\000\\000%\\000\\000\\000\\000(\\320\\265\\002\"\n}\nid: 82354446\nhop_limit: 3\npriority: BACKGROUND\n",
  "fromId": "!09d446b4",
  "toId": "^all"
}
============================================================
{
  "from": 164906676,
  "to": 4294967295,
  "decoded": {
    "portnum": "TELEMETRY_APP",
    "payload": "b'\\rJ\\x9b\\x00\\x00\\x12\\x15\\x08e\\x15\\x89A\\x94@\\x1d\\x00\\x00\\x00\\x00%\\x00\\x00\\x00\\x00(\\x8c\\xb6\\x02'",
    "telemetry": {
      "time": 39754,
      "deviceMetrics": {
        "batteryLevel": 101,
        "voltage": 4.633,
        "channelUtilization": 0.0,
        "airUtilTx": 0.0,
        "uptimeSeconds": 39692
      },
      "raw": "time: 39754\ndevice_metrics {\n  battery_level: 101\n  voltage: 4.633\n  channel_utilization: 0\n  air_util_tx: 0\n  uptime_seconds: 39692\n}\n"
    }
  },
  "id": 2285593871,
  "hopLimit": 3,
  "priority": "BACKGROUND",
  "raw": "from: 164906676\nto: 4294967295\ndecoded {\n  portnum: TELEMETRY_APP\n  payload: \"\\rJ\\233\\000\\000\\022\\025\\010e\\025\\211A\\224@\\035\\000\\000\\000\\000%\\000\\000\\000\\000(\\214\\266\\002\"\n}\nid: 2285593871\nhop_limit: 3\npriority: BACKGROUND\n",
  "fromId": "!09d446b4",
  "toId": "^all"
}
============================================================
{
  "from": 164906676,
  "to": 4294967295,
  "decoded": {
    "portnum": "TELEMETRY_APP",
    "payload": "b'\\rJ\\x9b\\x00\\x002\\x1f\\x08\\x8c\\xb6\\x02 \\x03(\\x030\\x03@\\x01`\\x90\\x99\\x0fh\\xd0\\xcf\\x04x\\x9c\\xff\\xff\\xff\\xff\\xff\\xff\\xff\\xff\\x01'",
    "telemetry": {
      "time": 39754,
      "localStats": {
        "uptimeSeconds": 39692,
        "numPacketsTx": 3,
        "numPacketsRx": 3,
        "numPacketsRxBad": 3,
        "numTotalNodes": 1,
        "heapTotalBytes": 248976,
        "heapFreeBytes": 75728,
        "noiseFloor": -100
      },
      "raw": "time: 39754\nlocal_stats {\n  uptime_seconds: 39692\n  num_packets_tx: 3\n  num_packets_rx: 3\n  num_packets_rx_bad: 3\n  num_total_nodes: 1\n  heap_total_bytes: 248976\n  heap_free_bytes: 75728\n  noise_floor: -100\n}\n"
    }
  },
  "id": 396578064,
  "hopLimit": 3,
  "priority": "BACKGROUND",
  "raw": "from: 164906676\nto: 4294967295\ndecoded {\n  portnum: TELEMETRY_APP\n  payload: \"\\rJ\\233\\000\\0002\\037\\010\\214\\266\\002 \\003(\\0030\\003@\\001`\\220\\231\\017h\\320\\317\\004x\\234\\377\\377\\377\\377\\377\\377\\377\\377\\001\"\n}\nid: 396578064\nhop_limit: 3\npriority: BACKGROUND\n",
  "fromId": "!09d446b4",
  "toId": "^all"
}
============================================================
{
  "from": 164906676,
  "to": 4294967295,
  "decoded": {
    "portnum": "TELEMETRY_APP",
    "payload": "b'\\r\\x86\\x9b\\x00\\x00\\x12\\x15\\x08e\\x15\\xe3\\xa5\\x93@\\x1d\\x00\\x00\\x00\\x00%\\x00\\x00\\x00\\x00(\\xc8\\xb6\\x02'",
    "telemetry": {
      "time": 39814,
      "deviceMetrics": {
        "batteryLevel": 101,
        "voltage": 4.614,
        "channelUtilization": 0.0,
        "airUtilTx": 0.0,
        "uptimeSeconds": 39752
      },
      "raw": "time: 39814\ndevice_metrics {\n  battery_level: 101\n  voltage: 4.614\n  channel_utilization: 0\n  air_util_tx: 0\n  uptime_seconds: 39752\n}\n"
    }
  },
  "id": 3243590929,
  "hopLimit": 3,
  "priority": "BACKGROUND",
  "raw": "from: 164906676\nto: 4294967295\ndecoded {\n  portnum: TELEMETRY_APP\n  payload: \"\\r\\206\\233\\000\\000\\022\\025\\010e\\025\\343\\245\\223@\\035\\000\\000\\000\\000%\\000\\000\\000\\000(\\310\\266\\002\"\n}\nid: 3243590929\nhop_limit: 3\npriority: BACKGROUND\n",
  "fromId": "!09d446b4",
  "toId": "^all"
}
============================================================
{
  "from": 164906676,
  "to": 4294967295,
  "decoded": {
    "portnum": "TELEMETRY_APP",
    "payload": "b'\\r\\xc2\\x9b\\x00\\x00\\x12\\x15\\x08e\\x15\\xe7\\xfb\\x91@\\x1d\\x00\\x00\\x00\\x00%\\x00\\x00\\x00\\x00(\\x84\\xb7\\x02'",
    "telemetry": {
      "time": 39874,
      "deviceMetrics": {
        "batteryLevel": 101,
        "voltage": 4.562,
        "channelUtilization": 0.0,
        "airUtilTx": 0.0,
        "uptimeSeconds": 39812
      },
      "raw": "time: 39874\ndevice_metrics {\n  battery_level: 101\n  voltage: 4.562\n  channel_utilization: 0\n  air_util_tx: 0\n  uptime_seconds: 39812\n}\n"
    }
  },
  "id": 139752722,
  "hopLimit": 3,
  "priority": "BACKGROUND",
  "raw": "from: 164906676\nto: 4294967295\ndecoded {\n  portnum: TELEMETRY_APP\n  payload: \"\\r\\302\\233\\000\\000\\022\\025\\010e\\025\\347\\373\\221@\\035\\000\\000\\000\\000%\\000\\000\\000\\000(\\204\\267\\002\"\n}\nid: 139752722\nhop_limit: 3\npriority: BACKGROUND\n",
  "fromId": "!09d446b4",
  "toId": "^all"
}
============================================================
{
  "from": 164906676,
  "to": 4294967295,
  "decoded": {
    "portnum": "TELEMETRY_APP",
    "payload": "b'\\r\\xfe\\x9b\\x00\\x00\\x12\\x15\\x08e\\x1533\\x93@\\x1d\\x00\\x00\\x00\\x00%\\x00\\x00\\x00\\x00(\\xc0\\xb7\\x02'",
    "telemetry": {
      "time": 39934,
      "deviceMetrics": {
        "batteryLevel": 101,
        "voltage": 4.6,
        "channelUtilization": 0.0,
        "airUtilTx": 0.0,
        "uptimeSeconds": 39872
      },
      "raw": "time: 39934\ndevice_metrics {\n  battery_level: 101\n  voltage: 4.6\n  channel_utilization: 0\n  air_util_tx: 0\n  uptime_seconds: 39872\n}\n"
    }
  },
  "id": 2288720147,
  "hopLimit": 3,
  "priority": "BACKGROUND",
  "raw": "from: 164906676\nto: 4294967295\ndecoded {\n  portnum: TELEMETRY_APP\n  payload: \"\\r\\376\\233\\000\\000\\022\\025\\010e\\02533\\223@\\035\\000\\000\\000\\000%\\000\\000\\000\\000(\\300\\267\\002\"\n}\nid: 2288720147\nhop_limit: 3\npriority: BACKGROUND\n",
  "fromId": "!09d446b4",
  "toId": "^all"
}
============================================================
{
  "from": 164906676,
  "to": 4294967295,
  "decoded": {
    "portnum": "TELEMETRY_APP",
    "payload": "b'\\r:\\x9c\\x00\\x00\\x12\\x15\\x08e\\x15\\x1f\\x85\\x93@\\x1d\\x00\\x00\\x00\\x00%\\x00\\x00\\x00\\x00(\\xfc\\xb7\\x02'",
    "telemetry": {
      "time": 39994,
      "deviceMetrics": {
        "batteryLevel": 101,
        "voltage": 4.61,
        "channelUtilization": 0.0,
        "airUtilTx": 0.0,
        "uptimeSeconds": 39932
      },
      "raw": "time: 39994\ndevice_metrics {\n  battery_level: 101\n  voltage: 4.61\n  channel_utilization: 0\n  air_util_tx: 0\n  uptime_seconds: 39932\n}\n"
    }
  },
  "id": 289160468,
  "hopLimit": 3,
  "priority": "BACKGROUND",
  "raw": "from: 164906676\nto: 4294967295\ndecoded {\n  portnum: TELEMETRY_APP\n  payload: \"\\r:\\234\\000\\000\\022\\025\\010e\\025\\037\\205\\223@\\035\\000\\000\\000\\000%\\000\\000\\000\\000(\\374\\267\\002\"\n}\nid: 289160468\nhop_limit: 3\npriority: BACKGROUND\n",
  "fromId": "!09d446b4",
  "toId": "^all"
}
============================================================
{
  "from": 164906676,
  "to": 4294967295,
  "decoded": {
    "portnum": "TELEMETRY_APP",
    "payload": "b'\\rv\\x9c\\x00\\x00\\x12\\x15\\x08e\\x15/\\xdd\\x94@\\x1d\\x00\\x00\\x00\\x00%\\x00\\x00\\x00\\x00(\\xb8\\xb8\\x02'",
    "telemetry": {
      "time": 40054,
      "deviceMetrics": {
        "batteryLevel": 101,
        "voltage": 4.652,
        "channelUtilization": 0.0,
        "airUtilTx": 0.0,
        "uptimeSeconds": 39992
      },
      "raw": "time: 40054\ndevice_metrics {\n  battery_level: 101\n  voltage: 4.652\n  channel_utilization: 0\n  air_util_tx: 0\n  uptime_seconds: 39992\n}\n"
    }
  },
  "id": 1897769237,
  "hopLimit": 3,
  "priority": "BACKGROUND",
  "raw": "from: 164906676\nto: 4294967295\ndecoded {\n  portnum: TELEMETRY_APP\n  payload: \"\\rv\\234\\000\\000\\022\\025\\010e\\025/\\335\\224@\\035\\000\\000\\000\\000%\\000\\000\\000\\000(\\270\\270\\002\"\n}\nid: 1897769237\nhop_limit: 3\npriority: BACKGROUND\n",
  "fromId": "!09d446b4",
  "toId": "^all"
}
============================================================
{
  "from": 164906676,
  "to": 4294967295,
  "decoded": {
    "portnum": "TELEMETRY_APP",
    "payload": "b'\\r\\xb2\\x9c\\x00\\x00\\x12\\x15\\x08e\\x15\\x85\\xeb\\x91@\\x1d\\x00\\x00\\x00\\x00%\\x00\\x00\\x00\\x00(\\xf4\\xb8\\x02'",
    "telemetry": {
      "time": 40114,
      "deviceMetrics": {
        "batteryLevel": 101,
        "voltage": 4.56,
        "channelUtilization": 0.0,
        "airUtilTx": 0.0,
        "uptimeSeconds": 40052
      },
      "raw": "time: 40114\ndevice_metrics {\n  battery_level: 101\n  voltage: 4.56\n  channel_utilization: 0\n  air_util_tx: 0\n  uptime_seconds: 40052\n}\n"
    }
  },
  "id": 61774102,
  "hopLimit": 3,
  "priority": "BACKGROUND",
  "raw": "from: 164906676\nto: 4294967295\ndecoded {\n  portnum: TELEMETRY_APP\n  payload: \"\\r\\262\\234\\000\\000\\022\\025\\010e\\025\\205\\353\\221@\\035\\000\\000\\000\\000%\\000\\000\\000\\000(\\364\\270\\002\"\n}\nid: 61774102\nhop_limit: 3\npriority: BACKGROUND\n",
  "fromId": "!09d446b4",
  "toId": "^all"
}
============================================================
{
  "from": 164906676,
  "to": 4294967295,
  "decoded": {
    "portnum": "TELEMETRY_APP",
    "payload": "b'\\r\\xee\\x9c\\x00\\x00\\x12\\x15\\x08e\\x15\\xcb\\xa1\\x91@\\x1d\\x00\\x00\\x00\\x00%\\x00\\x00\\x00\\x00(\\xb0\\xb9\\x02'",
    "telemetry": {
      "time": 40174,
      "deviceMetrics": {
        "batteryLevel": 101,
        "voltage": 4.551,
        "channelUtilization": 0.0,
        "airUtilTx": 0.0,
        "uptimeSeconds": 40112
      },
      "raw": "time: 40174\ndevice_metrics {\n  battery_level: 101\n  voltage: 4.551\n  channel_utilization: 0\n  air_util_tx: 0\n  uptime_seconds: 40112\n}\n"
    }
  },
  "id": 3291716887,
  "hopLimit": 3,
  "priority": "BACKGROUND",
  "raw": "from: 164906676\nto: 4294967295\ndecoded {\n  portnum: TELEMETRY_APP\n  payload: \"\\r\\356\\234\\000\\000\\022\\025\\010e\\025\\313\\241\\221@\\035\\000\\000\\000\\000%\\000\\000\\000\\000(\\260\\271\\002\"\n}\nid: 3291716887\nhop_limit: 3\npriority: BACKGROUND\n",
  "fromId": "!09d446b4",
  "toId": "^all"
}
============================================================
{
  "from": 164906676,
  "to": 4294967295,
  "decoded": {
    "portnum": "TELEMETRY_APP",
    "payload": "b'\\r+\\x9d\\x00\\x00\\x12\\x15\\x08e\\x15J\\x0c\\x92@\\x1d\\x00\\x00\\x00\\x00%\\x00\\x00\\x00\\x00(\\xec\\xb9\\x02'",
    "telemetry": {
      "time": 40235,
      "deviceMetrics": {
        "batteryLevel": 101,
        "voltage": 4.564,
        "channelUtilization": 0.0,
        "airUtilTx": 0.0,
        "uptimeSeconds": 40172
      },
      "raw": "time: 40235\ndevice_metrics {\n  battery_level: 101\n  voltage: 4.564\n  channel_utilization: 0\n  air_util_tx: 0\n  uptime_seconds: 40172\n}\n"
    }
  },
  "id": 1192162584,
  "hopLimit": 3,
  "priority": "BACKGROUND",
  "raw": "from: 164906676\nto: 4294967295\ndecoded {\n  portnum: TELEMETRY_APP\n  payload: \"\\r+\\235\\000\\000\\022\\025\\010e\\025J\\014\\222@\\035\\000\\000\\000\\000%\\000\\000\\000\\000(\\354\\271\\002\"\n}\nid: 1192162584\nhop_limit: 3\npriority: BACKGROUND\n",
  "fromId": "!09d446b4",
  "toId": "^all"
}
============================================================
{
  "from": 164906676,
  "to": 4294967295,
  "decoded": {
    "portnum": "TELEMETRY_APP",
    "payload": "b'\\rg\\x9d\\x00\\x00\\x12\\x15\\x08e\\x15{\\x14\\x92@\\x1d\\x00\\x00\\x00\\x00%\\x00\\x00\\x00\\x00(\\xa8\\xba\\x02'",
    "telemetry": {
      "time": 40295,
      "deviceMetrics": {
        "batteryLevel": 101,
        "voltage": 4.565,
        "channelUtilization": 0.0,
        "airUtilTx": 0.0,
        "uptimeSeconds": 40232
      },
      "raw": "time: 40295\ndevice_metrics {\n  battery_level: 101\n  voltage: 4.565\n  channel_utilization: 0\n  air_util_tx: 0\n  uptime_seconds: 40232\n}\n"
    }
  },
  "id": 4108971289,
  "hopLimit": 3,
  "priority": "BACKGROUND",
  "raw": "from: 164906676\nto: 4294967295\ndecoded {\n  portnum: TELEMETRY_APP\n  payload: \"\\rg\\235\\000\\000\\022\\025\\010e\\025{\\024\\222@\\035\\000\\000\\000\\000%\\000\\000\\000\\000(\\250\\272\\002\"\n}\nid: 4108971289\nhop_limit: 3\npriority: BACKGROUND\n",
  "fromId": "!09d446b4",
  "toId": "^all"
}
============================================================
{
  "from": 164906676,
  "to": 4294967295,
  "decoded": {
    "portnum": "TELEMETRY_APP",
    "payload": "b'\\r\\xa3\\x9d\\x00\\x00\\x12\\x15\\x08e\\x15\\xc9v\\x92@\\x1d\\x00\\x00\\x00\\x00%\\x00\\x00\\x00\\x00(\\xe5\\xba\\x02'",
    "telemetry": {
      "time": 40355,
      "deviceMetrics": {
        "batteryLevel": 101,
        "voltage": 4.577,
        "channelUtilization": 0.0,
        "airUtilTx": 0.0,
        "uptimeSeconds": 40293
      },
      "raw": "time: 40355\ndevice_metrics {\n  battery_level: 101\n  voltage: 4.577\n  channel_utilization: 0\n  air_util_tx: 0\n  uptime_seconds: 40293\n}\n"
    }
  },
  "id": 2754838810,
  "hopLimit": 3,
  "priority": "BACKGROUND",
  "raw": "from: 164906676\nto: 4294967295\ndecoded {\n  portnum: TELEMETRY_APP\n  payload: \"\\r\\243\\235\\000\\000\\022\\025\\010e\\025\\311v\\222@\\035\\000\\000\\000\\000%\\000\\000\\000\\000(\\345\\272\\002\"\n}\nid: 2754838810\nhop_limit: 3\npriority: BACKGROUND\n",
  "fromId": "!09d446b4",
  "toId": "^all"
}
============================================================
{
  "from": 164906676,
  "to": 4294967295,
  "decoded": {
    "portnum": "TELEMETRY_APP",
    "payload": "b'\\r\\xdf\\x9d\\x00\\x00\\x12\\x15\\x08e\\x15\\x17\\xd9\\x92@\\x1d\\x00\\x00\\x00\\x00%\\x00\\x00\\x00\\x00(\\xa1\\xbb\\x02'",
    "telemetry": {
      "time": 40415,
      "deviceMetrics": {
        "batteryLevel": 101,
        "voltage": 4.589,
        "channelUtilization": 0.0,
        "airUtilTx": 0.0,
        "uptimeSeconds": 40353
      },
      "raw": "time: 40415\ndevice_metrics {\n  battery_level: 101\n  voltage: 4.589\n  channel_utilization: 0\n  air_util_tx: 0\n  uptime_seconds: 40353\n}\n"
    }
  },
  "id": 2385728795,
  "hopLimit": 3,
  "priority": "BACKGROUND",
  "raw": "from: 164906676\nto: 4294967295\ndecoded {\n  portnum: TELEMETRY_APP\n  payload: \"\\r\\337\\235\\000\\000\\022\\025\\010e\\025\\027\\331\\222@\\035\\000\\000\\000\\000%\\000\\000\\000\\000(\\241\\273\\002\"\n}\nid: 2385728795\nhop_limit: 3\npriority: BACKGROUND\n",
  "fromId": "!09d446b4",
  "toId": "^all"
}
============================================================
{
  "from": 164906676,
  "to": 4294967295,
  "decoded": {
    "portnum": "TELEMETRY_APP",
    "payload": "b'\\r\\x1b\\x9e\\x00\\x00\\x12\\x15\\x08e\\x15=\\n\\x93@\\x1d\\x00\\x00\\x00\\x00%\\x00\\x00\\x00\\x00(\\xdd\\xbb\\x02'",
    "telemetry": {
      "time": 40475,
      "deviceMetrics": {
        "batteryLevel": 101,
        "voltage": 4.595,
        "channelUtilization": 0.0,
        "airUtilTx": 0.0,
        "uptimeSeconds": 40413
      },
      "raw": "time: 40475\ndevice_metrics {\n  battery_level: 101\n  voltage: 4.595\n  channel_utilization: 0\n  air_util_tx: 0\n  uptime_seconds: 40413\n}\n"
    }
  },
  "id": 3355483420,
  "hopLimit": 3,
  "priority": "BACKGROUND",
  "raw": "from: 164906676\nto: 4294967295\ndecoded {\n  portnum: TELEMETRY_APP\n  payload: \"\\r\\033\\236\\000\\000\\022\\025\\010e\\025=\\n\\223@\\035\\000\\000\\000\\000%\\000\\000\\000\\000(\\335\\273\\002\"\n}\nid: 3355483420\nhop_limit: 3\npriority: BACKGROUND\n",
  "fromId": "!09d446b4",
  "toId": "^all"
}
============================================================
{
  "from": 164906676,
  "to": 4294967295,
  "decoded": {
    "portnum": "TELEMETRY_APP",
    "payload": "b'\\rW\\x9e\\x00\\x00\\x12\\x15\\x08e\\x15R\\xb8\\x92@\\x1d\\x00\\x00\\x00\\x00%\\x00\\x00\\x00\\x00(\\x99\\xbc\\x02'",
    "telemetry": {
      "time": 40535,
      "deviceMetrics": {
        "batteryLevel": 101,
        "voltage": 4.585,
        "channelUtilization": 0.0,
        "airUtilTx": 0.0,
        "uptimeSeconds": 40473
      },
      "raw": "time: 40535\ndevice_metrics {\n  battery_level: 101\n  voltage: 4.585\n  channel_utilization: 0\n  air_util_tx: 0\n  uptime_seconds: 40473\n}\n"
    }
  },
  "id": 1422166301,
  "hopLimit": 3,
  "priority": "BACKGROUND",
  "raw": "from: 164906676\nto: 4294967295\ndecoded {\n  portnum: TELEMETRY_APP\n  payload: \"\\rW\\236\\000\\000\\022\\025\\010e\\025R\\270\\222@\\035\\000\\000\\000\\000%\\000\\000\\000\\000(\\231\\274\\002\"\n}\nid: 1422166301\nhop_limit: 3\npriority: BACKGROUND\n",
  "fromId": "!09d446b4",
  "toId": "^all"
}
============================================================
{
  "from": 164906676,
  "to": 4294967295,
  "decoded": {
    "portnum": "TELEMETRY_APP",
    "payload": "b'\\r\\x93\\x9e\\x00\\x00\\x12\\x15\\x08e\\x15=\\n\\x93@\\x1d\\x00\\x00\\x00\\x00%\\x00\\x00\\x00\\x00(\\xd5\\xbc\\x02'",
    "telemetry": {
      "time": 40595,
      "deviceMetrics": {
        "batteryLevel": 101,
        "voltage": 4.595,
        "channelUtilization": 0.0,
        "airUtilTx": 0.0,
        "uptimeSeconds": 40533
      },
      "raw": "time: 40595\ndevice_metrics {\n  battery_level: 101\n  voltage: 4.595\n  channel_utilization: 0\n  air_util_tx: 0\n  uptime_seconds: 40533\n}\n"
    }
  },
  "id": 1348636958,
  "hopLimit": 3,
  "priority": "BACKGROUND",
  "raw": "from: 164906676\nto: 4294967295\ndecoded {\n  portnum: TELEMETRY_APP\n  payload: \"\\r\\223\\236\\000\\000\\022\\025\\010e\\025=\\n\\223@\\035\\000\\000\\000\\000%\\000\\000\\000\\000(\\325\\274\\002\"\n}\nid: 1348636958\nhop_limit: 3\npriority: BACKGROUND\n",
  "fromId": "!09d446b4",
  "toId": "^all"
}
============================================================
{
  "from": 164906676,
  "to": 4294967295,
  "decoded": {
    "portnum": "TELEMETRY_APP",
    "payload": "b'\\r\\xcf\\x9e\\x00\\x00\\x12\\x15\\x08e\\x15\\xc9v\\x92@\\x1d\\x00\\x00\\x00\\x00%\\x00\\x00\\x00\\x00(\\x91\\xbd\\x02'",
    "telemetry": {
      "time": 40655,
      "deviceMetrics": {
        "batteryLevel": 101,
        "voltage": 4.577,
        "channelUtilization": 0.0,
        "airUtilTx": 0.0,
        "uptimeSeconds": 40593
      },
      "raw": "time: 40655\ndevice_metrics {\n  battery_level: 101\n  voltage: 4.577\n  channel_utilization: 0\n  air_util_tx: 0\n  uptime_seconds: 40593\n}\n"
    }
  },
  "id": 198199583,
  "hopLimit": 3,
  "priority": "BACKGROUND",
  "raw": "from: 164906676\nto: 4294967295\ndecoded {\n  portnum: TELEMETRY_APP\n  payload: \"\\r\\317\\236\\000\\000\\022\\025\\010e\\025\\311v\\222@\\035\\000\\000\\000\\000%\\000\\000\\000\\000(\\221\\275\\002\"\n}\nid: 198199583\nhop_limit: 3\npriority: BACKGROUND\n",
  "fromId": "!09d446b4",
  "toId": "^all"
}
============================================================
{
  "from": 164906676,
  "to": 4294967295,
  "decoded": {
    "portnum": "TELEMETRY_APP",
    "payload": "b'\\r\\xcf\\x9e\\x00\\x002\\x1f\\x08\\x91\\xbd\\x02 \\x03(\\x030\\x03@\\x01`\\x90\\x99\\x0fh\\xd0\\xcf\\x04x\\x9c\\xff\\xff\\xff\\xff\\xff\\xff\\xff\\xff\\x01'",
    "telemetry": {
      "time": 40655,
      "localStats": {
        "uptimeSeconds": 40593,
        "numPacketsTx": 3,
        "numPacketsRx": 3,
        "numPacketsRxBad": 3,
        "numTotalNodes": 1,
        "heapTotalBytes": 248976,
        "heapFreeBytes": 75728,
        "noiseFloor": -100
      },
      "raw": "time: 40655\nlocal_stats {\n  uptime_seconds: 40593\n  num_packets_tx: 3\n  num_packets_rx: 3\n  num_packets_rx_bad: 3\n  num_total_nodes: 1\n  heap_total_bytes: 248976\n  heap_free_bytes: 75728\n  noise_floor: -100\n}\n"
    }
  },
  "id": 3828100384,
  "hopLimit": 3,
  "priority": "BACKGROUND",
  "raw": "from: 164906676\nto: 4294967295\ndecoded {\n  portnum: TELEMETRY_APP\n  payload: \"\\r\\317\\236\\000\\0002\\037\\010\\221\\275\\002 \\003(\\0030\\003@\\001`\\220\\231\\017h\\320\\317\\004x\\234\\377\\377\\377\\377\\377\\377\\377\\377\\001\"\n}\nid: 3828100384\nhop_limit: 3\npriority: BACKGROUND\n",
  "fromId": "!09d446b4",
  "toId": "^all"
}
============================================================
{
  "from": 164906676,
  "to": 4294967295,
  "decoded": {
    "portnum": "TELEMETRY_APP",
    "payload": "b'\\r\\x0b\\x9f\\x00\\x00\\x12\\x15\\x08e\\x15\\x8f\\xc2\\x91@\\x1d\\x00\\x00\\x00\\x00%\\x00\\x00\\x00\\x00(\\xcd\\xbd\\x02'",
    "telemetry": {
      "time": 40715,
      "deviceMetrics": {
        "batteryLevel": 101,
        "voltage": 4.555,
        "channelUtilization": 0.0,
        "airUtilTx": 0.0,
        "uptimeSeconds": 40653
      },
      "raw": "time: 40715\ndevice_metrics {\n  battery_level: 101\n  voltage: 4.555\n  channel_utilization: 0\n  air_util_tx: 0\n  uptime_seconds: 40653\n}\n"
    }
  },
  "id": 942874913,
  "hopLimit": 3,
  "priority": "BACKGROUND",
  "raw": "from: 164906676\nto: 4294967295\ndecoded {\n  portnum: TELEMETRY_APP\n  payload: \"\\r\\013\\237\\000\\000\\022\\025\\010e\\025\\217\\302\\221@\\035\\000\\000\\000\\000%\\000\\000\\000\\000(\\315\\275\\002\"\n}\nid: 942874913\nhop_limit: 3\npriority: BACKGROUND\n",
  "fromId": "!09d446b4",
  "toId": "^all"
}
============================================================
{
  "from": 164906676,
  "to": 4294967295,
  "decoded": {
    "portnum": "TELEMETRY_APP",
    "payload": "b'\\rG\\x9f\\x00\\x00\\x12\\x15\\x08e\\x15\\xbe\\x9f\\x92@\\x1d\\x00\\x00\\x00\\x00%\\x00\\x00\\x00\\x00(\\x89\\xbe\\x02'",
    "telemetry": {
      "time": 40775,
      "deviceMetrics": {
        "batteryLevel": 101,
        "voltage": 4.582,
        "channelUtilization": 0.0,
        "airUtilTx": 0.0,
        "uptimeSeconds": 40713
      },
      "raw": "time: 40775\ndevice_metrics {\n  battery_level: 101\n  voltage: 4.582\n  channel_utilization: 0\n  air_util_tx: 0\n  uptime_seconds: 40713\n}\n"
    }
  },
  "id": 3023168802,
  "hopLimit": 3,
  "priority": "BACKGROUND",
  "raw": "from: 164906676\nto: 4294967295\ndecoded {\n  portnum: TELEMETRY_APP\n  payload: \"\\rG\\237\\000\\000\\022\\025\\010e\\025\\276\\237\\222@\\035\\000\\000\\000\\000%\\000\\000\\000\\000(\\211\\276\\002\"\n}\nid: 3023168802\nhop_limit: 3\npriority: BACKGROUND\n",
  "fromId": "!09d446b4",
  "toId": "^all"
}
============================================================
{
  "from": 164906676,
  "to": 4294967295,
  "decoded": {
    "portnum": "TELEMETRY_APP",
    "payload": "b'\\r\\x83\\x9f\\x00\\x00\\x12\\x15\\x08e\\x15%\\x06\\x95@\\x1d\\x00\\x00\\x00\\x00%\\x00\\x00\\x00\\x00(\\xc5\\xbe\\x02'",
    "telemetry": {
      "time": 40835,
      "deviceMetrics": {
        "batteryLevel": 101,
        "voltage": 4.657,
        "channelUtilization": 0.0,
        "airUtilTx": 0.0,
        "uptimeSeconds": 40773
      },
      "raw": "time: 40835\ndevice_metrics {\n  battery_level: 101\n  voltage: 4.657\n  channel_utilization: 0\n  air_util_tx: 0\n  uptime_seconds: 40773\n}\n"
    }
  },
  "id": 238082339,
  "hopLimit": 3,
  "priority": "BACKGROUND",
  "raw": "from: 164906676\nto: 4294967295\ndecoded {\n  portnum: TELEMETRY_APP\n  payload: \"\\r\\203\\237\\000\\000\\022\\025\\010e\\025%\\006\\225@\\035\\000\\000\\000\\000%\\000\\000\\000\\000(\\305\\276\\002\"\n}\nid: 238082339\nhop_limit: 3\npriority: BACKGROUND\n",
  "fromId": "!09d446b4",
  "toId": "^all"
}
============================================================
{
  "from": 164906676,
  "to": 4294967295,
  "decoded": {
    "portnum": "TELEMETRY_APP",
    "payload": "b'\\r\\xbf\\x9f\\x00\\x00\\x12\\x15\\x08e\\x15y\\xe9\\x92@\\x1d\\x00\\x00\\x00\\x00%\\x00\\x00\\x00\\x00(\\x81\\xbf\\x02'",
    "telemetry": {
      "time": 40895,
      "deviceMetrics": {
        "batteryLevel": 101,
        "voltage": 4.591,
        "channelUtilization": 0.0,
        "airUtilTx": 0.0,
        "uptimeSeconds": 40833
      },
      "raw": "time: 40895\ndevice_metrics {\n  battery_level: 101\n  voltage: 4.591\n  channel_utilization: 0\n  air_util_tx: 0\n  uptime_seconds: 40833\n}\n"
    }
  },
  "id": 506817828,
  "hopLimit": 3,
  "priority": "BACKGROUND",
  "raw": "from: 164906676\nto: 4294967295\ndecoded {\n  portnum: TELEMETRY_APP\n  payload: \"\\r\\277\\237\\000\\000\\022\\025\\010e\\025y\\351\\222@\\035\\000\\000\\000\\000%\\000\\000\\000\\000(\\201\\277\\002\"\n}\nid: 506817828\nhop_limit: 3\npriority: BACKGROUND\n",
  "fromId": "!09d446b4",
  "toId": "^all"
}
============================================================
{
  "from": 164906676,
  "to": 4294967295,
  "decoded": {
    "portnum": "TELEMETRY_APP",
    "payload": "b'\\r\\xfb\\x9f\\x00\\x00\\x12\\x15\\x08e\\x15o\\x12\\x93@\\x1d\\x00\\x00\\x00\\x00%\\x00\\x00\\x00\\x00(\\xbd\\xbf\\x02'",
    "telemetry": {
      "time": 40955,
      "deviceMetrics": {
        "batteryLevel": 101,
        "voltage": 4.596,
        "channelUtilization": 0.0,
        "airUtilTx": 0.0,
        "uptimeSeconds": 40893
      },
      "raw": "time: 40955\ndevice_metrics {\n  battery_level: 101\n  voltage: 4.596\n  channel_utilization: 0\n  air_util_tx: 0\n  uptime_seconds: 40893\n}\n"
    }
  },
  "id": 2175140133,
  "hopLimit": 3,
  "priority": "BACKGROUND",
  "raw": "from: 164906676\nto: 4294967295\ndecoded {\n  portnum: TELEMETRY_APP\n  payload: \"\\r\\373\\237\\000\\000\\022\\025\\010e\\025o\\022\\223@\\035\\000\\000\\000\\000%\\000\\000\\000\\000(\\275\\277\\002\"\n}\nid: 2175140133\nhop_limit: 3\npriority: BACKGROUND\n",
  "fromId": "!09d446b4",
  "toId": "^all"
}
============================================================
{
  "from": 164906676,
  "to": 4294967295,
  "decoded": {
    "portnum": "TELEMETRY_APP",
    "payload": "b'\\r7\\xa0\\x00\\x00\\x12\\x15\\x08e\\x15\\xd7\\xa3\\x94@\\x1d\\x00\\x00\\x00\\x00%\\x00\\x00\\x00\\x00(\\xf9\\xbf\\x02'",
    "telemetry": {
      "time": 41015,
      "deviceMetrics": {
        "batteryLevel": 101,
        "voltage": 4.645,
        "channelUtilization": 0.0,
        "airUtilTx": 0.0,
        "uptimeSeconds": 40953
      },
      "raw": "time: 41015\ndevice_metrics {\n  battery_level: 101\n  voltage: 4.645\n  channel_utilization: 0\n  air_util_tx: 0\n  uptime_seconds: 40953\n}\n"
    }
  },
  "id": 2575461670,
  "hopLimit": 3,
  "priority": "BACKGROUND",
  "raw": "from: 164906676\nto: 4294967295\ndecoded {\n  portnum: TELEMETRY_APP\n  payload: \"\\r7\\240\\000\\000\\022\\025\\010e\\025\\327\\243\\224@\\035\\000\\000\\000\\000%\\000\\000\\000\\000(\\371\\277\\002\"\n}\nid: 2575461670\nhop_limit: 3\npriority: BACKGROUND\n",
  "fromId": "!09d446b4",
  "toId": "^all"
}
============================================================
{
  "from": 164906676,
  "to": 4294967295,
  "decoded": {
    "portnum": "TELEMETRY_APP",
    "payload": "b'\\rs\\xa0\\x00\\x00\\x12\\x15\\x08e\\x15\\x1b/\\x95@\\x1d\\x00\\x00\\x00\\x00%\\x00\\x00\\x00\\x00(\\xb5\\xc0\\x02'",
    "telemetry": {
      "time": 41075,
      "deviceMetrics": {
        "batteryLevel": 101,
        "voltage": 4.662,
        "channelUtilization": 0.0,
        "airUtilTx": 0.0,
        "uptimeSeconds": 41013
      },
      "raw": "time: 41075\ndevice_metrics {\n  battery_level: 101\n  voltage: 4.662\n  channel_utilization: 0\n  air_util_tx: 0\n  uptime_seconds: 41013\n}\n"
    }
  },
  "id": 2257835303,
  "hopLimit": 3,
  "priority": "BACKGROUND",
  "raw": "from: 164906676\nto: 4294967295\ndecoded {\n  portnum: TELEMETRY_APP\n  payload: \"\\rs\\240\\000\\000\\022\\025\\010e\\025\\033/\\225@\\035\\000\\000\\000\\000%\\000\\000\\000\\000(\\265\\300\\002\"\n}\nid: 2257835303\nhop_limit: 3\npriority: BACKGROUND\n",
  "fromId": "!09d446b4",
  "toId": "^all"
}
============================================================
{
  "from": 164906676,
  "to": 4294967295,
  "decoded": {
    "portnum": "TELEMETRY_APP",
    "payload": "b'\\r\\xaf\\xa0\\x00\\x00\\x12\\x15\\x08e\\x15\\xac\\x1c\\x92@\\x1d\\x00\\x00\\x00\\x00%\\x00\\x00\\x00\\x00(\\xf1\\xc0\\x02'",
    "telemetry": {
      "time": 41135,
      "deviceMetrics": {
        "batteryLevel": 101,
        "voltage": 4.566,
        "channelUtilization": 0.0,
        "airUtilTx": 0.0,
        "uptimeSeconds": 41073
      },
      "raw": "time: 41135\ndevice_metrics {\n  battery_level: 101\n  voltage: 4.566\n  channel_utilization: 0\n  air_util_tx: 0\n  uptime_seconds: 41073\n}\n"
    }
  },
  "id": 3718651176,
  "hopLimit": 3,
  "priority": "BACKGROUND",
  "raw": "from: 164906676\nto: 4294967295\ndecoded {\n  portnum: TELEMETRY_APP\n  payload: \"\\r\\257\\240\\000\\000\\022\\025\\010e\\025\\254\\034\\222@\\035\\000\\000\\000\\000%\\000\\000\\000\\000(\\361\\300\\002\"\n}\nid: 3718651176\nhop_limit: 3\npriority: BACKGROUND\n",
  "fromId": "!09d446b4",
  "toId": "^all"
}
============================================================
{
  "from": 164906676,
  "to": 4294967295,
  "decoded": {
    "portnum": "TELEMETRY_APP",
    "payload": "b'\\r\\xeb\\xa0\\x00\\x00\\x12\\x15\\x08e\\x15\\x9a\\x99\\x91@\\x1d\\x00\\x00\\x00\\x00%\\x00\\x00\\x00\\x00(\\xad\\xc1\\x02'",
    "telemetry": {
      "time": 41195,
      "deviceMetrics": {
        "batteryLevel": 101,
        "voltage": 4.55,
        "channelUtilization": 0.0,
        "airUtilTx": 0.0,
        "uptimeSeconds": 41133
      },
      "raw": "time: 41195\ndevice_metrics {\n  battery_level: 101\n  voltage: 4.55\n  channel_utilization: 0\n  air_util_tx: 0\n  uptime_seconds: 41133\n}\n"
    }
  },
  "id": 3398792489,
  "hopLimit": 3,
  "priority": "BACKGROUND",
  "raw": "from: 164906676\nto: 4294967295\ndecoded {\n  portnum: TELEMETRY_APP\n  payload: \"\\r\\353\\240\\000\\000\\022\\025\\010e\\025\\232\\231\\221@\\035\\000\\000\\000\\000%\\000\\000\\000\\000(\\255\\301\\002\"\n}\nid: 3398792489\nhop_limit: 3\npriority: BACKGROUND\n",
  "fromId": "!09d446b4",
  "toId": "^all"
}
============================================================
{
  "from": 164906676,
  "to": 4294967295,
  "decoded": {
    "portnum": "TELEMETRY_APP",
    "payload": "b\"\\r'\\xa1\\x00\\x00\\x12\\x15\\x08e\\x15\\xcb\\xa1\\x91@\\x1d\\x00\\x00\\x00\\x00%\\x00\\x00\\x00\\x00(\\xe9\\xc1\\x02\"",
    "telemetry": {
      "time": 41255,
      "deviceMetrics": {
        "batteryLevel": 101,
        "voltage": 4.551,
        "channelUtilization": 0.0,
        "airUtilTx": 0.0,
        "uptimeSeconds": 41193
      },
      "raw": "time: 41255\ndevice_metrics {\n  battery_level: 101\n  voltage: 4.551\n  channel_utilization: 0\n  air_util_tx: 0\n  uptime_seconds: 41193\n}\n"
    }
  },
  "id": 2837056810,
  "hopLimit": 3,
  "priority": "BACKGROUND",
  "raw": "from: 164906676\nto: 4294967295\ndecoded {\n  portnum: TELEMETRY_APP\n  payload: \"\\r\\'\\241\\000\\000\\022\\025\\010e\\025\\313\\241\\221@\\035\\000\\000\\000\\000%\\000\\000\\000\\000(\\351\\301\\002\"\n}\nid: 2837056810\nhop_limit: 3\npriority: BACKGROUND\n",
  "fromId": "!09d446b4",
  "toId": "^all"
}
============================================================
{
  "from": 164906676,
  "to": 4294967295,
  "decoded": {
    "portnum": "TELEMETRY_APP",
    "payload": "b'\\rc\\xa1\\x00\\x00\\x12\\x15\\x08e\\x15\\x19\\x04\\x92@\\x1d\\x00\\x00\\x00\\x00%\\x00\\x00\\x00\\x00(\\xa5\\xc2\\x02'",
    "telemetry": {
      "time": 41315,
      "deviceMetrics": {
        "batteryLevel": 101,
        "voltage": 4.563,
        "channelUtilization": 0.0,
        "airUtilTx": 0.0,
        "uptimeSeconds": 41253
      },
      "raw": "time: 41315\ndevice_metrics {\n  battery_level: 101\n  voltage: 4.563\n  channel_utilization: 0\n  air_util_tx: 0\n  uptime_seconds: 41253\n}\n"
    }
  },
  "id": 750016811,
  "hopLimit": 3,
  "priority": "BACKGROUND",
  "raw": "from: 164906676\nto: 4294967295\ndecoded {\n  portnum: TELEMETRY_APP\n  payload: \"\\rc\\241\\000\\000\\022\\025\\010e\\025\\031\\004\\222@\\035\\000\\000\\000\\000%\\000\\000\\000\\000(\\245\\302\\002\"\n}\nid: 750016811\nhop_limit: 3\npriority: BACKGROUND\n",
  "fromId": "!09d446b4",
  "toId": "^all"
}
============================================================
{
  "from": 164906676,
  "to": 4294967295,
  "decoded": {
    "portnum": "TELEMETRY_APP",
    "payload": "b'\\r\\x9f\\xa1\\x00\\x00\\x12\\x15\\x08e\\x15\\xc1\\xca\\x91@\\x1d\\x00\\x00\\x00\\x00%\\x00\\x00\\x00\\x00(\\xe1\\xc2\\x02'",
    "telemetry": {
      "time": 41375,
      "deviceMetrics": {
        "batteryLevel": 101,
        "voltage": 4.556,
        "channelUtilization": 0.0,
        "airUtilTx": 0.0,
        "uptimeSeconds": 41313
      },
      "raw": "time: 41375\ndevice_metrics {\n  battery_level: 101\n  voltage: 4.556\n  channel_utilization: 0\n  air_util_tx: 0\n  uptime_seconds: 41313\n}\n"
    }
  },
  "id": 1600434476,
  "hopLimit": 3,
  "priority": "BACKGROUND",
  "raw": "from: 164906676\nto: 4294967295\ndecoded {\n  portnum: TELEMETRY_APP\n  payload: \"\\r\\237\\241\\000\\000\\022\\025\\010e\\025\\301\\312\\221@\\035\\000\\000\\000\\000%\\000\\000\\000\\000(\\341\\302\\002\"\n}\nid: 1600434476\nhop_limit: 3\npriority: BACKGROUND\n",
  "fromId": "!09d446b4",
  "toId": "^all"
}
============================================================
{
  "from": 164906676,
  "to": 4294967295,
  "decoded": {
    "portnum": "TELEMETRY_APP",
    "payload": "b'\\r\\xdb\\xa1\\x00\\x00\\x12\\x15\\x08e\\x15\\x0e-\\x92@\\x1d\\x00\\x00\\x00\\x00%\\x00\\x00\\x00\\x00(\\x9d\\xc3\\x02'",
    "telemetry": {
      "time": 41435,
      "deviceMetrics": {
        "batteryLevel": 101,
        "voltage": 4.568,
        "channelUtilization": 0.0,
        "airUtilTx": 0.0,
        "uptimeSeconds": 41373
      },
      "raw": "time: 41435\ndevice_metrics {\n  battery_level: 101\n  voltage: 4.568\n  channel_utilization: 0\n  air_util_tx: 0\n  uptime_seconds: 41373\n}\n"
    }
  },
  "id": 905401645,
  "hopLimit": 3,
  "priority": "BACKGROUND",
  "raw": "from: 164906676\nto: 4294967295\ndecoded {\n  portnum: TELEMETRY_APP\n  payload: \"\\r\\333\\241\\000\\000\\022\\025\\010e\\025\\016-\\222@\\035\\000\\000\\000\\000%\\000\\000\\000\\000(\\235\\303\\002\"\n}\nid: 905401645\nhop_limit: 3\npriority: BACKGROUND\n",
  "fromId": "!09d446b4",
  "toId": "^all"
}
============================================================
{
  "from": 164906676,
  "to": 4294967295,
  "decoded": {
    "portnum": "TELEMETRY_APP",
    "payload": "b'\\r\\x18\\xa2\\x00\\x00\\x12\\x15\\x08e\\x15\\xe7\\xfb\\x91@\\x1d\\x00\\x00\\x00\\x00%\\x00\\x00\\x00\\x00(\\xd9\\xc3\\x02'",
    "telemetry": {
      "time": 41496,
      "deviceMetrics": {
        "batteryLevel": 101,
        "voltage": 4.562,
        "channelUtilization": 0.0,
        "airUtilTx": 0.0,
        "uptimeSeconds": 41433
      },
      "raw": "time: 41496\ndevice_metrics {\n  battery_level: 101\n  voltage: 4.562\n  channel_utilization: 0\n  air_util_tx: 0\n  uptime_seconds: 41433\n}\n"
    }
  },
  "id": 1799698734,
  "hopLimit": 3,
  "priority": "BACKGROUND",
  "raw": "from: 164906676\nto: 4294967295\ndecoded {\n  portnum: TELEMETRY_APP\n  payload: \"\\r\\030\\242\\000\\000\\022\\025\\010e\\025\\347\\373\\221@\\035\\000\\000\\000\\000%\\000\\000\\000\\000(\\331\\303\\002\"\n}\nid: 1799698734\nhop_limit: 3\npriority: BACKGROUND\n",
  "fromId": "!09d446b4",
  "toId": "^all"
}
============================================================
{
  "from": 164906676,
  "to": 4294967295,
  "decoded": {
    "portnum": "TELEMETRY_APP",
    "payload": "b'\\rT\\xa2\\x00\\x00\\x12\\x15\\x08e\\x15\\xa2E\\x92@\\x1d\\x00\\x00\\x00\\x00%\\x00\\x00\\x00\\x00(\\x95\\xc4\\x02'",
    "telemetry": {
      "time": 41556,
      "deviceMetrics": {
        "batteryLevel": 101,
        "voltage": 4.571,
        "channelUtilization": 0.0,
        "airUtilTx": 0.0,
        "uptimeSeconds": 41493
      },
      "raw": "time: 41556\ndevice_metrics {\n  battery_level: 101\n  voltage: 4.571\n  channel_utilization: 0\n  air_util_tx: 0\n  uptime_seconds: 41493\n}\n"
    }
  },
  "id": 2276087087,
  "hopLimit": 3,
  "priority": "BACKGROUND",
  "raw": "from: 164906676\nto: 4294967295\ndecoded {\n  portnum: TELEMETRY_APP\n  payload: \"\\rT\\242\\000\\000\\022\\025\\010e\\025\\242E\\222@\\035\\000\\000\\000\\000%\\000\\000\\000\\000(\\225\\304\\002\"\n}\nid: 2276087087\nhop_limit: 3\npriority: BACKGROUND\n",
  "fromId": "!09d446b4",
  "toId": "^all"
}
============================================================
{
  "from": 164906676,
  "to": 4294967295,
  "decoded": {
    "portnum": "TELEMETRY_APP",
    "payload": "b'\\rT\\xa2\\x00\\x002\\x1f\\x08\\x95\\xc4\\x02 \\x03(\\x030\\x03@\\x01`\\x90\\x99\\x0fh\\xd0\\xcf\\x04x\\x9c\\xff\\xff\\xff\\xff\\xff\\xff\\xff\\xff\\x01'",
    "telemetry": {
      "time": 41556,
      "localStats": {
        "uptimeSeconds": 41493,
        "numPacketsTx": 3,
        "numPacketsRx": 3,
        "numPacketsRxBad": 3,
        "numTotalNodes": 1,
        "heapTotalBytes": 248976,
        "heapFreeBytes": 75728,
        "noiseFloor": -100
      },
      "raw": "time: 41556\nlocal_stats {\n  uptime_seconds: 41493\n  num_packets_tx: 3\n  num_packets_rx: 3\n  num_packets_rx_bad: 3\n  num_total_nodes: 1\n  heap_total_bytes: 248976\n  heap_free_bytes: 75728\n  noise_floor: -100\n}\n"
    }
  },
  "id": 3207125296,
  "hopLimit": 3,
  "priority": "BACKGROUND",
  "raw": "from: 164906676\nto: 4294967295\ndecoded {\n  portnum: TELEMETRY_APP\n  payload: \"\\rT\\242\\000\\0002\\037\\010\\225\\304\\002 \\003(\\0030\\003@\\001`\\220\\231\\017h\\320\\317\\004x\\234\\377\\377\\377\\377\\377\\377\\377\\377\\001\"\n}\nid: 3207125296\nhop_limit: 3\npriority: BACKGROUND\n",
  "fromId": "!09d446b4",
  "toId": "^all"
}
============================================================
{
  "from": 164906676,
  "to": 4294967295,
  "decoded": {
    "portnum": "TELEMETRY_APP",
    "payload": "b'\\r\\x90\\xa2\\x00\\x00\\x12\\x15\\x08e\\x15\\xe9&\\x95@\\x1d\\x00\\x00\\x00\\x00%\\x00\\x00\\x00\\x00(\\xd2\\xc4\\x02'",
    "telemetry": {
      "time": 41616,
      "deviceMetrics": {
        "batteryLevel": 101,
        "voltage": 4.661,
        "channelUtilization": 0.0,
        "airUtilTx": 0.0,
        "uptimeSeconds": 41554
      },
      "raw": "time: 41616\ndevice_metrics {\n  battery_level: 101\n  voltage: 4.661\n  channel_utilization: 0\n  air_util_tx: 0\n  uptime_seconds: 41554\n}\n"
    }
  },
  "id": 1381106993,
  "hopLimit": 3,
  "priority": "BACKGROUND",
  "raw": "from: 164906676\nto: 4294967295\ndecoded {\n  portnum: TELEMETRY_APP\n  payload: \"\\r\\220\\242\\000\\000\\022\\025\\010e\\025\\351&\\225@\\035\\000\\000\\000\\000%\\000\\000\\000\\000(\\322\\304\\002\"\n}\nid: 1381106993\nhop_limit: 3\npriority: BACKGROUND\n",
  "fromId": "!09d446b4",
  "toId": "^all"
}
============================================================
{
  "from": 164906676,
  "to": 4294967295,
  "decoded": {
    "portnum": "TELEMETRY_APP",
    "payload": "b'\\r\\xcc\\xa2\\x00\\x00\\x12\\x15\\x08e\\x15w\\xbe\\x93@\\x1d\\x00\\x00\\x00\\x00%\\x00\\x00\\x00\\x00(\\x8e\\xc5\\x02'",
    "telemetry": {
      "time": 41676,
      "deviceMetrics": {
        "batteryLevel": 101,
        "voltage": 4.617,
        "channelUtilization": 0.0,
        "airUtilTx": 0.0,
        "uptimeSeconds": 41614
      },
      "raw": "time: 41676\ndevice_metrics {\n  battery_level: 101\n  voltage: 4.617\n  channel_utilization: 0\n  air_util_tx: 0\n  uptime_seconds: 41614\n}\n"
    }
  },
  "id": 1807017266,
  "hopLimit": 3,
  "priority": "BACKGROUND",
  "raw": "from: 164906676\nto: 4294967295\ndecoded {\n  portnum: TELEMETRY_APP\n  payload: \"\\r\\314\\242\\000\\000\\022\\025\\010e\\025w\\276\\223@\\035\\000\\000\\000\\000%\\000\\000\\000\\000(\\216\\305\\002\"\n}\nid: 1807017266\nhop_limit: 3\npriority: BACKGROUND\n",
  "fromId": "!09d446b4",
  "toId": "^all"
}
============================================================
{
  "from": 164906676,
  "to": 4294967295,
  "decoded": {
    "portnum": "TELEMETRY_APP",
    "payload": "b'\\r\\x08\\xa3\\x00\\x00\\x12\\x15\\x08e\\x15F\\xb6\\x93@\\x1d\\x00\\x00\\x00\\x00%\\x00\\x00\\x00\\x00(\\xca\\xc5\\x02'",
    "telemetry": {
      "time": 41736,
      "deviceMetrics": {
        "batteryLevel": 101,
        "voltage": 4.616,
        "channelUtilization": 0.0,
        "airUtilTx": 0.0,
        "uptimeSeconds": 41674
      },
      "raw": "time: 41736\ndevice_metrics {\n  battery_level: 101\n  voltage: 4.616\n  channel_utilization: 0\n  air_util_tx: 0\n  uptime_seconds: 41674\n}\n"
    }
  },
  "id": 507674931,
  "hopLimit": 3,
  "priority": "BACKGROUND",
  "raw": "from: 164906676\nto: 4294967295\ndecoded {\n  portnum: TELEMETRY_APP\n  payload: \"\\r\\010\\243\\000\\000\\022\\025\\010e\\025F\\266\\223@\\035\\000\\000\\000\\000%\\000\\000\\000\\000(\\312\\305\\002\"\n}\nid: 507674931\nhop_limit: 3\npriority: BACKGROUND\n",
  "fromId": "!09d446b4",
  "toId": "^all"
}
============================================================
{
  "from": 164906676,
  "to": 4294967295,
  "decoded": {
    "portnum": "TELEMETRY_APP",
    "payload": "b'\\rD\\xa3\\x00\\x00\\x12\\x15\\x08e\\x15\\xdfO\\x95@\\x1d\\x00\\x00\\x00\\x00%\\x00\\x00\\x00\\x00(\\x86\\xc6\\x02'",
    "telemetry": {
      "time": 41796,
      "deviceMetrics": {
        "batteryLevel": 101,
        "voltage": 4.666,
        "channelUtilization": 0.0,
        "airUtilTx": 0.0,
        "uptimeSeconds": 41734
      },
      "raw": "time: 41796\ndevice_metrics {\n  battery_level: 101\n  voltage: 4.666\n  channel_utilization: 0\n  air_util_tx: 0\n  uptime_seconds: 41734\n}\n"
    }
  },
  "id": 1318979892,
  "hopLimit": 3,
  "priority": "BACKGROUND",
  "raw": "from: 164906676\nto: 4294967295\ndecoded {\n  portnum: TELEMETRY_APP\n  payload: \"\\rD\\243\\000\\000\\022\\025\\010e\\025\\337O\\225@\\035\\000\\000\\000\\000%\\000\\000\\000\\000(\\206\\306\\002\"\n}\nid: 1318979892\nhop_limit: 3\npriority: BACKGROUND\n",
  "fromId": "!09d446b4",
  "toId": "^all"
}
============================================================
{
  "from": 164906676,
  "to": 4294967295,
  "decoded": {
    "portnum": "TELEMETRY_APP",
    "payload": "b'\\r\\x80\\xa3\\x00\\x00\\x12\\x15\\x08e\\x15\\xe1z\\x94@\\x1d\\x00\\x00\\x00\\x00%\\x00\\x00\\x00\\x00(\\xc2\\xc6\\x02'",
    "telemetry": {
      "time": 41856,
      "deviceMetrics": {
        "batteryLevel": 101,
        "voltage": 4.64,
        "channelUtilization": 0.0,
        "airUtilTx": 0.0,
        "uptimeSeconds": 41794
      },
      "raw": "time: 41856\ndevice_metrics {\n  battery_level: 101\n  voltage: 4.64\n  channel_utilization: 0\n  air_util_tx: 0\n  uptime_seconds: 41794\n}\n"
    }
  },
  "id": 1601119541,
  "hopLimit": 3,
  "priority": "BACKGROUND",
  "raw": "from: 164906676\nto: 4294967295\ndecoded {\n  portnum: TELEMETRY_APP\n  payload: \"\\r\\200\\243\\000\\000\\022\\025\\010e\\025\\341z\\224@\\035\\000\\000\\000\\000%\\000\\000\\000\\000(\\302\\306\\002\"\n}\nid: 1601119541\nhop_limit: 3\npriority: BACKGROUND\n",
  "fromId": "!09d446b4",
  "toId": "^all"
}
============================================================
{
  "from": 164906676,
  "to": 4294967295,
  "decoded": {
    "portnum": "TELEMETRY_APP",
    "payload": "b'\\r\\xbc\\xa3\\x00\\x00\\x12\\x15\\x08e\\x15\\x9c\\xc4\\x94@\\x1d\\x00\\x00\\x00\\x00%\\x00\\x00\\x00\\x00(\\xfe\\xc6\\x02'",
    "telemetry": {
      "time": 41916,
      "deviceMetrics": {
        "batteryLevel": 101,
        "voltage": 4.649,
        "channelUtilization": 0.0,
        "airUtilTx": 0.0,
        "uptimeSeconds": 41854
      },
      "raw": "time: 41916\ndevice_metrics {\n  battery_level: 101\n  voltage: 4.649\n  channel_utilization: 0\n  air_util_tx: 0\n  uptime_seconds: 41854\n}\n"
    }
  },
  "id": 700855606,
  "hopLimit": 3,
  "priority": "BACKGROUND",
  "raw": "from: 164906676\nto: 4294967295\ndecoded {\n  portnum: TELEMETRY_APP\n  payload: \"\\r\\274\\243\\000\\000\\022\\025\\010e\\025\\234\\304\\224@\\035\\000\\000\\000\\000%\\000\\000\\000\\000(\\376\\306\\002\"\n}\nid: 700855606\nhop_limit: 3\npriority: BACKGROUND\n",
  "fromId": "!09d446b4",
  "toId": "^all"
}
============================================================
{
  "from": 164906676,
  "to": 4294967295,
  "decoded": {
    "portnum": "TELEMETRY_APP",
    "payload": "b'\\r\\xf8\\xa3\\x00\\x00\\x12\\x15\\x08e\\x15\\x00\\x00\\x94@\\x1d\\x00\\x00\\x00\\x00%\\x00\\x00\\x00\\x00(\\xba\\xc7\\x02'",
    "telemetry": {
      "time": 41976,
      "deviceMetrics": {
        "batteryLevel": 101,
        "voltage": 4.625,
        "channelUtilization": 0.0,
        "airUtilTx": 0.0,
        "uptimeSeconds": 41914
      },
      "raw": "time: 41976\ndevice_metrics {\n  battery_level: 101\n  voltage: 4.625\n  channel_utilization: 0\n  air_util_tx: 0\n  uptime_seconds: 41914\n}\n"
    }
  },
  "id": 3207471415,
  "hopLimit": 3,
  "priority": "BACKGROUND",
  "raw": "from: 164906676\nto: 4294967295\ndecoded {\n  portnum: TELEMETRY_APP\n  payload: \"\\r\\370\\243\\000\\000\\022\\025\\010e\\025\\000\\000\\224@\\035\\000\\000\\000\\000%\\000\\000\\000\\000(\\272\\307\\002\"\n}\nid: 3207471415\nhop_limit: 3\npriority: BACKGROUND\n",
  "fromId": "!09d446b4",
  "toId": "^all"
}
============================================================
{
  "from": 164906676,
  "to": 4294967295,
  "decoded": {
    "portnum": "TELEMETRY_APP",
    "payload": "b'\\r4\\xa4\\x00\\x00\\x12\\x15\\x08e\\x15b\\x10\\x94@\\x1d\\x00\\x00\\x00\\x00%\\x00\\x00\\x00\\x00(\\xf6\\xc7\\x02'",
    "telemetry": {
      "time": 42036,
      "deviceMetrics": {
        "batteryLevel": 101,
        "voltage": 4.627,
        "channelUtilization": 0.0,
        "airUtilTx": 0.0,
        "uptimeSeconds": 41974
      },
      "raw": "time: 42036\ndevice_metrics {\n  battery_level: 101\n  voltage: 4.627\n  channel_utilization: 0\n  air_util_tx: 0\n  uptime_seconds: 41974\n}\n"
    }
  },
  "id": 2981431608,
  "hopLimit": 3,
  "priority": "BACKGROUND",
  "raw": "from: 164906676\nto: 4294967295\ndecoded {\n  portnum: TELEMETRY_APP\n  payload: \"\\r4\\244\\000\\000\\022\\025\\010e\\025b\\020\\224@\\035\\000\\000\\000\\000%\\000\\000\\000\\000(\\366\\307\\002\"\n}\nid: 2981431608\nhop_limit: 3\npriority: BACKGROUND\n",
  "fromId": "!09d446b4",
  "toId": "^all"
}
============================================================
{
  "from": 164906676,
  "to": 4294967295,
  "decoded": {
    "portnum": "TELEMETRY_APP",
    "payload": "b'\\rp\\xa4\\x00\\x00\\x12\\x15\\x08e\\x15Nb\\x94@\\x1d\\x00\\x00\\x00\\x00%\\x00\\x00\\x00\\x00(\\xb2\\xc8\\x02'",
    "telemetry": {
      "time": 42096,
      "deviceMetrics": {
        "batteryLevel": 101,
        "voltage": 4.637,
        "channelUtilization": 0.0,
        "airUtilTx": 0.0,
        "uptimeSeconds": 42034
      },
      "raw": "time: 42096\ndevice_metrics {\n  battery_level: 101\n  voltage: 4.637\n  channel_utilization: 0\n  air_util_tx: 0\n  uptime_seconds: 42034\n}\n"
    }
  },
  "id": 1522769209,
  "hopLimit": 3,
  "priority": "BACKGROUND",
  "raw": "from: 164906676\nto: 4294967295\ndecoded {\n  portnum: TELEMETRY_APP\n  payload: \"\\rp\\244\\000\\000\\022\\025\\010e\\025Nb\\224@\\035\\000\\000\\000\\000%\\000\\000\\000\\000(\\262\\310\\002\"\n}\nid: 1522769209\nhop_limit: 3\npriority: BACKGROUND\n",
  "fromId": "!09d446b4",
  "toId": "^all"
}
============================================================
{
  "from": 164906676,
  "to": 4294967295,
  "decoded": {
    "portnum": "TELEMETRY_APP",
    "payload": "b'\\r\\xac\\xa4\\x00\\x00\\x12\\x15\\x08e\\x15Nb\\x94@\\x1d\\x00\\x00\\x00\\x00%\\x00\\x00\\x00\\x00(\\xee\\xc8\\x02'",
    "telemetry": {
      "time": 42156,
      "deviceMetrics": {
        "batteryLevel": 101,
        "voltage": 4.637,
        "channelUtilization": 0.0,
        "airUtilTx": 0.0,
        "uptimeSeconds": 42094
      },
      "raw": "time: 42156\ndevice_metrics {\n  battery_level: 101\n  voltage: 4.637\n  channel_utilization: 0\n  air_util_tx: 0\n  uptime_seconds: 42094\n}\n"
    }
  },
  "id": 3792706874,
  "hopLimit": 3,
  "priority": "BACKGROUND",
  "raw": "from: 164906676\nto: 4294967295\ndecoded {\n  portnum: TELEMETRY_APP\n  payload: \"\\r\\254\\244\\000\\000\\022\\025\\010e\\025Nb\\224@\\035\\000\\000\\000\\000%\\000\\000\\000\\000(\\356\\310\\002\"\n}\nid: 3792706874\nhop_limit: 3\npriority: BACKGROUND\n",
  "fromId": "!09d446b4",
  "toId": "^all"
}
============================================================
{
  "from": 164906676,
  "to": 4294967295,
  "decoded": {
    "portnum": "TELEMETRY_APP",
    "payload": "b'\\r\\xe8\\xa4\\x00\\x00\\x12\\x15\\x08e\\x15\\xfe\\xd4\\x94@\\x1d\\x00\\x00\\x00\\x00%\\x00\\x00\\x00\\x00(\\xaa\\xc9\\x02'",
    "telemetry": {
      "time": 42216,
      "deviceMetrics": {
        "batteryLevel": 101,
        "voltage": 4.651,
        "channelUtilization": 0.0,
        "airUtilTx": 0.0,
        "uptimeSeconds": 42154
      },
      "raw": "time: 42216\ndevice_metrics {\n  battery_level: 101\n  voltage: 4.651\n  channel_utilization: 0\n  air_util_tx: 0\n  uptime_seconds: 42154\n}\n"
    }
  },
  "id": 281561403,
  "hopLimit": 3,
  "priority": "BACKGROUND",
  "raw": "from: 164906676\nto: 4294967295\ndecoded {\n  portnum: TELEMETRY_APP\n  payload: \"\\r\\350\\244\\000\\000\\022\\025\\010e\\025\\376\\324\\224@\\035\\000\\000\\000\\000%\\000\\000\\000\\000(\\252\\311\\002\"\n}\nid: 281561403\nhop_limit: 3\npriority: BACKGROUND\n",
  "fromId": "!09d446b4",
  "toId": "^all"
}
============================================================
{
  "from": 164906676,
  "to": 4294967295,
  "decoded": {
    "portnum": "TELEMETRY_APP",
    "payload": "b'\\r$\\xa5\\x00\\x00\\x12\\x15\\x08e\\x15X9\\x94@\\x1d\\x00\\x00\\x00\\x00%\\x00\\x00\\x00\\x00(\\xe6\\xc9\\x02'",
    "telemetry": {
      "time": 42276,
      "deviceMetrics": {
        "batteryLevel": 101,
        "voltage": 4.632,
        "channelUtilization": 0.0,
        "airUtilTx": 0.0,
        "uptimeSeconds": 42214
      },
      "raw": "time: 42276\ndevice_metrics {\n  battery_level: 101\n  voltage: 4.632\n  channel_utilization: 0\n  air_util_tx: 0\n  uptime_seconds: 42214\n}\n"
    }
  },
  "id": 381800764,
  "hopLimit": 3,
  "priority": "BACKGROUND",
  "raw": "from: 164906676\nto: 4294967295\ndecoded {\n  portnum: TELEMETRY_APP\n  payload: \"\\r$\\245\\000\\000\\022\\025\\010e\\025X9\\224@\\035\\000\\000\\000\\000%\\000\\000\\000\\000(\\346\\311\\002\"\n}\nid: 381800764\nhop_limit: 3\npriority: BACKGROUND\n",
  "fromId": "!09d446b4",
  "toId": "^all"
}
============================================================
{
  "from": 164906676,
  "to": 4294967295,
  "decoded": {
    "portnum": "TELEMETRY_APP",
    "payload": "b'\\r`\\xa5\\x00\\x00\\x12\\x15\\x08e\\x15\\x14\\xae\\x93@\\x1d\\x00\\x00\\x00\\x00%\\x00\\x00\\x00\\x00(\\xa2\\xca\\x02'",
    "telemetry": {
      "time": 42336,
      "deviceMetrics": {
        "batteryLevel": 101,
        "voltage": 4.615,
        "channelUtilization": 0.0,
        "airUtilTx": 0.0,
        "uptimeSeconds": 42274
      },
      "raw": "time: 42336\ndevice_metrics {\n  battery_level: 101\n  voltage: 4.615\n  channel_utilization: 0\n  air_util_tx: 0\n  uptime_seconds: 42274\n}\n"
    }
  },
  "id": 2474203453,
  "hopLimit": 3,
  "priority": "BACKGROUND",
  "raw": "from: 164906676\nto: 4294967295\ndecoded {\n  portnum: TELEMETRY_APP\n  payload: \"\\r`\\245\\000\\000\\022\\025\\010e\\025\\024\\256\\223@\\035\\000\\000\\000\\000%\\000\\000\\000\\000(\\242\\312\\002\"\n}\nid: 2474203453\nhop_limit: 3\npriority: BACKGROUND\n",
  "fromId": "!09d446b4",
  "toId": "^all"
}
============================================================
{
  "from": 164906676,
  "to": 4294967295,
  "decoded": {
    "portnum": "TELEMETRY_APP",
    "payload": "b'\\r\\x9c\\xa5\\x00\\x00\\x12\\x15\\x08e\\x15\\x14\\xae\\x93@\\x1d\\x00\\x00\\x00\\x00%\\x00\\x00\\x00\\x00(\\xde\\xca\\x02'",
    "telemetry": {
      "time": 42396,
      "deviceMetrics": {
        "batteryLevel": 101,
        "voltage": 4.615,
        "channelUtilization": 0.0,
        "airUtilTx": 0.0,
        "uptimeSeconds": 42334
      },
      "raw": "time: 42396\ndevice_metrics {\n  battery_level: 101\n  voltage: 4.615\n  channel_utilization: 0\n  air_util_tx: 0\n  uptime_seconds: 42334\n}\n"
    }
  },
  "id": 2979583294,
  "hopLimit": 3,
  "priority": "BACKGROUND",
  "raw": "from: 164906676\nto: 4294967295\ndecoded {\n  portnum: TELEMETRY_APP\n  payload: \"\\r\\234\\245\\000\\000\\022\\025\\010e\\025\\024\\256\\223@\\035\\000\\000\\000\\000%\\000\\000\\000\\000(\\336\\312\\002\"\n}\nid: 2979583294\nhop_limit: 3\npriority: BACKGROUND\n",
  "fromId": "!09d446b4",
  "toId": "^all"
}
============================================================
{
  "from": 164906676,
  "to": 4294967295,
  "decoded": {
    "portnum": "TELEMETRY_APP",
    "payload": "b'\\r\\xd8\\xa5\\x00\\x00\\x12\\x15\\x08e\\x15\\xe3\\xa5\\x93@\\x1d\\x00\\x00\\x00\\x00%\\x00\\x00\\x00\\x00(\\x9a\\xcb\\x02'",
    "telemetry": {
      "time": 42456,
      "deviceMetrics": {
        "batteryLevel": 101,
        "voltage": 4.614,
        "channelUtilization": 0.0,
        "airUtilTx": 0.0,
        "uptimeSeconds": 42394
      },
      "raw": "time: 42456\ndevice_metrics {\n  battery_level: 101\n  voltage: 4.614\n  channel_utilization: 0\n  air_util_tx: 0\n  uptime_seconds: 42394\n}\n"
    }
  },
  "id": 746538303,
  "hopLimit": 3,
  "priority": "BACKGROUND",
  "raw": "from: 164906676\nto: 4294967295\ndecoded {\n  portnum: TELEMETRY_APP\n  payload: \"\\r\\330\\245\\000\\000\\022\\025\\010e\\025\\343\\245\\223@\\035\\000\\000\\000\\000%\\000\\000\\000\\000(\\232\\313\\002\"\n}\nid: 746538303\nhop_limit: 3\npriority: BACKGROUND\n",
  "fromId": "!09d446b4",
  "toId": "^all"
}
============================================================
{
  "from": 164906676,
  "to": 4294967295,
  "decoded": {
    "portnum": "TELEMETRY_APP",
    "payload": "b'\\r\\xd8\\xa5\\x00\\x002\\x1f\\x08\\x9a\\xcb\\x02 \\x03(\\x030\\x03@\\x01`\\x90\\x99\\x0fh\\xd0\\xcf\\x04x\\x9c\\xff\\xff\\xff\\xff\\xff\\xff\\xff\\xff\\x01'",
    "telemetry": {
      "time": 42456,
      "localStats": {
        "uptimeSeconds": 42394,
        "numPacketsTx": 3,
        "numPacketsRx": 3,
        "numPacketsRxBad": 3,
        "numTotalNodes": 1,
        "heapTotalBytes": 248976,
        "heapFreeBytes": 75728,
        "noiseFloor": -100
      },
      "raw": "time: 42456\nlocal_stats {\n  uptime_seconds: 42394\n  num_packets_tx: 3\n  num_packets_rx: 3\n  num_packets_rx_bad: 3\n  num_total_nodes: 1\n  heap_total_bytes: 248976\n  heap_free_bytes: 75728\n  noise_floor: -100\n}\n"
    }
  },
  "id": 92372288,
  "hopLimit": 3,
  "priority": "BACKGROUND",
  "raw": "from: 164906676\nto: 4294967295\ndecoded {\n  portnum: TELEMETRY_APP\n  payload: \"\\r\\330\\245\\000\\0002\\037\\010\\232\\313\\002 \\003(\\0030\\003@\\001`\\220\\231\\017h\\320\\317\\004x\\234\\377\\377\\377\\377\\377\\377\\377\\377\\001\"\n}\nid: 92372288\nhop_limit: 3\npriority: BACKGROUND\n",
  "fromId": "!09d446b4",
  "toId": "^all"
}
============================================================
{
  "from": 164906676,
  "to": 4294967295,
  "decoded": {
    "portnum": "TELEMETRY_APP",
    "payload": "b'\\r\\x14\\xa6\\x00\\x00\\x12\\x15\\x08e\\x15\\xc3\\xf5\\x94@\\x1d\\x00\\x00\\x00\\x00%\\x00\\x00\\x00\\x00(\\xd6\\xcb\\x02'",
    "telemetry": {
      "time": 42516,
      "deviceMetrics": {
        "batteryLevel": 101,
        "voltage": 4.655,
        "channelUtilization": 0.0,
        "airUtilTx": 0.0,
        "uptimeSeconds": 42454
      },
      "raw": "time: 42516\ndevice_metrics {\n  battery_level: 101\n  voltage: 4.655\n  channel_utilization: 0\n  air_util_tx: 0\n  uptime_seconds: 42454\n}\n"
    }
  },
  "id": 1137171777,
  "hopLimit": 3,
  "priority": "BACKGROUND",
  "raw": "from: 164906676\nto: 4294967295\ndecoded {\n  portnum: TELEMETRY_APP\n  payload: \"\\r\\024\\246\\000\\000\\022\\025\\010e\\025\\303\\365\\224@\\035\\000\\000\\000\\000%\\000\\000\\000\\000(\\326\\313\\002\"\n}\nid: 1137171777\nhop_limit: 3\npriority: BACKGROUND\n",
  "fromId": "!09d446b4",
  "toId": "^all"
}
============================================================
{
  "from": 164906676,
  "to": 4294967295,
  "decoded": {
    "portnum": "TELEMETRY_APP",
    "payload": "b'\\rP\\xa6\\x00\\x00\\x12\\x15\\x08e\\x15ff\\x92@\\x1d\\x00\\x00\\x00\\x00%\\x00\\x00\\x00\\x00(\\x92\\xcc\\x02'",
    "telemetry": {
      "time": 42576,
      "deviceMetrics": {
        "batteryLevel": 101,
        "voltage": 4.575,
        "channelUtilization": 0.0,
        "airUtilTx": 0.0,
        "uptimeSeconds": 42514
      },
      "raw": "time: 42576\ndevice_metrics {\n  battery_level: 101\n  voltage: 4.575\n  channel_utilization: 0\n  air_util_tx: 0\n  uptime_seconds: 42514\n}\n"
    }
  },
  "id": 1723118914,
  "hopLimit": 3,
  "priority": "BACKGROUND",
  "raw": "from: 164906676\nto: 4294967295\ndecoded {\n  portnum: TELEMETRY_APP\n  payload: \"\\rP\\246\\000\\000\\022\\025\\010e\\025ff\\222@\\035\\000\\000\\000\\000%\\000\\000\\000\\000(\\222\\314\\002\"\n}\nid: 1723118914\nhop_limit: 3\npriority: BACKGROUND\n",
  "fromId": "!09d446b4",
  "toId": "^all"
}
============================================================
{
  "from": 164906676,
  "to": 4294967295,
  "decoded": {
    "portnum": "TELEMETRY_APP",
    "payload": "b'\\r\\x8c\\xa6\\x00\\x00\\x12\\x15\\x08e\\x15\\x14\\xae\\x93@\\x1d\\x00\\x00\\x00\\x00%\\x00\\x00\\x00\\x00(\\xce\\xcc\\x02'",
    "telemetry": {
      "time": 42636,
      "deviceMetrics": {
        "batteryLevel": 101,
        "voltage": 4.615,
        "channelUtilization": 0.0,
        "airUtilTx": 0.0,
        "uptimeSeconds": 42574
      },
      "raw": "time: 42636\ndevice_metrics {\n  battery_level: 101\n  voltage: 4.615\n  channel_utilization: 0\n  air_util_tx: 0\n  uptime_seconds: 42574\n}\n"
    }
  },
  "id": 1420647747,
  "hopLimit": 3,
  "priority": "BACKGROUND",
  "raw": "from: 164906676\nto: 4294967295\ndecoded {\n  portnum: TELEMETRY_APP\n  payload: \"\\r\\214\\246\\000\\000\\022\\025\\010e\\025\\024\\256\\223@\\035\\000\\000\\000\\000%\\000\\000\\000\\000(\\316\\314\\002\"\n}\nid: 1420647747\nhop_limit: 3\npriority: BACKGROUND\n",
  "fromId": "!09d446b4",
  "toId": "^all"
}
============================================================
{
  "from": 164906676,
  "to": 4294967295,
  "decoded": {
    "portnum": "TELEMETRY_APP",
    "payload": "b'\\r\\xc8\\xa6\\x00\\x00\\x12\\x15\\x08e\\x15\\x1f\\x85\\x93@\\x1d\\x00\\x00\\x00\\x00%\\x00\\x00\\x00\\x00(\\x8a\\xcd\\x02'",
    "telemetry": {
      "time": 42696,
      "deviceMetrics": {
        "batteryLevel": 101,
        "voltage": 4.61,
        "channelUtilization": 0.0,
        "airUtilTx": 0.0,
        "uptimeSeconds": 42634
      },
      "raw": "time: 42696\ndevice_metrics {\n  battery_level: 101\n  voltage: 4.61\n  channel_utilization: 0\n  air_util_tx: 0\n  uptime_seconds: 42634\n}\n"
    }
  },
  "id": 1564767556,
  "hopLimit": 3,
  "priority": "BACKGROUND",
  "raw": "from: 164906676\nto: 4294967295\ndecoded {\n  portnum: TELEMETRY_APP\n  payload: \"\\r\\310\\246\\000\\000\\022\\025\\010e\\025\\037\\205\\223@\\035\\000\\000\\000\\000%\\000\\000\\000\\000(\\212\\315\\002\"\n}\nid: 1564767556\nhop_limit: 3\npriority: BACKGROUND\n",
  "fromId": "!09d446b4",
  "toId": "^all"
}
============================================================
{
  "from": 164906676,
  "to": 4294967295,
  "decoded": {
    "portnum": "TELEMETRY_APP",
    "payload": "b'\\r\\x05\\xa7\\x00\\x00\\x12\\x15\\x08e\\x15\\x7fj\\x94@\\x1d\\x00\\x00\\x00\\x00%\\x00\\x00\\x00\\x00(\\xc6\\xcd\\x02'",
    "telemetry": {
      "time": 42757,
      "deviceMetrics": {
        "batteryLevel": 101,
        "voltage": 4.638,
        "channelUtilization": 0.0,
        "airUtilTx": 0.0,
        "uptimeSeconds": 42694
      },
      "raw": "time: 42757\ndevice_metrics {\n  battery_level: 101\n  voltage: 4.638\n  channel_utilization: 0\n  air_util_tx: 0\n  uptime_seconds: 42694\n}\n"
    }
  },
  "id": 1473048901,
  "hopLimit": 3,
  "priority": "BACKGROUND",
  "raw": "from: 164906676\nto: 4294967295\ndecoded {\n  portnum: TELEMETRY_APP\n  payload: \"\\r\\005\\247\\000\\000\\022\\025\\010e\\025\\177j\\224@\\035\\000\\000\\000\\000%\\000\\000\\000\\000(\\306\\315\\002\"\n}\nid: 1473048901\nhop_limit: 3\npriority: BACKGROUND\n",
  "fromId": "!09d446b4",
  "toId": "^all"
}
============================================================
{
  "from": 164906676,
  "to": 4294967295,
  "decoded": {
    "portnum": "TELEMETRY_APP",
    "payload": "b'\\rA\\xa7\\x00\\x00\\x12\\x15\\x08e\\x15\\xfa~\\x92@\\x1d\\x00\\x00\\x00\\x00%\\x00\\x00\\x00\\x00(\\x82\\xce\\x02'",
    "telemetry": {
      "time": 42817,
      "deviceMetrics": {
        "batteryLevel": 101,
        "voltage": 4.578,
        "channelUtilization": 0.0,
        "airUtilTx": 0.0,
        "uptimeSeconds": 42754
      },
      "raw": "time: 42817\ndevice_metrics {\n  battery_level: 101\n  voltage: 4.578\n  channel_utilization: 0\n  air_util_tx: 0\n  uptime_seconds: 42754\n}\n"
    }
  },
  "id": 63259974,
  "hopLimit": 3,
  "priority": "BACKGROUND",
  "raw": "from: 164906676\nto: 4294967295\ndecoded {\n  portnum: TELEMETRY_APP\n  payload: \"\\rA\\247\\000\\000\\022\\025\\010e\\025\\372~\\222@\\035\\000\\000\\000\\000%\\000\\000\\000\\000(\\202\\316\\002\"\n}\nid: 63259974\nhop_limit: 3\npriority: BACKGROUND\n",
  "fromId": "!09d446b4",
  "toId": "^all"
}
============================================================
{
  "from": 164906676,
  "to": 4294967295,
  "decoded": {
    "portnum": "TELEMETRY_APP",
    "payload": "b'\\r}\\xa7\\x00\\x00\\x12\\x15\\x08e\\x15\\xf2\\xd2\\x91@\\x1d\\x00\\x00\\x00\\x00%\\x00\\x00\\x00\\x00(\\xbf\\xce\\x02'",
    "telemetry": {
      "time": 42877,
      "deviceMetrics": {
        "batteryLevel": 101,
        "voltage": 4.557,
        "channelUtilization": 0.0,
        "airUtilTx": 0.0,
        "uptimeSeconds": 42815
      },
      "raw": "time: 42877\ndevice_metrics {\n  battery_level: 101\n  voltage: 4.557\n  channel_utilization: 0\n  air_util_tx: 0\n  uptime_seconds: 42815\n}\n"
    }
  },
  "id": 4091721031,
  "hopLimit": 3,
  "priority": "BACKGROUND",
  "raw": "from: 164906676\nto: 4294967295\ndecoded {\n  portnum: TELEMETRY_APP\n  payload: \"\\r}\\247\\000\\000\\022\\025\\010e\\025\\362\\322\\221@\\035\\000\\000\\000\\000%\\000\\000\\000\\000(\\277\\316\\002\"\n}\nid: 4091721031\nhop_limit: 3\npriority: BACKGROUND\n",
  "fromId": "!09d446b4",
  "toId": "^all"
}
============================================================
{
  "from": 164906676,
  "to": 4294967295,
  "decoded": {
    "portnum": "TELEMETRY_APP",
    "payload": "b'\\r\\xb9\\xa7\\x00\\x00\\x12\\x15\\x08e\\x15\\xfc\\xa9\\x91@\\x1d\\x00\\x00\\x00\\x00%\\x00\\x00\\x00\\x00(\\xfb\\xce\\x02'",
    "telemetry": {
      "time": 42937,
      "deviceMetrics": {
        "batteryLevel": 101,
        "voltage": 4.552,
        "channelUtilization": 0.0,
        "airUtilTx": 0.0,
        "uptimeSeconds": 42875
      },
      "raw": "time: 42937\ndevice_metrics {\n  battery_level: 101\n  voltage: 4.552\n  channel_utilization: 0\n  air_util_tx: 0\n  uptime_seconds: 42875\n}\n"
    }
  },
  "id": 4248845640,
  "hopLimit": 3,
  "priority": "BACKGROUND",
  "raw": "from: 164906676\nto: 4294967295\ndecoded {\n  portnum: TELEMETRY_APP\n  payload: \"\\r\\271\\247\\000\\000\\022\\025\\010e\\025\\374\\251\\221@\\035\\000\\000\\000\\000%\\000\\000\\000\\000(\\373\\316\\002\"\n}\nid: 4248845640\nhop_limit: 3\npriority: BACKGROUND\n",
  "fromId": "!09d446b4",
  "toId": "^all"
}
============================================================
{
  "from": 164906676,
  "to": 4294967295,
  "decoded": {
    "portnum": "TELEMETRY_APP",
    "payload": "b'\\r\\xf5\\xa7\\x00\\x00\\x12\\x15\\x08e\\x15\\x9a\\x99\\x91@\\x1d\\x00\\x00\\x00\\x00%\\x00\\x00\\x00\\x00(\\xb7\\xcf\\x02'",
    "telemetry": {
      "time": 42997,
      "deviceMetrics": {
        "batteryLevel": 101,
        "voltage": 4.55,
        "channelUtilization": 0.0,
        "airUtilTx": 0.0,
        "uptimeSeconds": 42935
      },
      "raw": "time: 42997\ndevice_metrics {\n  battery_level: 101\n  voltage: 4.55\n  channel_utilization: 0\n  air_util_tx: 0\n  uptime_seconds: 42935\n}\n"
    }
  },
  "id": 3775294793,
  "hopLimit": 3,
  "priority": "BACKGROUND",
  "raw": "from: 164906676\nto: 4294967295\ndecoded {\n  portnum: TELEMETRY_APP\n  payload: \"\\r\\365\\247\\000\\000\\022\\025\\010e\\025\\232\\231\\221@\\035\\000\\000\\000\\000%\\000\\000\\000\\000(\\267\\317\\002\"\n}\nid: 3775294793\nhop_limit: 3\npriority: BACKGROUND\n",
  "fromId": "!09d446b4",
  "toId": "^all"
}
============================================================
{
  "from": 164906676,
  "to": 4294967295,
  "decoded": {
    "portnum": "TELEMETRY_APP",
    "payload": "b'\\r1\\xa8\\x00\\x00\\x12\\x15\\x08e\\x15\\x12\\x83\\x94@\\x1d\\x00\\x00\\x00\\x00%\\x00\\x00\\x00\\x00(\\xf3\\xcf\\x02'",
    "telemetry": {
      "time": 43057,
      "deviceMetrics": {
        "batteryLevel": 101,
        "voltage": 4.641,
        "channelUtilization": 0.0,
        "airUtilTx": 0.0,
        "uptimeSeconds": 42995
      },
      "raw": "time: 43057\ndevice_metrics {\n  battery_level: 101\n  voltage: 4.641\n  channel_utilization: 0\n  air_util_tx: 0\n  uptime_seconds: 42995\n}\n"
    }
  },
  "id": 3895780682,
  "hopLimit": 3,
  "priority": "BACKGROUND",
  "raw": "from: 164906676\nto: 4294967295\ndecoded {\n  portnum: TELEMETRY_APP\n  payload: \"\\r1\\250\\000\\000\\022\\025\\010e\\025\\022\\203\\224@\\035\\000\\000\\000\\000%\\000\\000\\000\\000(\\363\\317\\002\"\n}\nid: 3895780682\nhop_limit: 3\npriority: BACKGROUND\n",
  "fromId": "!09d446b4",
  "toId": "^all"
}
============================================================
{
  "from": 164906676,
  "to": 4294967295,
  "decoded": {
    "portnum": "TELEMETRY_APP",
    "payload": "b'\\rm\\xa8\\x00\\x00\\x12\\x15\\x08e\\x15\\x98n\\x92@\\x1d\\x00\\x00\\x00\\x00%\\x00\\x00\\x00\\x00(\\xaf\\xd0\\x02'",
    "telemetry": {
      "time": 43117,
      "deviceMetrics": {
        "batteryLevel": 101,
        "voltage": 4.576,
        "channelUtilization": 0.0,
        "airUtilTx": 0.0,
        "uptimeSeconds": 43055
      },
      "raw": "time: 43117\ndevice_metrics {\n  battery_level: 101\n  voltage: 4.576\n  channel_utilization: 0\n  air_util_tx: 0\n  uptime_seconds: 43055\n}\n"
    }
  },
  "id": 3314310475,
  "hopLimit": 3,
  "priority": "BACKGROUND",
  "raw": "from: 164906676\nto: 4294967295\ndecoded {\n  portnum: TELEMETRY_APP\n  payload: \"\\rm\\250\\000\\000\\022\\025\\010e\\025\\230n\\222@\\035\\000\\000\\000\\000%\\000\\000\\000\\000(\\257\\320\\002\"\n}\nid: 3314310475\nhop_limit: 3\npriority: BACKGROUND\n",
  "fromId": "!09d446b4",
  "toId": "^all"
}
============================================================
{
  "from": 164906676,
  "to": 4294967295,
  "decoded": {
    "portnum": "TELEMETRY_APP",
    "payload": "b'\\r\\xa9\\xa8\\x00\\x00\\x12\\x15\\x08e\\x15\\xac\\x1c\\x92@\\x1d\\x00\\x00\\x00\\x00%\\x00\\x00\\x00\\x00(\\xeb\\xd0\\x02'",
    "telemetry": {
      "time": 43177,
      "deviceMetrics": {
        "batteryLevel": 101,
        "voltage": 4.566,
        "channelUtilization": 0.0,
        "airUtilTx": 0.0,
        "uptimeSeconds": 43115
      },
      "raw": "time: 43177\ndevice_metrics {\n  battery_level: 101\n  voltage: 4.566\n  channel_utilization: 0\n  air_util_tx: 0\n  uptime_seconds: 43115\n}\n"
    }
  },
  "id": 3703941452,
  "hopLimit": 3,
  "priority": "BACKGROUND",
  "raw": "from: 164906676\nto: 4294967295\ndecoded {\n  portnum: TELEMETRY_APP\n  payload: \"\\r\\251\\250\\000\\000\\022\\025\\010e\\025\\254\\034\\222@\\035\\000\\000\\000\\000%\\000\\000\\000\\000(\\353\\320\\002\"\n}\nid: 3703941452\nhop_limit: 3\npriority: BACKGROUND\n",
  "fromId": "!09d446b4",
  "toId": "^all"
}
============================================================
{
  "from": 164906676,
  "to": 4294967295,
  "decoded": {
    "portnum": "TELEMETRY_APP",
    "payload": "b'\\r\\xe5\\xa8\\x00\\x00\\x12\\x15\\x08e\\x15#\\xdb\\x91@\\x1d\\x00\\x00\\x00\\x00%\\x00\\x00\\x00\\x00(\\xa7\\xd1\\x02'",
    "telemetry": {
      "time": 43237,
      "deviceMetrics": {
        "batteryLevel": 101,
        "voltage": 4.558,
        "channelUtilization": 0.0,
        "airUtilTx": 0.0,
        "uptimeSeconds": 43175
      },
      "raw": "time: 43237\ndevice_metrics {\n  battery_level: 101\n  voltage: 4.558\n  channel_utilization: 0\n  air_util_tx: 0\n  uptime_seconds: 43175\n}\n"
    }
  },
  "id": 1608616269,
  "hopLimit": 3,
  "priority": "BACKGROUND",
  "raw": "from: 164906676\nto: 4294967295\ndecoded {\n  portnum: TELEMETRY_APP\n  payload: \"\\r\\345\\250\\000\\000\\022\\025\\010e\\025#\\333\\221@\\035\\000\\000\\000\\000%\\000\\000\\000\\000(\\247\\321\\002\"\n}\nid: 1608616269\nhop_limit: 3\npriority: BACKGROUND\n",
  "fromId": "!09d446b4",
  "toId": "^all"
}
============================================================
{
  "from": 164906676,
  "to": 4294967295,
  "decoded": {
    "portnum": "TELEMETRY_APP",
    "payload": "b'\\r!\\xa9\\x00\\x00\\x12\\x15\\x08e\\x15\\xb8\\x1e\\x95@\\x1d\\xda@\\xd7?%\\x82\\x9a\\xe5<(\\xe3\\xd1\\x02'",
    "telemetry": {
      "time": 43297,
      "deviceMetrics": {
        "batteryLevel": 101,
        "voltage": 4.66,
        "channelUtilization": 1.6816666,
        "airUtilTx": 0.028027777,
        "uptimeSeconds": 43235
      },
      "raw": "time: 43297\ndevice_metrics {\n  battery_level: 101\n  voltage: 4.66\n  channel_utilization: 1.68166661\n  air_util_tx: 0.0280277766\n  uptime_seconds: 43235\n}\n"
    }
  },
  "id": 4026368335,
  "hopLimit": 3,
  "priority": "BACKGROUND",
  "raw": "from: 164906676\nto: 4294967295\ndecoded {\n  portnum: TELEMETRY_APP\n  payload: \"\\r!\\251\\000\\000\\022\\025\\010e\\025\\270\\036\\225@\\035\\332@\\327?%\\202\\232\\345<(\\343\\321\\002\"\n}\nid: 4026368335\nhop_limit: 3\npriority: BACKGROUND\n",
  "fromId": "!09d446b4",
  "toId": "^all"
}
============================================================
{
  "from": 164906676,
  "to": 4294967295,
  "decoded": {
    "portnum": "TELEMETRY_APP",
    "payload": "b'\\r]\\xa9\\x00\\x00\\x12\\x15\\x08e\\x15u\\x93\\x94@\\x1d\\x00\\x00\\x00\\x00%\\x82\\x9a\\xe5<(\\x9f\\xd2\\x02'",
    "telemetry": {
      "time": 43357,
      "deviceMetrics": {
        "batteryLevel": 101,
        "voltage": 4.643,
        "channelUtilization": 0.0,
        "airUtilTx": 0.028027777,
        "uptimeSeconds": 43295
      },
      "raw": "time: 43357\ndevice_metrics {\n  battery_level: 101\n  voltage: 4.643\n  channel_utilization: 0\n  air_util_tx: 0.0280277766\n  uptime_seconds: 43295\n}\n"
    }
  },
  "id": 3810301264,
  "hopLimit": 3,
  "priority": "BACKGROUND",
  "raw": "from: 164906676\nto: 4294967295\ndecoded {\n  portnum: TELEMETRY_APP\n  payload: \"\\r]\\251\\000\\000\\022\\025\\010e\\025u\\223\\224@\\035\\000\\000\\000\\000%\\202\\232\\345<(\\237\\322\\002\"\n}\nid: 3810301264\nhop_limit: 3\npriority: BACKGROUND\n",
  "fromId": "!09d446b4",
  "toId": "^all"
}
============================================================
{
  "from": 164906676,
  "to": 4294967295,
  "decoded": {
    "portnum": "TELEMETRY_APP",
    "payload": "b'\\r]\\xa9\\x00\\x002$\\x08\\x9f\\xd2\\x02\\x1d\\x82\\x9a\\xe5< \\x04(\\x030\\x03@\\x01`\\x90\\x99\\x0fh\\xd0\\xcf\\x04x\\x9c\\xff\\xff\\xff\\xff\\xff\\xff\\xff\\xff\\x01'",
    "telemetry": {
      "time": 43357,
      "localStats": {
        "uptimeSeconds": 43295,
        "airUtilTx": 0.028027777,
        "numPacketsTx": 4,
        "numPacketsRx": 3,
        "numPacketsRxBad": 3,
        "numTotalNodes": 1,
        "heapTotalBytes": 248976,
        "heapFreeBytes": 75728,
        "noiseFloor": -100
      },
      "raw": "time: 43357\nlocal_stats {\n  uptime_seconds: 43295\n  air_util_tx: 0.0280277766\n  num_packets_tx: 4\n  num_packets_rx: 3\n  num_packets_rx_bad: 3\n  num_total_nodes: 1\n  heap_total_bytes: 248976\n  heap_free_bytes: 75728\n  noise_floor: -100\n}\n"
    }
  },
  "id": 4065424721,
  "hopLimit": 3,
  "priority": "BACKGROUND",
  "raw": "from: 164906676\nto: 4294967295\ndecoded {\n  portnum: TELEMETRY_APP\n  payload: \"\\r]\\251\\000\\0002$\\010\\237\\322\\002\\035\\202\\232\\345< \\004(\\0030\\003@\\001`\\220\\231\\017h\\320\\317\\004x\\234\\377\\377\\377\\377\\377\\377\\377\\377\\001\"\n}\nid: 4065424721\nhop_limit: 3\npriority: BACKGROUND\n",
  "fromId": "!09d446b4",
  "toId": "^all"
}
============================================================
{
  "from": 164906676,
  "to": 4294967295,
  "decoded": {
    "portnum": "TELEMETRY_APP",
    "payload": "b'\\r\\x99\\xa9\\x00\\x00\\x12\\x15\\x08e\\x15\\xcb\\xa1\\x95@\\x1d\\x00\\x00\\x00\\x00%\\x82\\x9a\\xe5<(\\xdb\\xd2\\x02'",
    "telemetry": {
      "time": 43417,
      "deviceMetrics": {
        "batteryLevel": 101,
        "voltage": 4.676,
        "channelUtilization": 0.0,
        "airUtilTx": 0.028027777,
        "uptimeSeconds": 43355
      },
      "raw": "time: 43417\ndevice_metrics {\n  battery_level: 101\n  voltage: 4.676\n  channel_utilization: 0\n  air_util_tx: 0.0280277766\n  uptime_seconds: 43355\n}\n"
    }
  },
  "id": 3733984594,
  "hopLimit": 3,
  "priority": "BACKGROUND",
  "raw": "from: 164906676\nto: 4294967295\ndecoded {\n  portnum: TELEMETRY_APP\n  payload: \"\\r\\231\\251\\000\\000\\022\\025\\010e\\025\\313\\241\\225@\\035\\000\\000\\000\\000%\\202\\232\\345<(\\333\\322\\002\"\n}\nid: 3733984594\nhop_limit: 3\npriority: BACKGROUND\n",
  "fromId": "!09d446b4",
  "toId": "^all"
}
============================================================
{
  "from": 164906676,
  "to": 4294967295,
  "decoded": {
    "portnum": "TELEMETRY_APP",
    "payload": "b'\\r\\xd5\\xa9\\x00\\x00\\x12\\x15\\x08e\\x15\\xecQ\\x94@\\x1d\\x00\\x00\\x00\\x00%\\x82\\x9a\\xe5<(\\x97\\xd3\\x02'",
    "telemetry": {
      "time": 43477,
      "deviceMetrics": {
        "batteryLevel": 101,
        "voltage": 4.635,
        "channelUtilization": 0.0,
        "airUtilTx": 0.028027777,
        "uptimeSeconds": 43415
      },
      "raw": "time: 43477\ndevice_metrics {\n  battery_level: 101\n  voltage: 4.635\n  channel_utilization: 0\n  air_util_tx: 0.0280277766\n  uptime_seconds: 43415\n}\n"
    }
  },
  "id": 3396521299,
  "hopLimit": 3,
  "priority": "BACKGROUND",
  "raw": "from: 164906676\nto: 4294967295\ndecoded {\n  portnum: TELEMETRY_APP\n  payload: \"\\r\\325\\251\\000\\000\\022\\025\\010e\\025\\354Q\\224@\\035\\000\\000\\000\\000%\\202\\232\\345<(\\227\\323\\002\"\n}\nid: 3396521299\nhop_limit: 3\npriority: BACKGROUND\n",
  "fromId": "!09d446b4",
  "toId": "^all"
}
============================================================
{
  "from": 164906676,
  "to": 4294967295,
  "decoded": {
    "portnum": "TELEMETRY_APP",
    "payload": "b'\\r\\x11\\xaa\\x00\\x00\\x12\\x15\\x08e\\x15\\xb2\\x9d\\x93@\\x1d\\x00\\x00\\x00\\x00%\\x82\\x9a\\xe5<(\\xd3\\xd3\\x02'",
    "telemetry": {
      "time": 43537,
      "deviceMetrics": {
        "batteryLevel": 101,
        "voltage": 4.613,
        "channelUtilization": 0.0,
        "airUtilTx": 0.028027777,
        "uptimeSeconds": 43475
      },
      "raw": "time: 43537\ndevice_metrics {\n  battery_level: 101\n  voltage: 4.613\n  channel_utilization: 0\n  air_util_tx: 0.0280277766\n  uptime_seconds: 43475\n}\n"
    }
  },
  "id": 96633172,
  "hopLimit": 3,
  "priority": "BACKGROUND",
  "raw": "from: 164906676\nto: 4294967295\ndecoded {\n  portnum: TELEMETRY_APP\n  payload: \"\\r\\021\\252\\000\\000\\022\\025\\010e\\025\\262\\235\\223@\\035\\000\\000\\000\\000%\\202\\232\\345<(\\323\\323\\002\"\n}\nid: 96633172\nhop_limit: 3\npriority: BACKGROUND\n",
  "fromId": "!09d446b4",
  "toId": "^all"
}
============================================================
{
  "from": 164906676,
  "to": 4294967295,
  "decoded": {
    "portnum": "TELEMETRY_APP",
    "payload": "b'\\rM\\xaa\\x00\\x00\\x12\\x15\\x08e\\x15\\xe9&\\x95@\\x1d\\x00\\x00\\x00\\x00%\\x82\\x9a\\xe5<(\\x8f\\xd4\\x02'",
    "telemetry": {
      "time": 43597,
      "deviceMetrics": {
        "batteryLevel": 101,
        "voltage": 4.661,
        "channelUtilization": 0.0,
        "airUtilTx": 0.028027777,
        "uptimeSeconds": 43535
      },
      "raw": "time: 43597\ndevice_metrics {\n  battery_level: 101\n  voltage: 4.661\n  channel_utilization: 0\n  air_util_tx: 0.0280277766\n  uptime_seconds: 43535\n}\n"
    }
  },
  "id": 2516843861,
  "hopLimit": 3,
  "priority": "BACKGROUND",
  "raw": "from: 164906676\nto: 4294967295\ndecoded {\n  portnum: TELEMETRY_APP\n  payload: \"\\rM\\252\\000\\000\\022\\025\\010e\\025\\351&\\225@\\035\\000\\000\\000\\000%\\202\\232\\345<(\\217\\324\\002\"\n}\nid: 2516843861\nhop_limit: 3\npriority: BACKGROUND\n",
  "fromId": "!09d446b4",
  "toId": "^all"
}
============================================================
{
  "from": 164906676,
  "to": 4294967295,
  "decoded": {
    "portnum": "TELEMETRY_APP",
    "payload": "b'\\r\\x89\\xaa\\x00\\x00\\x12\\x15\\x08e\\x15\\x0e-\\x92@\\x1d\\x00\\x00\\x00\\x00%\\x82\\x9a\\xe5<(\\xcb\\xd4\\x02'",
    "telemetry": {
      "time": 43657,
      "deviceMetrics": {
        "batteryLevel": 101,
        "voltage": 4.568,
        "channelUtilization": 0.0,
        "airUtilTx": 0.028027777,
        "uptimeSeconds": 43595
      },
      "raw": "time: 43657\ndevice_metrics {\n  battery_level: 101\n  voltage: 4.568\n  channel_utilization: 0\n  air_util_tx: 0.0280277766\n  uptime_seconds: 43595\n}\n"
    }
  },
  "id": 884549974,
  "hopLimit": 3,
  "priority": "BACKGROUND",
  "raw": "from: 164906676\nto: 4294967295\ndecoded {\n  portnum: TELEMETRY_APP\n  payload: \"\\r\\211\\252\\000\\000\\022\\025\\010e\\025\\016-\\222@\\035\\000\\000\\000\\000%\\202\\232\\345<(\\313\\324\\002\"\n}\nid: 884549974\nhop_limit: 3\npriority: BACKGROUND\n",
  "fromId": "!09d446b4",
  "toId": "^all"
}
============================================================
{
  "from": 164906676,
  "to": 4294967295,
  "decoded": {
    "portnum": "TELEMETRY_APP",
    "payload": "b'\\r\\xc5\\xaa\\x00\\x00\\x12\\x15\\x08e\\x15`\\xe5\\x94@\\x1d\\x00\\x00\\x00\\x00%\\x82\\x9a\\xe5<(\\x87\\xd5\\x02'",
    "telemetry": {
      "time": 43717,
      "deviceMetrics": {
        "batteryLevel": 101,
        "voltage": 4.653,
        "channelUtilization": 0.0,
        "airUtilTx": 0.028027777,
        "uptimeSeconds": 43655
      },
      "raw": "time: 43717\ndevice_metrics {\n  battery_level: 101\n  voltage: 4.653\n  channel_utilization: 0\n  air_util_tx: 0.0280277766\n  uptime_seconds: 43655\n}\n"
    }
  },
  "id": 430494039,
  "hopLimit": 3,
  "priority": "BACKGROUND",
  "raw": "from: 164906676\nto: 4294967295\ndecoded {\n  portnum: TELEMETRY_APP\n  payload: \"\\r\\305\\252\\000\\000\\022\\025\\010e\\025`\\345\\224@\\035\\000\\000\\000\\000%\\202\\232\\345<(\\207\\325\\002\"\n}\nid: 430494039\nhop_limit: 3\npriority: BACKGROUND\n",
  "fromId": "!09d446b4",
  "toId": "^all"
}
============================================================
{
  "from": 164906676,
  "to": 4294967295,
  "decoded": {
    "portnum": "TELEMETRY_APP",
    "payload": "b'\\r\\x01\\xab\\x00\\x00\\x12\\x15\\x08e\\x15\\xc5 \\x94@\\x1d\\x00\\x00\\x00\\x00%\\x82\\x9a\\xe5<(\\xc3\\xd5\\x02'",
    "telemetry": {
      "time": 43777,
      "deviceMetrics": {
        "batteryLevel": 101,
        "voltage": 4.629,
        "channelUtilization": 0.0,
        "airUtilTx": 0.028027777,
        "uptimeSeconds": 43715
      },
      "raw": "time: 43777\ndevice_metrics {\n  battery_level: 101\n  voltage: 4.629\n  channel_utilization: 0\n  air_util_tx: 0.0280277766\n  uptime_seconds: 43715\n}\n"
    }
  },
  "id": 3772284248,
  "hopLimit": 3,
  "priority": "BACKGROUND",
  "raw": "from: 164906676\nto: 4294967295\ndecoded {\n  portnum: TELEMETRY_APP\n  payload: \"\\r\\001\\253\\000\\000\\022\\025\\010e\\025\\305 \\224@\\035\\000\\000\\000\\000%\\202\\232\\345<(\\303\\325\\002\"\n}\nid: 3772284248\nhop_limit: 3\npriority: BACKGROUND\n",
  "fromId": "!09d446b4",
  "toId": "^all"
}
============================================================
{
  "from": 164906676,
  "to": 4294967295,
  "decoded": {
    "portnum": "TELEMETRY_APP",
    "payload": "b'\\r=\\xab\\x00\\x00\\x12\\x15\\x08e\\x15\\xbe\\x9f\\x92@\\x1d\\x00\\x00\\x00\\x00%\\x82\\x9a\\xe5<(\\xff\\xd5\\x02'",
    "telemetry": {
      "time": 43837,
      "deviceMetrics": {
        "batteryLevel": 101,
        "voltage": 4.582,
        "channelUtilization": 0.0,
        "airUtilTx": 0.028027777,
        "uptimeSeconds": 43775
      },
      "raw": "time: 43837\ndevice_metrics {\n  battery_level: 101\n  voltage: 4.582\n  channel_utilization: 0\n  air_util_tx: 0.0280277766\n  uptime_seconds: 43775\n}\n"
    }
  },
  "id": 1576651097,
  "hopLimit": 3,
  "priority": "BACKGROUND",
  "raw": "from: 164906676\nto: 4294967295\ndecoded {\n  portnum: TELEMETRY_APP\n  payload: \"\\r=\\253\\000\\000\\022\\025\\010e\\025\\276\\237\\222@\\035\\000\\000\\000\\000%\\202\\232\\345<(\\377\\325\\002\"\n}\nid: 1576651097\nhop_limit: 3\npriority: BACKGROUND\n",
  "fromId": "!09d446b4",
  "toId": "^all"
}
============================================================
{
  "from": 164906676,
  "to": 4294967295,
  "decoded": {
    "portnum": "TELEMETRY_APP",
    "payload": "b'\\ry\\xab\\x00\\x00\\x12\\x15\\x08e\\x15\\x93\\x18\\x94@\\x1d\\x00\\x00\\x00\\x00%\\x82\\x9a\\xe5<(\\xbb\\xd6\\x02'",
    "telemetry": {
      "time": 43897,
      "deviceMetrics": {
        "batteryLevel": 101,
        "voltage": 4.628,
        "channelUtilization": 0.0,
        "airUtilTx": 0.028027777,
        "uptimeSeconds": 43835
      },
      "raw": "time: 43897\ndevice_metrics {\n  battery_level: 101\n  voltage: 4.628\n  channel_utilization: 0\n  air_util_tx: 0.0280277766\n  uptime_seconds: 43835\n}\n"
    }
  },
  "id": 1106266,
  "hopLimit": 3,
  "priority": "BACKGROUND",
  "raw": "from: 164906676\nto: 4294967295\ndecoded {\n  portnum: TELEMETRY_APP\n  payload: \"\\ry\\253\\000\\000\\022\\025\\010e\\025\\223\\030\\224@\\035\\000\\000\\000\\000%\\202\\232\\345<(\\273\\326\\002\"\n}\nid: 1106266\nhop_limit: 3\npriority: BACKGROUND\n",
  "fromId": "!09d446b4",
  "toId": "^all"
}
============================================================
{
  "from": 164906676,
  "to": 4294967295,
  "decoded": {
    "portnum": "TELEMETRY_APP",
    "payload": "b'\\r\\xb5\\xab\\x00\\x00\\x12\\x15\\x08e\\x15^\\xba\\x91@\\x1d\\x00\\x00\\x00\\x00%\\x82\\x9a\\xe5<(\\xf7\\xd6\\x02'",
    "telemetry": {
      "time": 43957,
      "deviceMetrics": {
        "batteryLevel": 101,
        "voltage": 4.554,
        "channelUtilization": 0.0,
        "airUtilTx": 0.028027777,
        "uptimeSeconds": 43895
      },
      "raw": "time: 43957\ndevice_metrics {\n  battery_level: 101\n  voltage: 4.554\n  channel_utilization: 0\n  air_util_tx: 0.0280277766\n  uptime_seconds: 43895\n}\n"
    }
  },
  "id": 316113243,
  "hopLimit": 3,
  "priority": "BACKGROUND",
  "raw": "from: 164906676\nto: 4294967295\ndecoded {\n  portnum: TELEMETRY_APP\n  payload: \"\\r\\265\\253\\000\\000\\022\\025\\010e\\025^\\272\\221@\\035\\000\\000\\000\\000%\\202\\232\\345<(\\367\\326\\002\"\n}\nid: 316113243\nhop_limit: 3\npriority: BACKGROUND\n",
  "fromId": "!09d446b4",
  "toId": "^all"
}
============================================================
{
  "from": 164906676,
  "to": 4294967295,
  "decoded": {
    "portnum": "TELEMETRY_APP",
    "payload": "b'\\r\\xf2\\xab\\x00\\x00\\x12\\x15\\x08e\\x15\\xbct\\x93@\\x1d\\x00\\x00\\x00\\x00%\\x82\\x9a\\xe5<(\\xb3\\xd7\\x02'",
    "telemetry": {
      "time": 44018,
      "deviceMetrics": {
        "batteryLevel": 101,
        "voltage": 4.608,
        "channelUtilization": 0.0,
        "airUtilTx": 0.028027777,
        "uptimeSeconds": 43955
      },
      "raw": "time: 44018\ndevice_metrics {\n  battery_level: 101\n  voltage: 4.608\n  channel_utilization: 0\n  air_util_tx: 0.0280277766\n  uptime_seconds: 43955\n}\n"
    }
  },
  "id": 783969628,
  "hopLimit": 3,
  "priority": "BACKGROUND",
  "raw": "from: 164906676\nto: 4294967295\ndecoded {\n  portnum: TELEMETRY_APP\n  payload: \"\\r\\362\\253\\000\\000\\022\\025\\010e\\025\\274t\\223@\\035\\000\\000\\000\\000%\\202\\232\\345<(\\263\\327\\002\"\n}\nid: 783969628\nhop_limit: 3\npriority: BACKGROUND\n",
  "fromId": "!09d446b4",
  "toId": "^all"
}
============================================================
{
  "from": 164906676,
  "to": 4294967295,
  "decoded": {
    "portnum": "TELEMETRY_APP",
    "payload": "b'\\r.\\xac\\x00\\x00\\x12\\x15\\x08e\\x15\\\\\\x8f\\x92@\\x1d\\x00\\x00\\x00\\x00%\\x82\\x9a\\xe5<(\\xef\\xd7\\x02'",
    "telemetry": {
      "time": 44078,
      "deviceMetrics": {
        "batteryLevel": 101,
        "voltage": 4.58,
        "channelUtilization": 0.0,
        "airUtilTx": 0.028027777,
        "uptimeSeconds": 44015
      },
      "raw": "time: 44078\ndevice_metrics {\n  battery_level: 101\n  voltage: 4.58\n  channel_utilization: 0\n  air_util_tx: 0.0280277766\n  uptime_seconds: 44015\n}\n"
    }
  },
  "id": 2613586269,
  "hopLimit": 3,
  "priority": "BACKGROUND",
  "raw": "from: 164906676\nto: 4294967295\ndecoded {\n  portnum: TELEMETRY_APP\n  payload: \"\\r.\\254\\000\\000\\022\\025\\010e\\025\\\\\\217\\222@\\035\\000\\000\\000\\000%\\202\\232\\345<(\\357\\327\\002\"\n}\nid: 2613586269\nhop_limit: 3\npriority: BACKGROUND\n",
  "fromId": "!09d446b4",
  "toId": "^all"
}
============================================================
{
  "from": 164906676,
  "to": 4294967295,
  "decoded": {
    "portnum": "TELEMETRY_APP",
    "payload": "b'\\rj\\xac\\x00\\x00\\x12\\x15\\x08e\\x15`\\xe5\\x94@\\x1d\\x00\\x00\\x00\\x00%\\x82\\x9a\\xe5<(\\xab\\xd8\\x02'",
    "telemetry": {
      "time": 44138,
      "deviceMetrics": {
        "batteryLevel": 101,
        "voltage": 4.653,
        "channelUtilization": 0.0,
        "airUtilTx": 0.028027777,
        "uptimeSeconds": 44075
      },
      "raw": "time: 44138\ndevice_metrics {\n  battery_level: 101\n  voltage: 4.653\n  channel_utilization: 0\n  air_util_tx: 0.0280277766\n  uptime_seconds: 44075\n}\n"
    }
  },
  "id": 1059843422,
  "hopLimit": 3,
  "priority": "BACKGROUND",
  "raw": "from: 164906676\nto: 4294967295\ndecoded {\n  portnum: TELEMETRY_APP\n  payload: \"\\rj\\254\\000\\000\\022\\025\\010e\\025`\\345\\224@\\035\\000\\000\\000\\000%\\202\\232\\345<(\\253\\330\\002\"\n}\nid: 1059843422\nhop_limit: 3\npriority: BACKGROUND\n",
  "fromId": "!09d446b4",
  "toId": "^all"
}
============================================================
{
  "from": 164906676,
  "to": 4294967295,
  "decoded": {
    "portnum": "TELEMETRY_APP",
    "payload": "b'\\r\\xa6\\xac\\x00\\x00\\x12\\x15\\x08e\\x15;\\xdf\\x93@\\x1d\\x00\\x00\\x00\\x00%\\x82\\x9a\\xe5<(\\xe8\\xd8\\x02'",
    "telemetry": {
      "time": 44198,
      "deviceMetrics": {
        "batteryLevel": 101,
        "voltage": 4.621,
        "channelUtilization": 0.0,
        "airUtilTx": 0.028027777,
        "uptimeSeconds": 44136
      },
      "raw": "time: 44198\ndevice_metrics {\n  battery_level: 101\n  voltage: 4.621\n  channel_utilization: 0\n  air_util_tx: 0.0280277766\n  uptime_seconds: 44136\n}\n"
    }
  },
  "id": 2743133535,
  "hopLimit": 3,
  "priority": "BACKGROUND",
  "raw": "from: 164906676\nto: 4294967295\ndecoded {\n  portnum: TELEMETRY_APP\n  payload: \"\\r\\246\\254\\000\\000\\022\\025\\010e\\025;\\337\\223@\\035\\000\\000\\000\\000%\\202\\232\\345<(\\350\\330\\002\"\n}\nid: 2743133535\nhop_limit: 3\npriority: BACKGROUND\n",
  "fromId": "!09d446b4",
  "toId": "^all"
}
============================================================
{
  "from": 164906676,
  "to": 4294967295,
  "decoded": {
    "portnum": "TELEMETRY_APP",
    "payload": "b'\\r\\xe2\\xac\\x00\\x00\\x12\\x15\\x08e\\x15\\x8d\\x97\\x92@\\x1d\\x00\\x00\\x00\\x00%\\x82\\x9a\\xe5<(\\xa4\\xd9\\x02'",
    "telemetry": {
      "time": 44258,
      "deviceMetrics": {
        "batteryLevel": 101,
        "voltage": 4.581,
        "channelUtilization": 0.0,
        "airUtilTx": 0.028027777,
        "uptimeSeconds": 44196
      },
      "raw": "time: 44258\ndevice_metrics {\n  battery_level: 101\n  voltage: 4.581\n  channel_utilization: 0\n  air_util_tx: 0.0280277766\n  uptime_seconds: 44196\n}\n"
    }
  },
  "id": 1022004576,
  "hopLimit": 3,
  "priority": "BACKGROUND",
  "raw": "from: 164906676\nto: 4294967295\ndecoded {\n  portnum: TELEMETRY_APP\n  payload: \"\\r\\342\\254\\000\\000\\022\\025\\010e\\025\\215\\227\\222@\\035\\000\\000\\000\\000%\\202\\232\\345<(\\244\\331\\002\"\n}\nid: 1022004576\nhop_limit: 3\npriority: BACKGROUND\n",
  "fromId": "!09d446b4",
  "toId": "^all"
}
============================================================
{
  "from": 164906676,
  "to": 4294967295,
  "decoded": {
    "portnum": "TELEMETRY_APP",
    "payload": "b'\\r\\xe2\\xac\\x00\\x002$\\x08\\xa4\\xd9\\x02\\x1d\\x82\\x9a\\xe5< \\x04(\\x030\\x03@\\x01`\\x90\\x99\\x0fh\\xd0\\xcf\\x04x\\x9c\\xff\\xff\\xff\\xff\\xff\\xff\\xff\\xff\\x01'",
    "telemetry": {
      "time": 44258,
      "localStats": {
        "uptimeSeconds": 44196,
        "airUtilTx": 0.028027777,
        "numPacketsTx": 4,
        "numPacketsRx": 3,
        "numPacketsRxBad": 3,
        "numTotalNodes": 1,
        "heapTotalBytes": 248976,
        "heapFreeBytes": 75728,
        "noiseFloor": -100
      },
      "raw": "time: 44258\nlocal_stats {\n  uptime_seconds: 44196\n  air_util_tx: 0.0280277766\n  num_packets_tx: 4\n  num_packets_rx: 3\n  num_packets_rx_bad: 3\n  num_total_nodes: 1\n  heap_total_bytes: 248976\n  heap_free_bytes: 75728\n  noise_floor: -100\n}\n"
    }
  },
  "id": 4245785953,
  "hopLimit": 3,
  "priority": "BACKGROUND",
  "raw": "from: 164906676\nto: 4294967295\ndecoded {\n  portnum: TELEMETRY_APP\n  payload: \"\\r\\342\\254\\000\\0002$\\010\\244\\331\\002\\035\\202\\232\\345< \\004(\\0030\\003@\\001`\\220\\231\\017h\\320\\317\\004x\\234\\377\\377\\377\\377\\377\\377\\377\\377\\001\"\n}\nid: 4245785953\nhop_limit: 3\npriority: BACKGROUND\n",
  "fromId": "!09d446b4",
  "toId": "^all"
}
============================================================
{
  "from": 164906676,
  "to": 4294967295,
  "decoded": {
    "portnum": "TELEMETRY_APP",
    "payload": "b'\\r\\x1e\\xad\\x00\\x00\\x12\\x15\\x08e\\x15\\xaa\\xf1\\x92@\\x1d\\x00\\x00\\x00\\x00%\\x82\\x9a\\xe5<(\\xe0\\xd9\\x02'",
    "telemetry": {
      "time": 44318,
      "deviceMetrics": {
        "batteryLevel": 101,
        "voltage": 4.592,
        "channelUtilization": 0.0,
        "airUtilTx": 0.028027777,
        "uptimeSeconds": 44256
      },
      "raw": "time: 44318\ndevice_metrics {\n  battery_level: 101\n  voltage: 4.592\n  channel_utilization: 0\n  air_util_tx: 0.0280277766\n  uptime_seconds: 44256\n}\n"
    }
  },
  "id": 839557474,
  "hopLimit": 3,
  "priority": "BACKGROUND",
  "raw": "from: 164906676\nto: 4294967295\ndecoded {\n  portnum: TELEMETRY_APP\n  payload: \"\\r\\036\\255\\000\\000\\022\\025\\010e\\025\\252\\361\\222@\\035\\000\\000\\000\\000%\\202\\232\\345<(\\340\\331\\002\"\n}\nid: 839557474\nhop_limit: 3\npriority: BACKGROUND\n",
  "fromId": "!09d446b4",
  "toId": "^all"
}
============================================================
{
  "from": 164906676,
  "to": 4294967295,
  "decoded": {
    "portnum": "TELEMETRY_APP",
    "payload": "b\"\\rZ\\xad\\x00\\x00\\x12\\x15\\x08e\\x15'1\\x94@\\x1d\\x00\\x00\\x00\\x00%\\x82\\x9a\\xe5<(\\x9c\\xda\\x02\"",
    "telemetry": {
      "time": 44378,
      "deviceMetrics": {
        "batteryLevel": 101,
        "voltage": 4.631,
        "channelUtilization": 0.0,
        "airUtilTx": 0.028027777,
        "uptimeSeconds": 44316
      },
      "raw": "time: 44378\ndevice_metrics {\n  battery_level: 101\n  voltage: 4.631\n  channel_utilization: 0\n  air_util_tx: 0.0280277766\n  uptime_seconds: 44316\n}\n"
    }
  },
  "id": 1772577123,
  "hopLimit": 3,
  "priority": "BACKGROUND",
  "raw": "from: 164906676\nto: 4294967295\ndecoded {\n  portnum: TELEMETRY_APP\n  payload: \"\\rZ\\255\\000\\000\\022\\025\\010e\\025\\'1\\224@\\035\\000\\000\\000\\000%\\202\\232\\345<(\\234\\332\\002\"\n}\nid: 1772577123\nhop_limit: 3\npriority: BACKGROUND\n",
  "fromId": "!09d446b4",
  "toId": "^all"
}
============================================================
{
  "from": 164906676,
  "to": 4294967295,
  "decoded": {
    "portnum": "TELEMETRY_APP",
    "payload": "b'\\r\\x96\\xad\\x00\\x00\\x12\\x15\\x08e\\x15\\xd7\\xa3\\x94@\\x1d\\x00\\x00\\x00\\x00%\\x82\\x9a\\xe5<(\\xd8\\xda\\x02'",
    "telemetry": {
      "time": 44438,
      "deviceMetrics": {
        "batteryLevel": 101,
        "voltage": 4.645,
        "channelUtilization": 0.0,
        "airUtilTx": 0.028027777,
        "uptimeSeconds": 44376
      },
      "raw": "time: 44438\ndevice_metrics {\n  battery_level: 101\n  voltage: 4.645\n  channel_utilization: 0\n  air_util_tx: 0.0280277766\n  uptime_seconds: 44376\n}\n"
    }
  },
  "id": 1318936932,
  "hopLimit": 3,
  "priority": "BACKGROUND",
  "raw": "from: 164906676\nto: 4294967295\ndecoded {\n  portnum: TELEMETRY_APP\n  payload: \"\\r\\226\\255\\000\\000\\022\\025\\010e\\025\\327\\243\\224@\\035\\000\\000\\000\\000%\\202\\232\\345<(\\330\\332\\002\"\n}\nid: 1318936932\nhop_limit: 3\npriority: BACKGROUND\n",
  "fromId": "!09d446b4",
  "toId": "^all"
}
============================================================
{
  "from": 164906676,
  "to": 4294967295,
  "decoded": {
    "portnum": "TELEMETRY_APP",
    "payload": "b'\\r\\xd2\\xad\\x00\\x00\\x12\\x15\\x08e\\x155^\\x92@\\x1d\\x00\\x00\\x00\\x00%\\x82\\x9a\\xe5<(\\x94\\xdb\\x02'",
    "telemetry": {
      "time": 44498,
      "deviceMetrics": {
        "batteryLevel": 101,
        "voltage": 4.574,
        "channelUtilization": 0.0,
        "airUtilTx": 0.028027777,
        "uptimeSeconds": 44436
      },
      "raw": "time: 44498\ndevice_metrics {\n  battery_level: 101\n  voltage: 4.574\n  channel_utilization: 0\n  air_util_tx: 0.0280277766\n  uptime_seconds: 44436\n}\n"
    }
  },
  "id": 644921701,
  "hopLimit": 3,
  "priority": "BACKGROUND",
  "raw": "from: 164906676\nto: 4294967295\ndecoded {\n  portnum: TELEMETRY_APP\n  payload: \"\\r\\322\\255\\000\\000\\022\\025\\010e\\0255^\\222@\\035\\000\\000\\000\\000%\\202\\232\\345<(\\224\\333\\002\"\n}\nid: 644921701\nhop_limit: 3\npriority: BACKGROUND\n",
  "fromId": "!09d446b4",
  "toId": "^all"
}
============================================================
{
  "from": 164906676,
  "to": 4294967295,
  "decoded": {
    "portnum": "TELEMETRY_APP",
    "payload": "b'\\r\\x0e\\xae\\x00\\x00\\x12\\x15\\x08e\\x15Zd\\x93@\\x1d\\x00\\x00\\x00\\x00%\\x82\\x9a\\xe5<(\\xd0\\xdb\\x02'",
    "telemetry": {
      "time": 44558,
      "deviceMetrics": {
        "batteryLevel": 101,
        "voltage": 4.606,
        "channelUtilization": 0.0,
        "airUtilTx": 0.028027777,
        "uptimeSeconds": 44496
      },
      "raw": "time: 44558\ndevice_metrics {\n  battery_level: 101\n  voltage: 4.606\n  channel_utilization: 0\n  air_util_tx: 0.0280277766\n  uptime_seconds: 44496\n}\n"
    }
  },
  "id": 2523515238,
  "hopLimit": 3,
  "priority": "BACKGROUND",
  "raw": "from: 164906676\nto: 4294967295\ndecoded {\n  portnum: TELEMETRY_APP\n  payload: \"\\r\\016\\256\\000\\000\\022\\025\\010e\\025Zd\\223@\\035\\000\\000\\000\\000%\\202\\232\\345<(\\320\\333\\002\"\n}\nid: 2523515238\nhop_limit: 3\npriority: BACKGROUND\n",
  "fromId": "!09d446b4",
  "toId": "^all"
}
============================================================
{
  "from": 164906676,
  "to": 4294967295,
  "decoded": {
    "portnum": "TELEMETRY_APP",
    "payload": "b'\\rJ\\xae\\x00\\x00\\x12\\x15\\x08e\\x15R\\xb8\\x92@\\x1d\\x00\\x00\\x00\\x00%\\x82\\x9a\\xe5<(\\x8c\\xdc\\x02'",
    "telemetry": {
      "time": 44618,
      "deviceMetrics": {
        "batteryLevel": 101,
        "voltage": 4.585,
        "channelUtilization": 0.0,
        "airUtilTx": 0.028027777,
        "uptimeSeconds": 44556
      },
      "raw": "time: 44618\ndevice_metrics {\n  battery_level: 101\n  voltage: 4.585\n  channel_utilization: 0\n  air_util_tx: 0.0280277766\n  uptime_seconds: 44556\n}\n"
    }
  },
  "id": 1670400359,
  "hopLimit": 3,
  "priority": "BACKGROUND",
  "raw": "from: 164906676\nto: 4294967295\ndecoded {\n  portnum: TELEMETRY_APP\n  payload: \"\\rJ\\256\\000\\000\\022\\025\\010e\\025R\\270\\222@\\035\\000\\000\\000\\000%\\202\\232\\345<(\\214\\334\\002\"\n}\nid: 1670400359\nhop_limit: 3\npriority: BACKGROUND\n",
  "fromId": "!09d446b4",
  "toId": "^all"
}
============================================================
{
  "from": 164906676,
  "to": 4294967295,
  "decoded": {
    "portnum": "TELEMETRY_APP",
    "payload": "b'\\r\\x86\\xae\\x00\\x00\\x12\\x15\\x08e\\x151\\x08\\x94@\\x1d\\x00\\x00\\x00\\x00%\\x82\\x9a\\xe5<(\\xc8\\xdc\\x02'",
    "telemetry": {
      "time": 44678,
      "deviceMetrics": {
        "batteryLevel": 101,
        "voltage": 4.626,
        "channelUtilization": 0.0,
        "airUtilTx": 0.028027777,
        "uptimeSeconds": 44616
      },
      "raw": "time: 44678\ndevice_metrics {\n  battery_level: 101\n  voltage: 4.626\n  channel_utilization: 0\n  air_util_tx: 0.0280277766\n  uptime_seconds: 44616\n}\n"
    }
  },
  "id": 1866396008,
  "hopLimit": 3,
  "priority": "BACKGROUND",
  "raw": "from: 164906676\nto: 4294967295\ndecoded {\n  portnum: TELEMETRY_APP\n  payload: \"\\r\\206\\256\\000\\000\\022\\025\\010e\\0251\\010\\224@\\035\\000\\000\\000\\000%\\202\\232\\345<(\\310\\334\\002\"\n}\nid: 1866396008\nhop_limit: 3\npriority: BACKGROUND\n",
  "fromId": "!09d446b4",
  "toId": "^all"
}
============================================================
{
  "from": 164906676,
  "to": 4294967295,
  "decoded": {
    "portnum": "TELEMETRY_APP",
    "payload": "b'\\r\\xc2\\xae\\x00\\x00\\x12\\x15\\x08e\\x15\\xdb\\xf9\\x92@\\x1d\\x00\\x00\\x00\\x00%\\x82\\x9a\\xe5<(\\x84\\xdd\\x02'",
    "telemetry": {
      "time": 44738,
      "deviceMetrics": {
        "batteryLevel": 101,
        "voltage": 4.593,
        "channelUtilization": 0.0,
        "airUtilTx": 0.028027777,
        "uptimeSeconds": 44676
      },
      "raw": "time: 44738\ndevice_metrics {\n  battery_level: 101\n  voltage: 4.593\n  channel_utilization: 0\n  air_util_tx: 0.0280277766\n  uptime_seconds: 44676\n}\n"
    }
  },
  "id": 1765870953,
  "hopLimit": 3,
  "priority": "BACKGROUND",
  "raw": "from: 164906676\nto: 4294967295\ndecoded {\n  portnum: TELEMETRY_APP\n  payload: \"\\r\\302\\256\\000\\000\\022\\025\\010e\\025\\333\\371\\222@\\035\\000\\000\\000\\000%\\202\\232\\345<(\\204\\335\\002\"\n}\nid: 1765870953\nhop_limit: 3\npriority: BACKGROUND\n",
  "fromId": "!09d446b4",
  "toId": "^all"
}
============================================================
{
  "from": 164906676,
  "to": 4294967295,
  "decoded": {
    "portnum": "TELEMETRY_APP",
    "payload": "b'\\r\\xfe\\xae\\x00\\x00\\x12\\x15\\x08e\\x15\\xc1\\xca\\x91@\\x1d\\x00\\x00\\x00\\x00%\\x82\\x9a\\xe5<(\\xc0\\xdd\\x02'",
    "telemetry": {
      "time": 44798,
      "deviceMetrics": {
        "batteryLevel": 101,
        "voltage": 4.556,
        "channelUtilization": 0.0,
        "airUtilTx": 0.028027777,
        "uptimeSeconds": 44736
      },
      "raw": "time: 44798\ndevice_metrics {\n  battery_level: 101\n  voltage: 4.556\n  channel_utilization: 0\n  air_util_tx: 0.0280277766\n  uptime_seconds: 44736\n}\n"
    }
  },
  "id": 2819385706,
  "hopLimit": 3,
  "priority": "BACKGROUND",
  "raw": "from: 164906676\nto: 4294967295\ndecoded {\n  portnum: TELEMETRY_APP\n  payload: \"\\r\\376\\256\\000\\000\\022\\025\\010e\\025\\301\\312\\221@\\035\\000\\000\\000\\000%\\202\\232\\345<(\\300\\335\\002\"\n}\nid: 2819385706\nhop_limit: 3\npriority: BACKGROUND\n",
  "fromId": "!09d446b4",
  "toId": "^all"
}
============================================================
{
  "from": 164906676,
  "to": 4294967295,
  "decoded": {
    "portnum": "TELEMETRY_APP",
    "payload": "b'\\r:\\xaf\\x00\\x00\\x12\\x15\\x08e\\x15;\\xdf\\x93@\\x1d\\x00\\x00\\x00\\x00%\\x82\\x9a\\xe5<(\\xfc\\xdd\\x02'",
    "telemetry": {
      "time": 44858,
      "deviceMetrics": {
        "batteryLevel": 101,
        "voltage": 4.621,
        "channelUtilization": 0.0,
        "airUtilTx": 0.028027777,
        "uptimeSeconds": 44796
      },
      "raw": "time: 44858\ndevice_metrics {\n  battery_level: 101\n  voltage: 4.621\n  channel_utilization: 0\n  air_util_tx: 0.0280277766\n  uptime_seconds: 44796\n}\n"
    }
  },
  "id": 806129003,
  "hopLimit": 3,
  "priority": "BACKGROUND",
  "raw": "from: 164906676\nto: 4294967295\ndecoded {\n  portnum: TELEMETRY_APP\n  payload: \"\\r:\\257\\000\\000\\022\\025\\010e\\025;\\337\\223@\\035\\000\\000\\000\\000%\\202\\232\\345<(\\374\\335\\002\"\n}\nid: 806129003\nhop_limit: 3\npriority: BACKGROUND\n",
  "fromId": "!09d446b4",
  "toId": "^all"
}
============================================================
{
  "from": 164906676,
  "to": 4294967295,
  "decoded": {
    "portnum": "TELEMETRY_APP",
    "payload": "b'\\rv\\xaf\\x00\\x00\\x12\\x15\\x08e\\x15R\\xb8\\x92@\\x1d\\x00\\x00\\x00\\x00%\\x82\\x9a\\xe5<(\\xb8\\xde\\x02'",
    "telemetry": {
      "time": 44918,
      "deviceMetrics": {
        "batteryLevel": 101,
        "voltage": 4.585,
        "channelUtilization": 0.0,
        "airUtilTx": 0.028027777,
        "uptimeSeconds": 44856
      },
      "raw": "time: 44918\ndevice_metrics {\n  battery_level: 101\n  voltage: 4.585\n  channel_utilization: 0\n  air_util_tx: 0.0280277766\n  uptime_seconds: 44856\n}\n"
    }
  },
  "id": 505905516,
  "hopLimit": 3,
  "priority": "BACKGROUND",
  "raw": "from: 164906676\nto: 4294967295\ndecoded {\n  portnum: TELEMETRY_APP\n  payload: \"\\rv\\257\\000\\000\\022\\025\\010e\\025R\\270\\222@\\035\\000\\000\\000\\000%\\202\\232\\345<(\\270\\336\\002\"\n}\nid: 505905516\nhop_limit: 3\npriority: BACKGROUND\n",
  "fromId": "!09d446b4",
  "toId": "^all"
}
============================================================
{
  "from": 164906676,
  "to": 4294967295,
  "decoded": {
    "portnum": "TELEMETRY_APP",
    "payload": "b'\\r\\xb2\\xaf\\x00\\x00\\x12\\x15\\x08e\\x15\\xdb\\xf9\\x92@\\x1d\\x00\\x00\\x00\\x00%\\x82\\x9a\\xe5<(\\xf4\\xde\\x02'",
    "telemetry": {
      "time": 44978,
      "deviceMetrics": {
        "batteryLevel": 101,
        "voltage": 4.593,
        "channelUtilization": 0.0,
        "airUtilTx": 0.028027777,
        "uptimeSeconds": 44916
      },
      "raw": "time: 44978\ndevice_metrics {\n  battery_level: 101\n  voltage: 4.593\n  channel_utilization: 0\n  air_util_tx: 0.0280277766\n  uptime_seconds: 44916\n}\n"
    }
  },
  "id": 2148912493,
  "hopLimit": 3,
  "priority": "BACKGROUND",
  "raw": "from: 164906676\nto: 4294967295\ndecoded {\n  portnum: TELEMETRY_APP\n  payload: \"\\r\\262\\257\\000\\000\\022\\025\\010e\\025\\333\\371\\222@\\035\\000\\000\\000\\000%\\202\\232\\345<(\\364\\336\\002\"\n}\nid: 2148912493\nhop_limit: 3\npriority: BACKGROUND\n",
  "fromId": "!09d446b4",
  "toId": "^all"
}
============================================================
{
  "from": 164906676,
  "to": 4294967295,
  "decoded": {
    "portnum": "TELEMETRY_APP",
    "payload": "b'\\r\\xee\\xaf\\x00\\x00\\x12\\x15\\x08e\\x15m\\xe7\\x93@\\x1d\\x00\\x00\\x00\\x00%\\x82\\x9a\\xe5<(\\xb0\\xdf\\x02'",
    "telemetry": {
      "time": 45038,
      "deviceMetrics": {
        "batteryLevel": 101,
        "voltage": 4.622,
        "channelUtilization": 0.0,
        "airUtilTx": 0.028027777,
        "uptimeSeconds": 44976
      },
      "raw": "time: 45038\ndevice_metrics {\n  battery_level: 101\n  voltage: 4.622\n  channel_utilization: 0\n  air_util_tx: 0.0280277766\n  uptime_seconds: 44976\n}\n"
    }
  },
  "id": 1495404910,
  "hopLimit": 3,
  "priority": "BACKGROUND",
  "raw": "from: 164906676\nto: 4294967295\ndecoded {\n  portnum: TELEMETRY_APP\n  payload: \"\\r\\356\\257\\000\\000\\022\\025\\010e\\025m\\347\\223@\\035\\000\\000\\000\\000%\\202\\232\\345<(\\260\\337\\002\"\n}\nid: 1495404910\nhop_limit: 3\npriority: BACKGROUND\n",
  "fromId": "!09d446b4",
  "toId": "^all"
}
============================================================
{
  "from": 164906676,
  "to": 4294967295,
  "decoded": {
    "portnum": "TELEMETRY_APP",
    "payload": "b'\\r*\\xb0\\x00\\x00\\x12\\x15\\x08e\\x15\\x0e-\\x92@\\x1d\\x00\\x00\\x00\\x00%\\x82\\x9a\\xe5<(\\xec\\xdf\\x02'",
    "telemetry": {
      "time": 45098,
      "deviceMetrics": {
        "batteryLevel": 101,
        "voltage": 4.568,
        "channelUtilization": 0.0,
        "airUtilTx": 0.028027777,
        "uptimeSeconds": 45036
      },
      "raw": "time: 45098\ndevice_metrics {\n  battery_level: 101\n  voltage: 4.568\n  channel_utilization: 0\n  air_util_tx: 0.0280277766\n  uptime_seconds: 45036\n}\n"
    }
  },
  "id": 4139812207,
  "hopLimit": 3,
  "priority": "BACKGROUND",
  "raw": "from: 164906676\nto: 4294967295\ndecoded {\n  portnum: TELEMETRY_APP\n  payload: \"\\r*\\260\\000\\000\\022\\025\\010e\\025\\016-\\222@\\035\\000\\000\\000\\000%\\202\\232\\345<(\\354\\337\\002\"\n}\nid: 4139812207\nhop_limit: 3\npriority: BACKGROUND\n",
  "fromId": "!09d446b4",
  "toId": "^all"
}
============================================================
{
  "from": 164906676,
  "to": 4294967295,
  "decoded": {
    "portnum": "TELEMETRY_APP",
    "payload": "b'\\rf\\xb0\\x00\\x00\\x12\\x15\\x08e\\x15\\xe3\\xa5\\x93@\\x1d\\x00\\x00\\x00\\x00%\\x82\\x9a\\xe5<(\\xa8\\xe0\\x02'",
    "telemetry": {
      "time": 45158,
      "deviceMetrics": {
        "batteryLevel": 101,
        "voltage": 4.614,
        "channelUtilization": 0.0,
        "airUtilTx": 0.028027777,
        "uptimeSeconds": 45096
      },
      "raw": "time: 45158\ndevice_metrics {\n  battery_level: 101\n  voltage: 4.614\n  channel_utilization: 0\n  air_util_tx: 0.0280277766\n  uptime_seconds: 45096\n}\n"
    }
  },
  "id": 2901296496,
  "hopLimit": 3,
  "priority": "BACKGROUND",
  "raw": "from: 164906676\nto: 4294967295\ndecoded {\n  portnum: TELEMETRY_APP\n  payload: \"\\rf\\260\\000\\000\\022\\025\\010e\\025\\343\\245\\223@\\035\\000\\000\\000\\000%\\202\\232\\345<(\\250\\340\\002\"\n}\nid: 2901296496\nhop_limit: 3\npriority: BACKGROUND\n",
  "fromId": "!09d446b4",
  "toId": "^all"
}
============================================================
{
  "from": 164906676,
  "to": 4294967295,
  "decoded": {
    "portnum": "TELEMETRY_APP",
    "payload": "b'\\rf\\xb0\\x00\\x002$\\x08\\xa8\\xe0\\x02\\x1d\\x82\\x9a\\xe5< \\x04(\\x030\\x03@\\x01`\\x90\\x99\\x0fh\\xd0\\xcf\\x04x\\x9c\\xff\\xff\\xff\\xff\\xff\\xff\\xff\\xff\\x01'",
    "telemetry": {
      "time": 45158,
      "localStats": {
        "uptimeSeconds": 45096,
        "airUtilTx": 0.028027777,
        "numPacketsTx": 4,
        "numPacketsRx": 3,
        "numPacketsRxBad": 3,
        "numTotalNodes": 1,
        "heapTotalBytes": 248976,
        "heapFreeBytes": 75728,
        "noiseFloor": -100
      },
      "raw": "time: 45158\nlocal_stats {\n  uptime_seconds: 45096\n  air_util_tx: 0.0280277766\n  num_packets_tx: 4\n  num_packets_rx: 3\n  num_packets_rx_bad: 3\n  num_total_nodes: 1\n  heap_total_bytes: 248976\n  heap_free_bytes: 75728\n  noise_floor: -100\n}\n"
    }
  },
  "id": 1625164145,
  "hopLimit": 3,
  "priority": "BACKGROUND",
  "raw": "from: 164906676\nto: 4294967295\ndecoded {\n  portnum: TELEMETRY_APP\n  payload: \"\\rf\\260\\000\\0002$\\010\\250\\340\\002\\035\\202\\232\\345< \\004(\\0030\\003@\\001`\\220\\231\\017h\\320\\317\\004x\\234\\377\\377\\377\\377\\377\\377\\377\\377\\001\"\n}\nid: 1625164145\nhop_limit: 3\npriority: BACKGROUND\n",
  "fromId": "!09d446b4",
  "toId": "^all"
}
============================================================
{
  "from": 164906676,
  "to": 4294967295,
  "decoded": {
    "portnum": "TELEMETRY_APP",
    "payload": "b'\\r\\xa2\\xb0\\x00\\x00\\x12\\x15\\x08e\\x15\\xc5 \\x94@\\x1d\\x00\\x00\\x00\\x00%\\x82\\x9a\\xe5<(\\xe4\\xe0\\x02'",
    "telemetry": {
      "time": 45218,
      "deviceMetrics": {
        "batteryLevel": 101,
        "voltage": 4.629,
        "channelUtilization": 0.0,
        "airUtilTx": 0.028027777,
        "uptimeSeconds": 45156
      },
      "raw": "time: 45218\ndevice_metrics {\n  battery_level: 101\n  voltage: 4.629\n  channel_utilization: 0\n  air_util_tx: 0.0280277766\n  uptime_seconds: 45156\n}\n"
    }
  },
  "id": 793015666,
  "hopLimit": 3,
  "priority": "BACKGROUND",
  "raw": "from: 164906676\nto: 4294967295\ndecoded {\n  portnum: TELEMETRY_APP\n  payload: \"\\r\\242\\260\\000\\000\\022\\025\\010e\\025\\305 \\224@\\035\\000\\000\\000\\000%\\202\\232\\345<(\\344\\340\\002\"\n}\nid: 793015666\nhop_limit: 3\npriority: BACKGROUND\n",
  "fromId": "!09d446b4",
  "toId": "^all"
}
============================================================
{
  "from": 164906676,
  "to": 4294967295,
  "decoded": {
    "portnum": "TELEMETRY_APP",
    "payload": "b'\\r\\xdf\\xb0\\x00\\x00\\x12\\x15\\x08e\\x15\\n\\xd7\\x93@\\x1d\\x00\\x00\\x00\\x00%\\x82\\x9a\\xe5<(\\xa0\\xe1\\x02'",
    "telemetry": {
      "time": 45279,
      "deviceMetrics": {
        "batteryLevel": 101,
        "voltage": 4.62,
        "channelUtilization": 0.0,
        "airUtilTx": 0.028027777,
        "uptimeSeconds": 45216
      },
      "raw": "time: 45279\ndevice_metrics {\n  battery_level: 101\n  voltage: 4.62\n  channel_utilization: 0\n  air_util_tx: 0.0280277766\n  uptime_seconds: 45216\n}\n"
    }
  },
  "id": 3454820723,
  "hopLimit": 3,
  "priority": "BACKGROUND",
  "raw": "from: 164906676\nto: 4294967295\ndecoded {\n  portnum: TELEMETRY_APP\n  payload: \"\\r\\337\\260\\000\\000\\022\\025\\010e\\025\\n\\327\\223@\\035\\000\\000\\000\\000%\\202\\232\\345<(\\240\\341\\002\"\n}\nid: 3454820723\nhop_limit: 3\npriority: BACKGROUND\n",
  "fromId": "!09d446b4",
  "toId": "^all"
}
============================================================
{
  "from": 164906676,
  "to": 4294967295,
  "decoded": {
    "portnum": "TELEMETRY_APP",
    "payload": "b'\\r\\x1b\\xb1\\x00\\x00\\x12\\x15\\x08e\\x15\\x1dZ\\x94@\\x1d\\x00\\x00\\x00\\x00%\\x82\\x9a\\xe5<(\\xdc\\xe1\\x02'",
    "telemetry": {
      "time": 45339,
      "deviceMetrics": {
        "batteryLevel": 101,
        "voltage": 4.636,
        "channelUtilization": 0.0,
        "airUtilTx": 0.028027777,
        "uptimeSeconds": 45276
      },
      "raw": "time: 45339\ndevice_metrics {\n  battery_level: 101\n  voltage: 4.636\n  channel_utilization: 0\n  air_util_tx: 0.0280277766\n  uptime_seconds: 45276\n}\n"
    }
  },
  "id": 3576638836,
  "hopLimit": 3,
  "priority": "BACKGROUND",
  "raw": "from: 164906676\nto: 4294967295\ndecoded {\n  portnum: TELEMETRY_APP\n  payload: \"\\r\\033\\261\\000\\000\\022\\025\\010e\\025\\035Z\\224@\\035\\000\\000\\000\\000%\\202\\232\\345<(\\334\\341\\002\"\n}\nid: 3576638836\nhop_limit: 3\npriority: BACKGROUND\n",
  "fromId": "!09d446b4",
  "toId": "^all"
}
============================================================
{
  "from": 164906676,
  "to": 4294967295,
  "decoded": {
    "portnum": "TELEMETRY_APP",
    "payload": "b\"\\rW\\xb1\\x00\\x00\\x12\\x15\\x08e\\x15'1\\x94@\\x1d\\x00\\x00\\x00\\x00%\\x82\\x9a\\xe5<(\\x98\\xe2\\x02\"",
    "telemetry": {
      "time": 45399,
      "deviceMetrics": {
        "batteryLevel": 101,
        "voltage": 4.631,
        "channelUtilization": 0.0,
        "airUtilTx": 0.028027777,
        "uptimeSeconds": 45336
      },
      "raw": "time: 45399\ndevice_metrics {\n  battery_level: 101\n  voltage: 4.631\n  channel_utilization: 0\n  air_util_tx: 0.0280277766\n  uptime_seconds: 45336\n}\n"
    }
  },
  "id": 1000808821,
  "hopLimit": 3,
  "priority": "BACKGROUND",
  "raw": "from: 164906676\nto: 4294967295\ndecoded {\n  portnum: TELEMETRY_APP\n  payload: \"\\rW\\261\\000\\000\\022\\025\\010e\\025\\'1\\224@\\035\\000\\000\\000\\000%\\202\\232\\345<(\\230\\342\\002\"\n}\nid: 1000808821\nhop_limit: 3\npriority: BACKGROUND\n",
  "fromId": "!09d446b4",
  "toId": "^all"
}
============================================================
{
  "from": 164906676,
  "to": 4294967295,
  "decoded": {
    "portnum": "TELEMETRY_APP",
    "payload": "b'\\r\\x93\\xb1\\x00\\x00\\x12\\x15\\x08e\\x15\\xb8\\x1e\\x95@\\x1d\\x00\\x00\\x00\\x00%\\x82\\x9a\\xe5<(\\xd5\\xe2\\x02'",
    "telemetry": {
      "time": 45459,
      "deviceMetrics": {
        "batteryLevel": 101,
        "voltage": 4.66,
        "channelUtilization": 0.0,
        "airUtilTx": 0.028027777,
        "uptimeSeconds": 45397
      },
      "raw": "time: 45459\ndevice_metrics {\n  battery_level: 101\n  voltage: 4.66\n  channel_utilization: 0\n  air_util_tx: 0.0280277766\n  uptime_seconds: 45397\n}\n"
    }
  },
  "id": 1875837302,
  "hopLimit": 3,
  "priority": "BACKGROUND",
  "raw": "from: 164906676\nto: 4294967295\ndecoded {\n  portnum: TELEMETRY_APP\n  payload: \"\\r\\223\\261\\000\\000\\022\\025\\010e\\025\\270\\036\\225@\\035\\000\\000\\000\\000%\\202\\232\\345<(\\325\\342\\002\"\n}\nid: 1875837302\nhop_limit: 3\npriority: BACKGROUND\n",
  "fromId": "!09d446b4",
  "toId": "^all"
}
============================================================
{
  "from": 164906676,
  "to": 4294967295,
  "decoded": {
    "portnum": "TELEMETRY_APP",
    "payload": "b'\\r\\xcf\\xb1\\x00\\x00\\x12\\x15\\x08e\\x15\\xbe\\x9f\\x92@\\x1d\\x00\\x00\\x00\\x00%\\x82\\x9a\\xe5<(\\x91\\xe3\\x02'",
    "telemetry": {
      "time": 45519,
      "deviceMetrics": {
        "batteryLevel": 101,
        "voltage": 4.582,
        "channelUtilization": 0.0,
        "airUtilTx": 0.028027777,
        "uptimeSeconds": 45457
      },
      "raw": "time: 45519\ndevice_metrics {\n  battery_level: 101\n  voltage: 4.582\n  channel_utilization: 0\n  air_util_tx: 0.0280277766\n  uptime_seconds: 45457\n}\n"
    }
  },
  "id": 129537399,
  "hopLimit": 3,
  "priority": "BACKGROUND",
  "raw": "from: 164906676\nto: 4294967295\ndecoded {\n  portnum: TELEMETRY_APP\n  payload: \"\\r\\317\\261\\000\\000\\022\\025\\010e\\025\\276\\237\\222@\\035\\000\\000\\000\\000%\\202\\232\\345<(\\221\\343\\002\"\n}\nid: 129537399\nhop_limit: 3\npriority: BACKGROUND\n",
  "fromId": "!09d446b4",
  "toId": "^all"
}
============================================================
{
  "from": 164906676,
  "to": 4294967295,
  "decoded": {
    "portnum": "TELEMETRY_APP",
    "payload": "b'\\r\\x0b\\xb2\\x00\\x00\\x12\\x15\\x08e\\x15o\\x12\\x93@\\x1d\\x00\\x00\\x00\\x00%\\x82\\x9a\\xe5<(\\xcd\\xe3\\x02'",
    "telemetry": {
      "time": 45579,
      "deviceMetrics": {
        "batteryLevel": 101,
        "voltage": 4.596,
        "channelUtilization": 0.0,
        "airUtilTx": 0.028027777,
        "uptimeSeconds": 45517
      },
      "raw": "time: 45579\ndevice_metrics {\n  battery_level: 101\n  voltage: 4.596\n  channel_utilization: 0\n  air_util_tx: 0.0280277766\n  uptime_seconds: 45517\n}\n"
    }
  },
  "id": 131847544,
  "hopLimit": 3,
  "priority": "BACKGROUND",
  "raw": "from: 164906676\nto: 4294967295\ndecoded {\n  portnum: TELEMETRY_APP\n  payload: \"\\r\\013\\262\\000\\000\\022\\025\\010e\\025o\\022\\223@\\035\\000\\000\\000\\000%\\202\\232\\345<(\\315\\343\\002\"\n}\nid: 131847544\nhop_limit: 3\npriority: BACKGROUND\n",
  "fromId": "!09d446b4",
  "toId": "^all"
}
============================================================
{
  "from": 164906676,
  "to": 4294967295,
  "decoded": {
    "portnum": "TELEMETRY_APP",
    "payload": "b'\\rG\\xb2\\x00\\x00\\x12\\x15\\x08e\\x15\\xf2\\xd2\\x91@\\x1d\\x00\\x00\\x00\\x00%\\x82\\x9a\\xe5<(\\x89\\xe4\\x02'",
    "telemetry": {
      "time": 45639,
      "deviceMetrics": {
        "batteryLevel": 101,
        "voltage": 4.557,
        "channelUtilization": 0.0,
        "airUtilTx": 0.028027777,
        "uptimeSeconds": 45577
      },
      "raw": "time: 45639\ndevice_metrics {\n  battery_level: 101\n  voltage: 4.557\n  channel_utilization: 0\n  air_util_tx: 0.0280277766\n  uptime_seconds: 45577\n}\n"
    }
  },
  "id": 4154072441,
  "hopLimit": 3,
  "priority": "BACKGROUND",
  "raw": "from: 164906676\nto: 4294967295\ndecoded {\n  portnum: TELEMETRY_APP\n  payload: \"\\rG\\262\\000\\000\\022\\025\\010e\\025\\362\\322\\221@\\035\\000\\000\\000\\000%\\202\\232\\345<(\\211\\344\\002\"\n}\nid: 4154072441\nhop_limit: 3\npriority: BACKGROUND\n",
  "fromId": "!09d446b4",
  "toId": "^all"
}
============================================================
{
  "from": 164906676,
  "to": 4294967295,
  "decoded": {
    "portnum": "TELEMETRY_APP",
    "payload": "b'\\r\\x83\\xb2\\x00\\x00\\x12\\x15\\x08e\\x15m\\xe7\\x93@\\x1d\\x00\\x00\\x00\\x00%\\x82\\x9a\\xe5<(\\xc5\\xe4\\x02'",
    "telemetry": {
      "time": 45699,
      "deviceMetrics": {
        "batteryLevel": 101,
        "voltage": 4.622,
        "channelUtilization": 0.0,
        "airUtilTx": 0.028027777,
        "uptimeSeconds": 45637
      },
      "raw": "time: 45699\ndevice_metrics {\n  battery_level: 101\n  voltage: 4.622\n  channel_utilization: 0\n  air_util_tx: 0.0280277766\n  uptime_seconds: 45637\n}\n"
    }
  },
  "id": 3654370682,
  "hopLimit": 3,
  "priority": "BACKGROUND",
  "raw": "from: 164906676\nto: 4294967295\ndecoded {\n  portnum: TELEMETRY_APP\n  payload: \"\\r\\203\\262\\000\\000\\022\\025\\010e\\025m\\347\\223@\\035\\000\\000\\000\\000%\\202\\232\\345<(\\305\\344\\002\"\n}\nid: 3654370682\nhop_limit: 3\npriority: BACKGROUND\n",
  "fromId": "!09d446b4",
  "toId": "^all"
}
============================================================
{
  "from": 164906676,
  "to": 4294967295,
  "decoded": {
    "portnum": "TELEMETRY_APP",
    "payload": "b'\\r\\xbf\\xb2\\x00\\x00\\x12\\x15\\x08e\\x15\\x00\\x00\\x94@\\x1d\\x00\\x00\\x00\\x00%\\x82\\x9a\\xe5<(\\x81\\xe5\\x02'",
    "telemetry": {
      "time": 45759,
      "deviceMetrics": {
        "batteryLevel": 101,
        "voltage": 4.625,
        "channelUtilization": 0.0,
        "airUtilTx": 0.028027777,
        "uptimeSeconds": 45697
      },
      "raw": "time: 45759\ndevice_metrics {\n  battery_level: 101\n  voltage: 4.625\n  channel_utilization: 0\n  air_util_tx: 0.0280277766\n  uptime_seconds: 45697\n}\n"
    }
  },
  "id": 1385671035,
  "hopLimit": 3,
  "priority": "BACKGROUND",
  "raw": "from: 164906676\nto: 4294967295\ndecoded {\n  portnum: TELEMETRY_APP\n  payload: \"\\r\\277\\262\\000\\000\\022\\025\\010e\\025\\000\\000\\224@\\035\\000\\000\\000\\000%\\202\\232\\345<(\\201\\345\\002\"\n}\nid: 1385671035\nhop_limit: 3\npriority: BACKGROUND\n",
  "fromId": "!09d446b4",
  "toId": "^all"
}
============================================================
{
  "from": 164906676,
  "to": 4294967295,
  "decoded": {
    "portnum": "TELEMETRY_APP",
    "payload": "b'\\r\\xfb\\xb2\\x00\\x00\\x12\\x15\\x08e\\x15\\x96C\\x93@\\x1d\\x00\\x00\\x00\\x00%\\x82\\x9a\\xe5<(\\xbd\\xe5\\x02'",
    "telemetry": {
      "time": 45819,
      "deviceMetrics": {
        "batteryLevel": 101,
        "voltage": 4.602,
        "channelUtilization": 0.0,
        "airUtilTx": 0.028027777,
        "uptimeSeconds": 45757
      },
      "raw": "time: 45819\ndevice_metrics {\n  battery_level: 101\n  voltage: 4.602\n  channel_utilization: 0\n  air_util_tx: 0.0280277766\n  uptime_seconds: 45757\n}\n"
    }
  },
  "id": 395763068,
  "hopLimit": 3,
  "priority": "BACKGROUND",
  "raw": "from: 164906676\nto: 4294967295\ndecoded {\n  portnum: TELEMETRY_APP\n  payload: \"\\r\\373\\262\\000\\000\\022\\025\\010e\\025\\226C\\223@\\035\\000\\000\\000\\000%\\202\\232\\345<(\\275\\345\\002\"\n}\nid: 395763068\nhop_limit: 3\npriority: BACKGROUND\n",
  "fromId": "!09d446b4",
  "toId": "^all"
}
============================================================
{
  "from": 164906676,
  "to": 4294967295,
  "decoded": {
    "portnum": "TELEMETRY_APP",
    "payload": "b'\\r7\\xb3\\x00\\x00\\x12\\x15\\x08e\\x15\\x98n\\x92@\\x1d\\x00\\x00\\x00\\x00%\\x82\\x9a\\xe5<(\\xf9\\xe5\\x02'",
    "telemetry": {
      "time": 45879,
      "deviceMetrics": {
        "batteryLevel": 101,
        "voltage": 4.576,
        "channelUtilization": 0.0,
        "airUtilTx": 0.028027777,
        "uptimeSeconds": 45817
      },
      "raw": "time: 45879\ndevice_metrics {\n  battery_level: 101\n  voltage: 4.576\n  channel_utilization: 0\n  air_util_tx: 0.0280277766\n  uptime_seconds: 45817\n}\n"
    }
  },
  "id": 713351549,
  "hopLimit": 3,
  "priority": "BACKGROUND",
  "raw": "from: 164906676\nto: 4294967295\ndecoded {\n  portnum: TELEMETRY_APP\n  payload: \"\\r7\\263\\000\\000\\022\\025\\010e\\025\\230n\\222@\\035\\000\\000\\000\\000%\\202\\232\\345<(\\371\\345\\002\"\n}\nid: 713351549\nhop_limit: 3\npriority: BACKGROUND\n",
  "fromId": "!09d446b4",
  "toId": "^all"
}
============================================================
{
  "from": 164906676,
  "to": 4294967295,
  "decoded": {
    "portnum": "TELEMETRY_APP",
    "payload": "b'\\rs\\xb3\\x00\\x00\\x12\\x15\\x08e\\x15P\\x8d\\x93@\\x1d\\x00\\x00\\x00\\x00%\\x82\\x9a\\xe5<(\\xb5\\xe6\\x02'",
    "telemetry": {
      "time": 45939,
      "deviceMetrics": {
        "batteryLevel": 101,
        "voltage": 4.611,
        "channelUtilization": 0.0,
        "airUtilTx": 0.028027777,
        "uptimeSeconds": 45877
      },
      "raw": "time: 45939\ndevice_metrics {\n  battery_level: 101\n  voltage: 4.611\n  channel_utilization: 0\n  air_util_tx: 0.0280277766\n  uptime_seconds: 45877\n}\n"
    }
  },
  "id": 2956202366,
  "hopLimit": 3,
  "priority": "BACKGROUND",
  "raw": "from: 164906676\nto: 4294967295\ndecoded {\n  portnum: TELEMETRY_APP\n  payload: \"\\rs\\263\\000\\000\\022\\025\\010e\\025P\\215\\223@\\035\\000\\000\\000\\000%\\202\\232\\345<(\\265\\346\\002\"\n}\nid: 2956202366\nhop_limit: 3\npriority: BACKGROUND\n",
  "fromId": "!09d446b4",
  "toId": "^all"
}
============================================================
{
  "from": 164906676,
  "to": 4294967295,
  "decoded": {
    "portnum": "TELEMETRY_APP",
    "payload": "b'\\r\\xaf\\xb3\\x00\\x00\\x12\\x15\\x08e\\x15\\\\\\x8f\\x92@\\x1d\\x00\\x00\\x00\\x00%\\x82\\x9a\\xe5<(\\xf1\\xe6\\x02'",
    "telemetry": {
      "time": 45999,
      "deviceMetrics": {
        "batteryLevel": 101,
        "voltage": 4.58,
        "channelUtilization": 0.0,
        "airUtilTx": 0.028027777,
        "uptimeSeconds": 45937
      },
      "raw": "time: 45999\ndevice_metrics {\n  battery_level: 101\n  voltage: 4.58\n  channel_utilization: 0\n  air_util_tx: 0.0280277766\n  uptime_seconds: 45937\n}\n"
    }
  },
  "id": 4038397311,
  "hopLimit": 3,
  "priority": "BACKGROUND",
  "raw": "from: 164906676\nto: 4294967295\ndecoded {\n  portnum: TELEMETRY_APP\n  payload: \"\\r\\257\\263\\000\\000\\022\\025\\010e\\025\\\\\\217\\222@\\035\\000\\000\\000\\000%\\202\\232\\345<(\\361\\346\\002\"\n}\nid: 4038397311\nhop_limit: 3\npriority: BACKGROUND\n",
  "fromId": "!09d446b4",
  "toId": "^all"
}
============================================================
{
  "from": 164906676,
  "to": 4294967295,
  "decoded": {
    "portnum": "TELEMETRY_APP",
    "payload": "b'\\r\\xeb\\xb3\\x00\\x00\\x12\\x15\\x08e\\x15\\xb8\\x1e\\x95@\\x1d\\x00\\x00\\x00\\x00%\\x82\\x9a\\xe5<(\\xad\\xe7\\x02'",
    "telemetry": {
      "time": 46059,
      "deviceMetrics": {
        "batteryLevel": 101,
        "voltage": 4.66,
        "channelUtilization": 0.0,
        "airUtilTx": 0.028027777,
        "uptimeSeconds": 45997
      },
      "raw": "time: 46059\ndevice_metrics {\n  battery_level: 101\n  voltage: 4.66\n  channel_utilization: 0\n  air_util_tx: 0.0280277766\n  uptime_seconds: 45997\n}\n"
    }
  },
  "id": 124071296,
  "hopLimit": 3,
  "priority": "BACKGROUND",
  "raw": "from: 164906676\nto: 4294967295\ndecoded {\n  portnum: TELEMETRY_APP\n  payload: \"\\r\\353\\263\\000\\000\\022\\025\\010e\\025\\270\\036\\225@\\035\\000\\000\\000\\000%\\202\\232\\345<(\\255\\347\\002\"\n}\nid: 124071296\nhop_limit: 3\npriority: BACKGROUND\n",
  "fromId": "!09d446b4",
  "toId": "^all"
}
============================================================
{
  "from": 164906676,
  "to": 4294967295,
  "decoded": {
    "portnum": "TELEMETRY_APP",
    "payload": "b'\\r\\xeb\\xb3\\x00\\x002$\\x08\\xad\\xe7\\x02\\x1d\\x82\\x9a\\xe5< \\x04(\\x030\\x03@\\x01`\\x90\\x99\\x0fh\\xd0\\xcf\\x04x\\x9c\\xff\\xff\\xff\\xff\\xff\\xff\\xff\\xff\\x01'",
    "telemetry": {
      "time": 46059,
      "localStats": {
        "uptimeSeconds": 45997,
        "airUtilTx": 0.028027777,
        "numPacketsTx": 4,
        "numPacketsRx": 3,
        "numPacketsRxBad": 3,
        "numTotalNodes": 1,
        "heapTotalBytes": 248976,
        "heapFreeBytes": 75728,
        "noiseFloor": -100
      },
      "raw": "time: 46059\nlocal_stats {\n  uptime_seconds: 45997\n  air_util_tx: 0.0280277766\n  num_packets_tx: 4\n  num_packets_rx: 3\n  num_packets_rx_bad: 3\n  num_total_nodes: 1\n  heap_total_bytes: 248976\n  heap_free_bytes: 75728\n  noise_floor: -100\n}\n"
    }
  },
  "id": 2577809793,
  "hopLimit": 3,
  "priority": "BACKGROUND",
  "raw": "from: 164906676\nto: 4294967295\ndecoded {\n  portnum: TELEMETRY_APP\n  payload: \"\\r\\353\\263\\000\\0002$\\010\\255\\347\\002\\035\\202\\232\\345< \\004(\\0030\\003@\\001`\\220\\231\\017h\\320\\317\\004x\\234\\377\\377\\377\\377\\377\\377\\377\\377\\001\"\n}\nid: 2577809793\nhop_limit: 3\npriority: BACKGROUND\n",
  "fromId": "!09d446b4",
  "toId": "^all"
}
============================================================
{
  "from": 164906676,
  "to": 4294967295,
  "decoded": {
    "portnum": "TELEMETRY_APP",
    "payload": "b\"\\r'\\xb4\\x00\\x00\\x12\\x15\\x08e\\x15j\\xbc\\x94@\\x1d\\x00\\x00\\x00\\x00%\\x82\\x9a\\xe5<(\\xe9\\xe7\\x02\"",
    "telemetry": {
      "time": 46119,
      "deviceMetrics": {
        "batteryLevel": 101,
        "voltage": 4.648,
        "channelUtilization": 0.0,
        "airUtilTx": 0.028027777,
        "uptimeSeconds": 46057
      },
      "raw": "time: 46119\ndevice_metrics {\n  battery_level: 101\n  voltage: 4.648\n  channel_utilization: 0\n  air_util_tx: 0.0280277766\n  uptime_seconds: 46057\n}\n"
    }
  },
  "id": 2378337666,
  "hopLimit": 3,
  "priority": "BACKGROUND",
  "raw": "from: 164906676\nto: 4294967295\ndecoded {\n  portnum: TELEMETRY_APP\n  payload: \"\\r\\'\\264\\000\\000\\022\\025\\010e\\025j\\274\\224@\\035\\000\\000\\000\\000%\\202\\232\\345<(\\351\\347\\002\"\n}\nid: 2378337666\nhop_limit: 3\npriority: BACKGROUND\n",
  "fromId": "!09d446b4",
  "toId": "^all"
}
============================================================
{
  "from": 164906676,
  "to": 4294967295,
  "decoded": {
    "portnum": "TELEMETRY_APP",
    "payload": "b'\\rc\\xb4\\x00\\x00\\x12\\x15\\x08e\\x15\\x0e-\\x92@\\x1d\\x00\\x00\\x00\\x00%\\x82\\x9a\\xe5<(\\xa5\\xe8\\x02'",
    "telemetry": {
      "time": 46179,
      "deviceMetrics": {
        "batteryLevel": 101,
        "voltage": 4.568,
        "channelUtilization": 0.0,
        "airUtilTx": 0.028027777,
        "uptimeSeconds": 46117
      },
      "raw": "time: 46179\ndevice_metrics {\n  battery_level: 101\n  voltage: 4.568\n  channel_utilization: 0\n  air_util_tx: 0.0280277766\n  uptime_seconds: 46117\n}\n"
    }
  },
  "id": 1683705219,
  "hopLimit": 3,
  "priority": "BACKGROUND",
  "raw": "from: 164906676\nto: 4294967295\ndecoded {\n  portnum: TELEMETRY_APP\n  payload: \"\\rc\\264\\000\\000\\022\\025\\010e\\025\\016-\\222@\\035\\000\\000\\000\\000%\\202\\232\\345<(\\245\\350\\002\"\n}\nid: 1683705219\nhop_limit: 3\npriority: BACKGROUND\n",
  "fromId": "!09d446b4",
  "toId": "^all"
}
============================================================
{
  "from": 164906676,
  "to": 4294967295,
  "decoded": {
    "portnum": "TELEMETRY_APP",
    "payload": "b'\\r\\x9f\\xb4\\x00\\x00\\x12\\x15\\x08e\\x15!\\xb0\\x92@\\x1d\\x00\\x00\\x00\\x00%\\x82\\x9a\\xe5<(\\xe1\\xe8\\x02'",
    "telemetry": {
      "time": 46239,
      "deviceMetrics": {
        "batteryLevel": 101,
        "voltage": 4.584,
        "channelUtilization": 0.0,
        "airUtilTx": 0.028027777,
        "uptimeSeconds": 46177
      },
      "raw": "time: 46239\ndevice_metrics {\n  battery_level: 101\n  voltage: 4.584\n  channel_utilization: 0\n  air_util_tx: 0.0280277766\n  uptime_seconds: 46177\n}\n"
    }
  },
  "id": 100555140,
  "hopLimit": 3,
  "priority": "BACKGROUND",
  "raw": "from: 164906676\nto: 4294967295\ndecoded {\n  portnum: TELEMETRY_APP\n  payload: \"\\r\\237\\264\\000\\000\\022\\025\\010e\\025!\\260\\222@\\035\\000\\000\\000\\000%\\202\\232\\345<(\\341\\350\\002\"\n}\nid: 100555140\nhop_limit: 3\npriority: BACKGROUND\n",
  "fromId": "!09d446b4",
  "toId": "^all"
}
============================================================
{
  "from": 164906676,
  "to": 4294967295,
  "decoded": {
    "portnum": "TELEMETRY_APP",
    "payload": "b'\\r\\xdb\\xb4\\x00\\x00\\x12\\x15\\x08e\\x15F\\xb6\\x93@\\x1d\\x00\\x00\\x00\\x00%\\x82\\x9a\\xe5<(\\x9d\\xe9\\x02'",
    "telemetry": {
      "time": 46299,
      "deviceMetrics": {
        "batteryLevel": 101,
        "voltage": 4.616,
        "channelUtilization": 0.0,
        "airUtilTx": 0.028027777,
        "uptimeSeconds": 46237
      },
      "raw": "time: 46299\ndevice_metrics {\n  battery_level: 101\n  voltage: 4.616\n  channel_utilization: 0\n  air_util_tx: 0.0280277766\n  uptime_seconds: 46237\n}\n"
    }
  },
  "id": 1957001605,
  "hopLimit": 3,
  "priority": "BACKGROUND",
  "raw": "from: 164906676\nto: 4294967295\ndecoded {\n  portnum: TELEMETRY_APP\n  payload: \"\\r\\333\\264\\000\\000\\022\\025\\010e\\025F\\266\\223@\\035\\000\\000\\000\\000%\\202\\232\\345<(\\235\\351\\002\"\n}\nid: 1957001605\nhop_limit: 3\npriority: BACKGROUND\n",
  "fromId": "!09d446b4",
  "toId": "^all"
}
============================================================
{
  "from": 164906676,
  "to": 4294967295,
  "decoded": {
    "portnum": "TELEMETRY_APP",
    "payload": "b'\\r\\x17\\xb5\\x00\\x00\\x12\\x15\\x08e\\x15y\\xe9\\x92@\\x1d\\x00\\x00\\x00\\x00%\\x82\\x9a\\xe5<(\\xd9\\xe9\\x02'",
    "telemetry": {
      "time": 46359,
      "deviceMetrics": {
        "batteryLevel": 101,
        "voltage": 4.591,
        "channelUtilization": 0.0,
        "airUtilTx": 0.028027777,
        "uptimeSeconds": 46297
      },
      "raw": "time: 46359\ndevice_metrics {\n  battery_level: 101\n  voltage: 4.591\n  channel_utilization: 0\n  air_util_tx: 0.0280277766\n  uptime_seconds: 46297\n}\n"
    }
  },
  "id": 1485349254,
  "hopLimit": 3,
  "priority": "BACKGROUND",
  "raw": "from: 164906676\nto: 4294967295\ndecoded {\n  portnum: TELEMETRY_APP\n  payload: \"\\r\\027\\265\\000\\000\\022\\025\\010e\\025y\\351\\222@\\035\\000\\000\\000\\000%\\202\\232\\345<(\\331\\351\\002\"\n}\nid: 1485349254\nhop_limit: 3\npriority: BACKGROUND\n",
  "fromId": "!09d446b4",
  "toId": "^all"
}
============================================================
{
  "from": 164906676,
  "to": 4294967295,
  "decoded": {
    "portnum": "TELEMETRY_APP",
    "payload": "b'\\rS\\xb5\\x00\\x00\\x12\\x15\\x08e\\x15\\xb2\\x9d\\x93@\\x1d\\x00\\x00\\x00\\x00%\\x82\\x9a\\xe5<(\\x95\\xea\\x02'",
    "telemetry": {
      "time": 46419,
      "deviceMetrics": {
        "batteryLevel": 101,
        "voltage": 4.613,
        "channelUtilization": 0.0,
        "airUtilTx": 0.028027777,
        "uptimeSeconds": 46357
      },
      "raw": "time: 46419\ndevice_metrics {\n  battery_level: 101\n  voltage: 4.613\n  channel_utilization: 0\n  air_util_tx: 0.0280277766\n  uptime_seconds: 46357\n}\n"
    }
  },
  "id": 2781786503,
  "hopLimit": 3,
  "priority": "BACKGROUND",
  "raw": "from: 164906676\nto: 4294967295\ndecoded {\n  portnum: TELEMETRY_APP\n  payload: \"\\rS\\265\\000\\000\\022\\025\\010e\\025\\262\\235\\223@\\035\\000\\000\\000\\000%\\202\\232\\345<(\\225\\352\\002\"\n}\nid: 2781786503\nhop_limit: 3\npriority: BACKGROUND\n",
  "fromId": "!09d446b4",
  "toId": "^all"
}
============================================================
{
  "from": 164906676,
  "to": 4294967295,
  "decoded": {
    "portnum": "TELEMETRY_APP",
    "payload": "b'\\r\\x8f\\xb5\\x00\\x00\\x12\\x15\\x08e\\x15\\xb4\\xc8\\x92@\\x1d\\x00\\x00\\x00\\x00%\\x82\\x9a\\xe5<(\\xd1\\xea\\x02'",
    "telemetry": {
      "time": 46479,
      "deviceMetrics": {
        "batteryLevel": 101,
        "voltage": 4.587,
        "channelUtilization": 0.0,
        "airUtilTx": 0.028027777,
        "uptimeSeconds": 46417
      },
      "raw": "time: 46479\ndevice_metrics {\n  battery_level: 101\n  voltage: 4.587\n  channel_utilization: 0\n  air_util_tx: 0.0280277766\n  uptime_seconds: 46417\n}\n"
    }
  },
  "id": 1660617096,
  "hopLimit": 3,
  "priority": "BACKGROUND",
  "raw": "from: 164906676\nto: 4294967295\ndecoded {\n  portnum: TELEMETRY_APP\n  payload: \"\\r\\217\\265\\000\\000\\022\\025\\010e\\025\\264\\310\\222@\\035\\000\\000\\000\\000%\\202\\232\\345<(\\321\\352\\002\"\n}\nid: 1660617096\nhop_limit: 3\npriority: BACKGROUND\n",
  "fromId": "!09d446b4",
  "toId": "^all"
}
============================================================
{
  "from": 164906676,
  "to": 4294967295,
  "decoded": {
    "portnum": "TELEMETRY_APP",
    "payload": "b'\\r\\xcb\\xb5\\x00\\x00\\x12\\x15\\x08e\\x15\\xd1\"\\x93@\\x1d\\x00\\x00\\x00\\x00%\\x82\\x9a\\xe5<(\\x8d\\xeb\\x02'",
    "telemetry": {
      "time": 46539,
      "deviceMetrics": {
        "batteryLevel": 101,
        "voltage": 4.598,
        "channelUtilization": 0.0,
        "airUtilTx": 0.028027777,
        "uptimeSeconds": 46477
      },
      "raw": "time: 46539\ndevice_metrics {\n  battery_level: 101\n  voltage: 4.598\n  channel_utilization: 0\n  air_util_tx: 0.0280277766\n  uptime_seconds: 46477\n}\n"
    }
  },
  "id": 986022281,
  "hopLimit": 3,
  "priority": "BACKGROUND",
  "raw": "from: 164906676\nto: 4294967295\ndecoded {\n  portnum: TELEMETRY_APP\n  payload: \"\\r\\313\\265\\000\\000\\022\\025\\010e\\025\\321\\\"\\223@\\035\\000\\000\\000\\000%\\202\\232\\345<(\\215\\353\\002\"\n}\nid: 986022281\nhop_limit: 3\npriority: BACKGROUND\n",
  "fromId": "!09d446b4",
  "toId": "^all"
}
============================================================
{
  "from": 164906676,
  "to": 4294967295,
  "decoded": {
    "portnum": "TELEMETRY_APP",
    "payload": "b'\\r\\x08\\xb6\\x00\\x00\\x12\\x15\\x08e\\x15+\\x87\\x92@\\x1d\\x00\\x00\\x00\\x00%\\x82\\x9a\\xe5<(\\xc9\\xeb\\x02'",
    "telemetry": {
      "time": 46600,
      "deviceMetrics": {
        "batteryLevel": 101,
        "voltage": 4.579,
        "channelUtilization": 0.0,
        "airUtilTx": 0.028027777,
        "uptimeSeconds": 46537
      },
      "raw": "time: 46600\ndevice_metrics {\n  battery_level: 101\n  voltage: 4.579\n  channel_utilization: 0\n  air_util_tx: 0.0280277766\n  uptime_seconds: 46537\n}\n"
    }
  },
  "id": 1106663818,
  "hopLimit": 3,
  "priority": "BACKGROUND",
  "raw": "from: 164906676\nto: 4294967295\ndecoded {\n  portnum: TELEMETRY_APP\n  payload: \"\\r\\010\\266\\000\\000\\022\\025\\010e\\025+\\207\\222@\\035\\000\\000\\000\\000%\\202\\232\\345<(\\311\\353\\002\"\n}\nid: 1106663818\nhop_limit: 3\npriority: BACKGROUND\n",
  "fromId": "!09d446b4",
  "toId": "^all"
}
============================================================
{
  "from": 164906676,
  "to": 4294967295,
  "decoded": {
    "portnum": "TELEMETRY_APP",
    "payload": "b'\\rD\\xb6\\x00\\x00\\x12\\x15\\x08e\\x15\\xd1\"\\x93@\\x1d\\x00\\x00\\x00\\x00%\\x82\\x9a\\xe5<(\\x85\\xec\\x02'",
    "telemetry": {
      "time": 46660,
      "deviceMetrics": {
        "batteryLevel": 101,
        "voltage": 4.598,
        "channelUtilization": 0.0,
        "airUtilTx": 0.028027777,
        "uptimeSeconds": 46597
      },
      "raw": "time: 46660\ndevice_metrics {\n  battery_level: 101\n  voltage: 4.598\n  channel_utilization: 0\n  air_util_tx: 0.0280277766\n  uptime_seconds: 46597\n}\n"
    }
  },
  "id": 174574987,
  "hopLimit": 3,
  "priority": "BACKGROUND",
  "raw": "from: 164906676\nto: 4294967295\ndecoded {\n  portnum: TELEMETRY_APP\n  payload: \"\\rD\\266\\000\\000\\022\\025\\010e\\025\\321\\\"\\223@\\035\\000\\000\\000\\000%\\202\\232\\345<(\\205\\354\\002\"\n}\nid: 174574987\nhop_limit: 3\npriority: BACKGROUND\n",
  "fromId": "!09d446b4",
  "toId": "^all"
}
============================================================
{
  "from": 164906676,
  "to": 4294967295,
  "decoded": {
    "portnum": "TELEMETRY_APP",
    "payload": "b'\\r\\x80\\xb6\\x00\\x00\\x12\\x15\\x08e\\x15\\xb8\\x1e\\x95@\\x1d\\x00\\x00\\x00\\x00%\\x82\\x9a\\xe5<(\\xc1\\xec\\x02'",
    "telemetry": {
      "time": 46720,
      "deviceMetrics": {
        "batteryLevel": 101,
        "voltage": 4.66,
        "channelUtilization": 0.0,
        "airUtilTx": 0.028027777,
        "uptimeSeconds": 46657
      },
      "raw": "time: 46720\ndevice_metrics {\n  battery_level: 101\n  voltage: 4.66\n  channel_utilization: 0\n  air_util_tx: 0.0280277766\n  uptime_seconds: 46657\n}\n"
    }
  },
  "id": 2269559180,
  "hopLimit": 3,
  "priority": "BACKGROUND",
  "raw": "from: 164906676\nto: 4294967295\ndecoded {\n  portnum: TELEMETRY_APP\n  payload: \"\\r\\200\\266\\000\\000\\022\\025\\010e\\025\\270\\036\\225@\\035\\000\\000\\000\\000%\\202\\232\\345<(\\301\\354\\002\"\n}\nid: 2269559180\nhop_limit: 3\npriority: BACKGROUND\n",
  "fromId": "!09d446b4",
  "toId": "^all"
}
============================================================
{
  "from": 164906676,
  "to": 4294967295,
  "decoded": {
    "portnum": "TELEMETRY_APP",
    "payload": "b'\\r\\xbc\\xb6\\x00\\x00\\x12\\x15\\x08e\\x15\\xb2\\x9d\\x93@\\x1d\\x00\\x00\\x00\\x00%\\x82\\x9a\\xe5<(\\xfe\\xec\\x02'",
    "telemetry": {
      "time": 46780,
      "deviceMetrics": {
        "batteryLevel": 101,
        "voltage": 4.613,
        "channelUtilization": 0.0,
        "airUtilTx": 0.028027777,
        "uptimeSeconds": 46718
      },
      "raw": "time: 46780\ndevice_metrics {\n  battery_level: 101\n  voltage: 4.613\n  channel_utilization: 0\n  air_util_tx: 0.0280277766\n  uptime_seconds: 46718\n}\n"
    }
  },
  "id": 43323789,
  "hopLimit": 3,
  "priority": "BACKGROUND",
  "raw": "from: 164906676\nto: 4294967295\ndecoded {\n  portnum: TELEMETRY_APP\n  payload: \"\\r\\274\\266\\000\\000\\022\\025\\010e\\025\\262\\235\\223@\\035\\000\\000\\000\\000%\\202\\232\\345<(\\376\\354\\002\"\n}\nid: 43323789\nhop_limit: 3\npriority: BACKGROUND\n",
  "fromId": "!09d446b4",
  "toId": "^all"
}
============================================================
{
  "from": 164906676,
  "to": 4294967295,
  "decoded": {
    "portnum": "TELEMETRY_APP",
    "payload": "b'\\r\\xf8\\xb6\\x00\\x00\\x12\\x15\\x08e\\x15\\x83\\xc0\\x92@\\x1d\\x00\\x00\\x00\\x00%\\x82\\x9a\\xe5<(\\xba\\xed\\x02'",
    "telemetry": {
      "time": 46840,
      "deviceMetrics": {
        "batteryLevel": 101,
        "voltage": 4.586,
        "channelUtilization": 0.0,
        "airUtilTx": 0.028027777,
        "uptimeSeconds": 46778
      },
      "raw": "time: 46840\ndevice_metrics {\n  battery_level: 101\n  voltage: 4.586\n  channel_utilization: 0\n  air_util_tx: 0.0280277766\n  uptime_seconds: 46778\n}\n"
    }
  },
  "id": 605152654,
  "hopLimit": 3,
  "priority": "BACKGROUND",
  "raw": "from: 164906676\nto: 4294967295\ndecoded {\n  portnum: TELEMETRY_APP\n  payload: \"\\r\\370\\266\\000\\000\\022\\025\\010e\\025\\203\\300\\222@\\035\\000\\000\\000\\000%\\202\\232\\345<(\\272\\355\\002\"\n}\nid: 605152654\nhop_limit: 3\npriority: BACKGROUND\n",
  "fromId": "!09d446b4",
  "toId": "^all"
}
============================================================
{
  "from": 164906676,
  "to": 4294967295,
  "decoded": {
    "portnum": "TELEMETRY_APP",
    "payload": "b'\\r4\\xb7\\x00\\x00\\x12\\x15\\x08e\\x15\\xc3\\xf5\\x94@\\x1d\\x00\\x00\\x00\\x00%\\x00\\x00\\x00\\x00(\\xf6\\xed\\x02'",
    "telemetry": {
      "time": 46900,
      "deviceMetrics": {
        "batteryLevel": 101,
        "voltage": 4.655,
        "channelUtilization": 0.0,
        "airUtilTx": 0.0,
        "uptimeSeconds": 46838
      },
      "raw": "time: 46900\ndevice_metrics {\n  battery_level: 101\n  voltage: 4.655\n  channel_utilization: 0\n  air_util_tx: 0\n  uptime_seconds: 46838\n}\n"
    }
  },
  "id": 1763861903,
  "hopLimit": 3,
  "priority": "BACKGROUND",
  "raw": "from: 164906676\nto: 4294967295\ndecoded {\n  portnum: TELEMETRY_APP\n  payload: \"\\r4\\267\\000\\000\\022\\025\\010e\\025\\303\\365\\224@\\035\\000\\000\\000\\000%\\000\\000\\000\\000(\\366\\355\\002\"\n}\nid: 1763861903\nhop_limit: 3\npriority: BACKGROUND\n",
  "fromId": "!09d446b4",
  "toId": "^all"
}
============================================================
{
  "from": 164906676,
  "to": 4294967295,
  "decoded": {
    "portnum": "TELEMETRY_APP",
    "payload": "b'\\rp\\xb7\\x00\\x00\\x12\\x15\\x08e\\x15\\xee|\\x93@\\x1d\\xaeG\\x91?%\\x00\\x00\\x00\\x00(\\xb2\\xee\\x02'",
    "telemetry": {
      "time": 46960,
      "deviceMetrics": {
        "batteryLevel": 101,
        "voltage": 4.609,
        "channelUtilization": 1.135,
        "airUtilTx": 0.0,
        "uptimeSeconds": 46898
      },
      "raw": "time: 46960\ndevice_metrics {\n  battery_level: 101\n  voltage: 4.609\n  channel_utilization: 1.135\n  air_util_tx: 0\n  uptime_seconds: 46898\n}\n"
    }
  },
  "id": 1993524624,
  "hopLimit": 3,
  "priority": "BACKGROUND",
  "raw": "from: 164906676\nto: 4294967295\ndecoded {\n  portnum: TELEMETRY_APP\n  payload: \"\\rp\\267\\000\\000\\022\\025\\010e\\025\\356|\\223@\\035\\256G\\221?%\\000\\000\\000\\000(\\262\\356\\002\"\n}\nid: 1993524624\nhop_limit: 3\npriority: BACKGROUND\n",
  "fromId": "!09d446b4",
  "toId": "^all"
}
============================================================
{
  "from": 164906676,
  "to": 4294967295,
  "decoded": {
    "portnum": "TELEMETRY_APP",
    "payload": "b'\\rp\\xb7\\x00\\x002$\\x08\\xb2\\xee\\x02\\x15\\xaeG\\x91? \\x04(\\x040\\x04@\\x01`\\x90\\x99\\x0fh\\xd0\\xcf\\x04x\\x9c\\xff\\xff\\xff\\xff\\xff\\xff\\xff\\xff\\x01'",
    "telemetry": {
      "time": 46960,
      "localStats": {
        "uptimeSeconds": 46898,
        "channelUtilization": 1.135,
        "numPacketsTx": 4,
        "numPacketsRx": 4,
        "numPacketsRxBad": 4,
        "numTotalNodes": 1,
        "heapTotalBytes": 248976,
        "heapFreeBytes": 75728,
        "noiseFloor": -100
      },
      "raw": "time: 46960\nlocal_stats {\n  uptime_seconds: 46898\n  channel_utilization: 1.135\n  num_packets_tx: 4\n  num_packets_rx: 4\n  num_packets_rx_bad: 4\n  num_total_nodes: 1\n  heap_total_bytes: 248976\n  heap_free_bytes: 75728\n  noise_floor: -100\n}\n"
    }
  },
  "id": 166663569,
  "hopLimit": 3,
  "priority": "BACKGROUND",
  "raw": "from: 164906676\nto: 4294967295\ndecoded {\n  portnum: TELEMETRY_APP\n  payload: \"\\rp\\267\\000\\0002$\\010\\262\\356\\002\\025\\256G\\221? \\004(\\0040\\004@\\001`\\220\\231\\017h\\320\\317\\004x\\234\\377\\377\\377\\377\\377\\377\\377\\377\\001\"\n}\nid: 166663569\nhop_limit: 3\npriority: BACKGROUND\n",
  "fromId": "!09d446b4",
  "toId": "^all"
}
============================================================
{
  "from": 164906676,
  "to": 4294967295,
  "decoded": {
    "portnum": "TELEMETRY_APP",
    "payload": "b'\\r\\xac\\xb7\\x00\\x00\\x12\\x15\\x08e\\x15\\xf0\\xa7\\x92@\\x1d\\x00\\x00\\x00\\x00%\\x00\\x00\\x00\\x00(\\xee\\xee\\x02'",
    "telemetry": {
      "time": 47020,
      "deviceMetrics": {
        "batteryLevel": 101,
        "voltage": 4.583,
        "channelUtilization": 0.0,
        "airUtilTx": 0.0,
        "uptimeSeconds": 46958
      },
      "raw": "time: 47020\ndevice_metrics {\n  battery_level: 101\n  voltage: 4.583\n  channel_utilization: 0\n  air_util_tx: 0\n  uptime_seconds: 46958\n}\n"
    }
  },
  "id": 3736512914,
  "hopLimit": 3,
  "priority": "BACKGROUND",
  "raw": "from: 164906676\nto: 4294967295\ndecoded {\n  portnum: TELEMETRY_APP\n  payload: \"\\r\\254\\267\\000\\000\\022\\025\\010e\\025\\360\\247\\222@\\035\\000\\000\\000\\000%\\000\\000\\000\\000(\\356\\356\\002\"\n}\nid: 3736512914\nhop_limit: 3\npriority: BACKGROUND\n",
  "fromId": "!09d446b4",
  "toId": "^all"
}
============================================================
{
  "from": 164906676,
  "to": 4294967295,
  "decoded": {
    "portnum": "TELEMETRY_APP",
    "payload": "b'\\r\\xe8\\xb7\\x00\\x00\\x12\\x15\\x08e\\x15\\x83\\xc0\\x92@\\x1d\\x00\\x00\\x00\\x00%\\x00\\x00\\x00\\x00(\\xaa\\xef\\x02'",
    "telemetry": {
      "time": 47080,
      "deviceMetrics": {
        "batteryLevel": 101,
        "voltage": 4.586,
        "channelUtilization": 0.0,
        "airUtilTx": 0.0,
        "uptimeSeconds": 47018
      },
      "raw": "time: 47080\ndevice_metrics {\n  battery_level: 101\n  voltage: 4.586\n  channel_utilization: 0\n  air_util_tx: 0\n  uptime_seconds: 47018\n}\n"
    }
  },
  "id": 2016031123,
  "hopLimit": 3,
  "priority": "BACKGROUND",
  "raw": "from: 164906676\nto: 4294967295\ndecoded {\n  portnum: TELEMETRY_APP\n  payload: \"\\r\\350\\267\\000\\000\\022\\025\\010e\\025\\203\\300\\222@\\035\\000\\000\\000\\000%\\000\\000\\000\\000(\\252\\357\\002\"\n}\nid: 2016031123\nhop_limit: 3\npriority: BACKGROUND\n",
  "fromId": "!09d446b4",
  "toId": "^all"
}
============================================================
{
  "from": 164906676,
  "to": 4294967295,
  "decoded": {
    "portnum": "TELEMETRY_APP",
    "payload": "b'\\r$\\xb8\\x00\\x00\\x12\\x15\\x08e\\x15Zd\\x93@\\x1d\\x00\\x00\\x00\\x00%\\x00\\x00\\x00\\x00(\\xe6\\xef\\x02'",
    "telemetry": {
      "time": 47140,
      "deviceMetrics": {
        "batteryLevel": 101,
        "voltage": 4.606,
        "channelUtilization": 0.0,
        "airUtilTx": 0.0,
        "uptimeSeconds": 47078
      },
      "raw": "time: 47140\ndevice_metrics {\n  battery_level: 101\n  voltage: 4.606\n  channel_utilization: 0\n  air_util_tx: 0\n  uptime_seconds: 47078\n}\n"
    }
  },
  "id": 2740530580,
  "hopLimit": 3,
  "priority": "BACKGROUND",
  "raw": "from: 164906676\nto: 4294967295\ndecoded {\n  portnum: TELEMETRY_APP\n  payload: \"\\r$\\270\\000\\000\\022\\025\\010e\\025Zd\\223@\\035\\000\\000\\000\\000%\\000\\000\\000\\000(\\346\\357\\002\"\n}\nid: 2740530580\nhop_limit: 3\npriority: BACKGROUND\n",
  "fromId": "!09d446b4",
  "toId": "^all"
}
============================================================
{
  "from": 164906676,
  "to": 4294967295,
  "decoded": {
    "portnum": "TELEMETRY_APP",
    "payload": "b'\\r`\\xb8\\x00\\x00\\x12\\x15\\x08e\\x15\\xe3\\xa5\\x93@\\x1d\\x00\\x00\\x00\\x00%\\x00\\x00\\x00\\x00(\\xa2\\xf0\\x02'",
    "telemetry": {
      "time": 47200,
      "deviceMetrics": {
        "batteryLevel": 101,
        "voltage": 4.614,
        "channelUtilization": 0.0,
        "airUtilTx": 0.0,
        "uptimeSeconds": 47138
      },
      "raw": "time: 47200\ndevice_metrics {\n  battery_level: 101\n  voltage: 4.614\n  channel_utilization: 0\n  air_util_tx: 0\n  uptime_seconds: 47138\n}\n"
    }
  },
  "id": 755658133,
  "hopLimit": 3,
  "priority": "BACKGROUND",
  "raw": "from: 164906676\nto: 4294967295\ndecoded {\n  portnum: TELEMETRY_APP\n  payload: \"\\r`\\270\\000\\000\\022\\025\\010e\\025\\343\\245\\223@\\035\\000\\000\\000\\000%\\000\\000\\000\\000(\\242\\360\\002\"\n}\nid: 755658133\nhop_limit: 3\npriority: BACKGROUND\n",
  "fromId": "!09d446b4",
  "toId": "^all"
}
============================================================
{
  "from": 164906676,
  "to": 4294967295,
  "decoded": {
    "portnum": "TELEMETRY_APP",
    "payload": "b'\\r\\x9c\\xb8\\x00\\x00\\x12\\x15\\x08e\\x15\\x89A\\x94@\\x1d\\x00\\x00\\x00\\x00%\\x00\\x00\\x00\\x00(\\xde\\xf0\\x02'",
    "telemetry": {
      "time": 47260,
      "deviceMetrics": {
        "batteryLevel": 101,
        "voltage": 4.633,
        "channelUtilization": 0.0,
        "airUtilTx": 0.0,
        "uptimeSeconds": 47198
      },
      "raw": "time: 47260\ndevice_metrics {\n  battery_level: 101\n  voltage: 4.633\n  channel_utilization: 0\n  air_util_tx: 0\n  uptime_seconds: 47198\n}\n"
    }
  },
  "id": 3878038934,
  "hopLimit": 3,
  "priority": "BACKGROUND",
  "raw": "from: 164906676\nto: 4294967295\ndecoded {\n  portnum: TELEMETRY_APP\n  payload: \"\\r\\234\\270\\000\\000\\022\\025\\010e\\025\\211A\\224@\\035\\000\\000\\000\\000%\\000\\000\\000\\000(\\336\\360\\002\"\n}\nid: 3878038934\nhop_limit: 3\npriority: BACKGROUND\n",
  "fromId": "!09d446b4",
  "toId": "^all"
}
============================================================
{
  "from": 164906676,
  "to": 4294967295,
  "decoded": {
    "portnum": "TELEMETRY_APP",
    "payload": "b'\\r\\xd8\\xb8\\x00\\x00\\x12\\x15\\x08e\\x15\\x93\\x18\\x94@\\x1d\\x00\\x00\\x00\\x00%\\x00\\x00\\x00\\x00(\\x9a\\xf1\\x02'",
    "telemetry": {
      "time": 47320,
      "deviceMetrics": {
        "batteryLevel": 101,
        "voltage": 4.628,
        "channelUtilization": 0.0,
        "airUtilTx": 0.0,
        "uptimeSeconds": 47258
      },
      "raw": "time: 47320\ndevice_metrics {\n  battery_level: 101\n  voltage: 4.628\n  channel_utilization: 0\n  air_util_tx: 0\n  uptime_seconds: 47258\n}\n"
    }
  },
  "id": 695372183,
  "hopLimit": 3,
  "priority": "BACKGROUND",
  "raw": "from: 164906676\nto: 4294967295\ndecoded {\n  portnum: TELEMETRY_APP\n  payload: \"\\r\\330\\270\\000\\000\\022\\025\\010e\\025\\223\\030\\224@\\035\\000\\000\\000\\000%\\000\\000\\000\\000(\\232\\361\\002\"\n}\nid: 695372183\nhop_limit: 3\npriority: BACKGROUND\n",
  "fromId": "!09d446b4",
  "toId": "^all"
}
============================================================
{
  "from": 164906676,
  "to": 4294967295,
  "decoded": {
    "portnum": "TELEMETRY_APP",
    "payload": "b'\\r\\x14\\xb9\\x00\\x00\\x12\\x15\\x08e\\x15+\\x87\\x92@\\x1d\\x00\\x00\\x00\\x00%\\x00\\x00\\x00\\x00(\\xd6\\xf1\\x02'",
    "telemetry": {
      "time": 47380,
      "deviceMetrics": {
        "batteryLevel": 101,
        "voltage": 4.579,
        "channelUtilization": 0.0,
        "airUtilTx": 0.0,
        "uptimeSeconds": 47318
      },
      "raw": "time: 47380\ndevice_metrics {\n  battery_level: 101\n  voltage: 4.579\n  channel_utilization: 0\n  air_util_tx: 0\n  uptime_seconds: 47318\n}\n"
    }
  },
  "id": 3057600920,
  "hopLimit": 3,
  "priority": "BACKGROUND",
  "raw": "from: 164906676\nto: 4294967295\ndecoded {\n  portnum: TELEMETRY_APP\n  payload: \"\\r\\024\\271\\000\\000\\022\\025\\010e\\025+\\207\\222@\\035\\000\\000\\000\\000%\\000\\000\\000\\000(\\326\\361\\002\"\n}\nid: 3057600920\nhop_limit: 3\npriority: BACKGROUND\n",
  "fromId": "!09d446b4",
  "toId": "^all"
}
============================================================
{
  "from": 164906676,
  "to": 4294967295,
  "decoded": {
    "portnum": "TELEMETRY_APP",
    "payload": "b'\\rP\\xb9\\x00\\x00\\x12\\x15\\x08e\\x15Zd\\x93@\\x1d\\x00\\x00\\x00\\x00%\\x00\\x00\\x00\\x00(\\x92\\xf2\\x02'",
    "telemetry": {
      "time": 47440,
      "deviceMetrics": {
        "batteryLevel": 101,
        "voltage": 4.606,
        "channelUtilization": 0.0,
        "airUtilTx": 0.0,
        "uptimeSeconds": 47378
      },
      "raw": "time: 47440\ndevice_metrics {\n  battery_level: 101\n  voltage: 4.606\n  channel_utilization: 0\n  air_util_tx: 0\n  uptime_seconds: 47378\n}\n"
    }
  },
  "id": 2659408281,
  "hopLimit": 3,
  "priority": "BACKGROUND",
  "raw": "from: 164906676\nto: 4294967295\ndecoded {\n  portnum: TELEMETRY_APP\n  payload: \"\\rP\\271\\000\\000\\022\\025\\010e\\025Zd\\223@\\035\\000\\000\\000\\000%\\000\\000\\000\\000(\\222\\362\\002\"\n}\nid: 2659408281\nhop_limit: 3\npriority: BACKGROUND\n",
  "fromId": "!09d446b4",
  "toId": "^all"
}
============================================================
{
  "from": 164906676,
  "to": 4294967295,
  "decoded": {
    "portnum": "TELEMETRY_APP",
    "payload": "b'\\r\\x8c\\xb9\\x00\\x00\\x12\\x15\\x08e\\x15\\xf0\\xa7\\x92@\\x1d\\x00\\x00\\x00\\x00%\\x00\\x00\\x00\\x00(\\xce\\xf2\\x02'",
    "telemetry": {
      "time": 47500,
      "deviceMetrics": {
        "batteryLevel": 101,
        "voltage": 4.583,
        "channelUtilization": 0.0,
        "airUtilTx": 0.0,
        "uptimeSeconds": 47438
      },
      "raw": "time: 47500\ndevice_metrics {\n  battery_level: 101\n  voltage: 4.583\n  channel_utilization: 0\n  air_util_tx: 0\n  uptime_seconds: 47438\n}\n"
    }
  },
  "id": 391471514,
  "hopLimit": 3,
  "priority": "BACKGROUND",
  "raw": "from: 164906676\nto: 4294967295\ndecoded {\n  portnum: TELEMETRY_APP\n  payload: \"\\r\\214\\271\\000\\000\\022\\025\\010e\\025\\360\\247\\222@\\035\\000\\000\\000\\000%\\000\\000\\000\\000(\\316\\362\\002\"\n}\nid: 391471514\nhop_limit: 3\npriority: BACKGROUND\n",
  "fromId": "!09d446b4",
  "toId": "^all"
}
============================================================
{
  "from": 164906676,
  "to": 4294967295,
  "decoded": {
    "portnum": "TELEMETRY_APP",
    "payload": "b'\\r\\xc8\\xb9\\x00\\x00\\x12\\x15\\x08e\\x15\\xbct\\x93@\\x1d\\x00\\x00\\x00\\x00%\\x00\\x00\\x00\\x00(\\x8a\\xf3\\x02'",
    "telemetry": {
      "time": 47560,
      "deviceMetrics": {
        "batteryLevel": 101,
        "voltage": 4.608,
        "channelUtilization": 0.0,
        "airUtilTx": 0.0,
        "uptimeSeconds": 47498
      },
      "raw": "time: 47560\ndevice_metrics {\n  battery_level: 101\n  voltage: 4.608\n  channel_utilization: 0\n  air_util_tx: 0\n  uptime_seconds: 47498\n}\n"
    }
  },
  "id": 3622364571,
  "hopLimit": 3,
  "priority": "BACKGROUND",
  "raw": "from: 164906676\nto: 4294967295\ndecoded {\n  portnum: TELEMETRY_APP\n  payload: \"\\r\\310\\271\\000\\000\\022\\025\\010e\\025\\274t\\223@\\035\\000\\000\\000\\000%\\000\\000\\000\\000(\\212\\363\\002\"\n}\nid: 3622364571\nhop_limit: 3\npriority: BACKGROUND\n",
  "fromId": "!09d446b4",
  "toId": "^all"
}
============================================================
{
  "from": 164906676,
  "to": 4294967295,
  "decoded": {
    "portnum": "TELEMETRY_APP",
    "payload": "b'\\r\\x04\\xba\\x00\\x00\\x12\\x15\\x08e\\x15\\xac\\x1c\\x92@\\x1d\\x00\\x00\\x00\\x00%\\x00\\x00\\x00\\x00(\\xc6\\xf3\\x02'",
    "telemetry": {
      "time": 47620,
      "deviceMetrics": {
        "batteryLevel": 101,
        "voltage": 4.566,
        "channelUtilization": 0.0,
        "airUtilTx": 0.0,
        "uptimeSeconds": 47558
      },
      "raw": "time: 47620\ndevice_metrics {\n  battery_level: 101\n  voltage: 4.566\n  channel_utilization: 0\n  air_util_tx: 0\n  uptime_seconds: 47558\n}\n"
    }
  },
  "id": 1344080284,
  "hopLimit": 3,
  "priority": "BACKGROUND",
  "raw": "from: 164906676\nto: 4294967295\ndecoded {\n  portnum: TELEMETRY_APP\n  payload: \"\\r\\004\\272\\000\\000\\022\\025\\010e\\025\\254\\034\\222@\\035\\000\\000\\000\\000%\\000\\000\\000\\000(\\306\\363\\002\"\n}\nid: 1344080284\nhop_limit: 3\npriority: BACKGROUND\n",
  "fromId": "!09d446b4",
  "toId": "^all"
}
============================================================
{
  "from": 164906676,
  "to": 4294967295,
  "decoded": {
    "portnum": "TELEMETRY_APP",
    "payload": "b'\\r@\\xba\\x00\\x00\\x12\\x15\\x08e\\x15\\xf0\\xa7\\x92@\\x1d\\x00\\x00\\x00\\x00%\\x00\\x00\\x00\\x00(\\x82\\xf4\\x02'",
    "telemetry": {
      "time": 47680,
      "deviceMetrics": {
        "batteryLevel": 101,
        "voltage": 4.583,
        "channelUtilization": 0.0,
        "airUtilTx": 0.0,
        "uptimeSeconds": 47618
      },
      "raw": "time: 47680\ndevice_metrics {\n  battery_level: 101\n  voltage: 4.583\n  channel_utilization: 0\n  air_util_tx: 0\n  uptime_seconds: 47618\n}\n"
    }
  },
  "id": 587696541,
  "hopLimit": 3,
  "priority": "BACKGROUND",
  "raw": "from: 164906676\nto: 4294967295\ndecoded {\n  portnum: TELEMETRY_APP\n  payload: \"\\r@\\272\\000\\000\\022\\025\\010e\\025\\360\\247\\222@\\035\\000\\000\\000\\000%\\000\\000\\000\\000(\\202\\364\\002\"\n}\nid: 587696541\nhop_limit: 3\npriority: BACKGROUND\n",
  "fromId": "!09d446b4",
  "toId": "^all"
}
============================================================
{
  "from": 164906676,
  "to": 4294967295,
  "decoded": {
    "portnum": "TELEMETRY_APP",
    "payload": "b'\\r|\\xba\\x00\\x00\\x12\\x15\\x08e\\x15\\xf0\\xa7\\x92@\\x1d\\x00\\x00\\x00\\x00%\\x00\\x00\\x00\\x00(\\xbe\\xf4\\x02'",
    "telemetry": {
      "time": 47740,
      "deviceMetrics": {
        "batteryLevel": 101,
        "voltage": 4.583,
        "channelUtilization": 0.0,
        "airUtilTx": 0.0,
        "uptimeSeconds": 47678
      },
      "raw": "time: 47740\ndevice_metrics {\n  battery_level: 101\n  voltage: 4.583\n  channel_utilization: 0\n  air_util_tx: 0\n  uptime_seconds: 47678\n}\n"
    }
  },
  "id": 1638249886,
  "hopLimit": 3,
  "priority": "BACKGROUND",
  "raw": "from: 164906676\nto: 4294967295\ndecoded {\n  portnum: TELEMETRY_APP\n  payload: \"\\r|\\272\\000\\000\\022\\025\\010e\\025\\360\\247\\222@\\035\\000\\000\\000\\000%\\000\\000\\000\\000(\\276\\364\\002\"\n}\nid: 1638249886\nhop_limit: 3\npriority: BACKGROUND\n",
  "fromId": "!09d446b4",
  "toId": "^all"
}
============================================================
{
  "from": 164906676,
  "to": 4294967295,
  "decoded": {
    "portnum": "TELEMETRY_APP",
    "payload": "b'\\r\\xb8\\xba\\x00\\x00\\x12\\x15\\x08e\\x15j\\xbc\\x94@\\x1d\\x00\\x00\\x00\\x00%\\x00\\x00\\x00\\x00(\\xfa\\xf4\\x02'",
    "telemetry": {
      "time": 47800,
      "deviceMetrics": {
        "batteryLevel": 101,
        "voltage": 4.648,
        "channelUtilization": 0.0,
        "airUtilTx": 0.0,
        "uptimeSeconds": 47738
      },
      "raw": "time: 47800\ndevice_metrics {\n  battery_level: 101\n  voltage: 4.648\n  channel_utilization: 0\n  air_util_tx: 0\n  uptime_seconds: 47738\n}\n"
    }
  },
  "id": 261434783,
  "hopLimit": 3,
  "priority": "BACKGROUND",
  "raw": "from: 164906676\nto: 4294967295\ndecoded {\n  portnum: TELEMETRY_APP\n  payload: \"\\r\\270\\272\\000\\000\\022\\025\\010e\\025j\\274\\224@\\035\\000\\000\\000\\000%\\000\\000\\000\\000(\\372\\364\\002\"\n}\nid: 261434783\nhop_limit: 3\npriority: BACKGROUND\n",
  "fromId": "!09d446b4",
  "toId": "^all"
}
============================================================
{
  "from": 164906676,
  "to": 4294967295,
  "decoded": {
    "portnum": "TELEMETRY_APP",
    "payload": "b'\\r\\xf4\\xba\\x00\\x00\\x12\\x15\\x08e\\x15y\\xe9\\x92@\\x1d\\x00\\x00\\x00\\x00%\\x00\\x00\\x00\\x00(\\xb6\\xf5\\x02'",
    "telemetry": {
      "time": 47860,
      "deviceMetrics": {
        "batteryLevel": 101,
        "voltage": 4.591,
        "channelUtilization": 0.0,
        "airUtilTx": 0.0,
        "uptimeSeconds": 47798
      },
      "raw": "time: 47860\ndevice_metrics {\n  battery_level: 101\n  voltage: 4.591\n  channel_utilization: 0\n  air_util_tx: 0\n  uptime_seconds: 47798\n}\n"
    }
  },
  "id": 3480202656,
  "hopLimit": 3,
  "priority": "BACKGROUND",
  "raw": "from: 164906676\nto: 4294967295\ndecoded {\n  portnum: TELEMETRY_APP\n  payload: \"\\r\\364\\272\\000\\000\\022\\025\\010e\\025y\\351\\222@\\035\\000\\000\\000\\000%\\000\\000\\000\\000(\\266\\365\\002\"\n}\nid: 3480202656\nhop_limit: 3\npriority: BACKGROUND\n",
  "fromId": "!09d446b4",
  "toId": "^all"
}
============================================================
{
  "from": 164906676,
  "to": 4294967295,
  "decoded": {
    "portnum": "TELEMETRY_APP",
    "payload": "b'\\r\\xf5\\xba\\x00\\x002\\x1f\\x08\\xb6\\xf5\\x02 \\x04(\\x040\\x04@\\x01`\\x90\\x99\\x0fh\\xd0\\xcf\\x04x\\x9c\\xff\\xff\\xff\\xff\\xff\\xff\\xff\\xff\\x01'",
    "telemetry": {
      "time": 47861,
      "localStats": {
        "uptimeSeconds": 47798,
        "numPacketsTx": 4,
        "numPacketsRx": 4,
        "numPacketsRxBad": 4,
        "numTotalNodes": 1,
        "heapTotalBytes": 248976,
        "heapFreeBytes": 75728,
        "noiseFloor": -100
      },
      "raw": "time: 47861\nlocal_stats {\n  uptime_seconds: 47798\n  num_packets_tx: 4\n  num_packets_rx: 4\n  num_packets_rx_bad: 4\n  num_total_nodes: 1\n  heap_total_bytes: 248976\n  heap_free_bytes: 75728\n  noise_floor: -100\n}\n"
    }
  },
  "id": 2812811681,
  "hopLimit": 3,
  "priority": "BACKGROUND",
  "raw": "from: 164906676\nto: 4294967295\ndecoded {\n  portnum: TELEMETRY_APP\n  payload: \"\\r\\365\\272\\000\\0002\\037\\010\\266\\365\\002 \\004(\\0040\\004@\\001`\\220\\231\\017h\\320\\317\\004x\\234\\377\\377\\377\\377\\377\\377\\377\\377\\001\"\n}\nid: 2812811681\nhop_limit: 3\npriority: BACKGROUND\n",
  "fromId": "!09d446b4",
  "toId": "^all"
}
============================================================
{
  "from": 164906676,
  "to": 4294967295,
  "decoded": {
    "portnum": "TELEMETRY_APP",
    "payload": "b'\\r1\\xbb\\x00\\x00\\x12\\x15\\x08e\\x15ff\\x92@\\x1d\\x00\\x00\\x00\\x00%\\x00\\x00\\x00\\x00(\\xf2\\xf5\\x02'",
    "telemetry": {
      "time": 47921,
      "deviceMetrics": {
        "batteryLevel": 101,
        "voltage": 4.575,
        "channelUtilization": 0.0,
        "airUtilTx": 0.0,
        "uptimeSeconds": 47858
      },
      "raw": "time: 47921\ndevice_metrics {\n  battery_level: 101\n  voltage: 4.575\n  channel_utilization: 0\n  air_util_tx: 0\n  uptime_seconds: 47858\n}\n"
    }
  },
  "id": 4106633634,
  "hopLimit": 3,
  "priority": "BACKGROUND",
  "raw": "from: 164906676\nto: 4294967295\ndecoded {\n  portnum: TELEMETRY_APP\n  payload: \"\\r1\\273\\000\\000\\022\\025\\010e\\025ff\\222@\\035\\000\\000\\000\\000%\\000\\000\\000\\000(\\362\\365\\002\"\n}\nid: 4106633634\nhop_limit: 3\npriority: BACKGROUND\n",
  "fromId": "!09d446b4",
  "toId": "^all"
}
============================================================
{
  "from": 164906676,
  "to": 4294967295,
  "decoded": {
    "portnum": "TELEMETRY_APP",
    "payload": "b'\\rm\\xbb\\x00\\x00\\x12\\x15\\x08e\\x15\\x98n\\x92@\\x1d\\x00\\x00\\x00\\x00%\\x00\\x00\\x00\\x00(\\xaf\\xf6\\x02'",
    "telemetry": {
      "time": 47981,
      "deviceMetrics": {
        "batteryLevel": 101,
        "voltage": 4.576,
        "channelUtilization": 0.0,
        "airUtilTx": 0.0,
        "uptimeSeconds": 47919
      },
      "raw": "time: 47981\ndevice_metrics {\n  battery_level: 101\n  voltage: 4.576\n  channel_utilization: 0\n  air_util_tx: 0\n  uptime_seconds: 47919\n}\n"
    }
  },
  "id": 1720852899,
  "hopLimit": 3,
  "priority": "BACKGROUND",
  "raw": "from: 164906676\nto: 4294967295\ndecoded {\n  portnum: TELEMETRY_APP\n  payload: \"\\rm\\273\\000\\000\\022\\025\\010e\\025\\230n\\222@\\035\\000\\000\\000\\000%\\000\\000\\000\\000(\\257\\366\\002\"\n}\nid: 1720852899\nhop_limit: 3\npriority: BACKGROUND\n",
  "fromId": "!09d446b4",
  "toId": "^all"
}
============================================================
{
  "from": 164906676,
  "to": 4294967295,
  "decoded": {
    "portnum": "TELEMETRY_APP",
    "payload": "b'\\r\\xa9\\xbb\\x00\\x00\\x12\\x15\\x08e\\x15\\xa2E\\x92@\\x1d\\x00\\x00\\x00\\x00%\\x00\\x00\\x00\\x00(\\xeb\\xf6\\x02'",
    "telemetry": {
      "time": 48041,
      "deviceMetrics": {
        "batteryLevel": 101,
        "voltage": 4.571,
        "channelUtilization": 0.0,
        "airUtilTx": 0.0,
        "uptimeSeconds": 47979
      },
      "raw": "time: 48041\ndevice_metrics {\n  battery_level: 101\n  voltage: 4.571\n  channel_utilization: 0\n  air_util_tx: 0\n  uptime_seconds: 47979\n}\n"
    }
  },
  "id": 310159780,
  "hopLimit": 3,
  "priority": "BACKGROUND",
  "raw": "from: 164906676\nto: 4294967295\ndecoded {\n  portnum: TELEMETRY_APP\n  payload: \"\\r\\251\\273\\000\\000\\022\\025\\010e\\025\\242E\\222@\\035\\000\\000\\000\\000%\\000\\000\\000\\000(\\353\\366\\002\"\n}\nid: 310159780\nhop_limit: 3\npriority: BACKGROUND\n",
  "fromId": "!09d446b4",
  "toId": "^all"
}
============================================================
{
  "from": 164906676,
  "to": 4294967295,
  "decoded": {
    "portnum": "TELEMETRY_APP",
    "payload": "b'\\r\\xe5\\xbb\\x00\\x00\\x12\\x15\\x08e\\x15\\xac\\x1c\\x92@\\x1d\\x00\\x00\\x00\\x00%\\x00\\x00\\x00\\x00(\\xa7\\xf7\\x02'",
    "telemetry": {
      "time": 48101,
      "deviceMetrics": {
        "batteryLevel": 101,
        "voltage": 4.566,
        "channelUtilization": 0.0,
        "airUtilTx": 0.0,
        "uptimeSeconds": 48039
      },
      "raw": "time: 48101\ndevice_metrics {\n  battery_level: 101\n  voltage: 4.566\n  channel_utilization: 0\n  air_util_tx: 0\n  uptime_seconds: 48039\n}\n"
    }
  },
  "id": 4131117477,
  "hopLimit": 3,
  "priority": "BACKGROUND",
  "raw": "from: 164906676\nto: 4294967295\ndecoded {\n  portnum: TELEMETRY_APP\n  payload: \"\\r\\345\\273\\000\\000\\022\\025\\010e\\025\\254\\034\\222@\\035\\000\\000\\000\\000%\\000\\000\\000\\000(\\247\\367\\002\"\n}\nid: 4131117477\nhop_limit: 3\npriority: BACKGROUND\n",
  "fromId": "!09d446b4",
  "toId": "^all"
}
============================================================
{
  "from": 164906676,
  "to": 4294967295,
  "decoded": {
    "portnum": "TELEMETRY_APP",
    "payload": "b'\\r!\\xbc\\x00\\x00\\x12\\x15\\x08e\\x15J\\x0c\\x92@\\x1d\\x00\\x00\\x00\\x00%\\x00\\x00\\x00\\x00(\\xe3\\xf7\\x02'",
    "telemetry": {
      "time": 48161,
      "deviceMetrics": {
        "batteryLevel": 101,
        "voltage": 4.564,
        "channelUtilization": 0.0,
        "airUtilTx": 0.0,
        "uptimeSeconds": 48099
      },
      "raw": "time: 48161\ndevice_metrics {\n  battery_level: 101\n  voltage: 4.564\n  channel_utilization: 0\n  air_util_tx: 0\n  uptime_seconds: 48099\n}\n"
    }
  },
  "id": 503599526,
  "hopLimit": 3,
  "priority": "BACKGROUND",
  "raw": "from: 164906676\nto: 4294967295\ndecoded {\n  portnum: TELEMETRY_APP\n  payload: \"\\r!\\274\\000\\000\\022\\025\\010e\\025J\\014\\222@\\035\\000\\000\\000\\000%\\000\\000\\000\\000(\\343\\367\\002\"\n}\nid: 503599526\nhop_limit: 3\npriority: BACKGROUND\n",
  "fromId": "!09d446b4",
  "toId": "^all"
}
============================================================
{
  "from": 164906676,
  "to": 4294967295,
  "decoded": {
    "portnum": "TELEMETRY_APP",
    "payload": "b'\\r]\\xbc\\x00\\x00\\x12\\x15\\x08e\\x15?5\\x92@\\x1d\\x00\\x00\\x00\\x00%\\x00\\x00\\x00\\x00(\\x9f\\xf8\\x02'",
    "telemetry": {
      "time": 48221,
      "deviceMetrics": {
        "batteryLevel": 101,
        "voltage": 4.569,
        "channelUtilization": 0.0,
        "airUtilTx": 0.0,
        "uptimeSeconds": 48159
      },
      "raw": "time: 48221\ndevice_metrics {\n  battery_level: 101\n  voltage: 4.569\n  channel_utilization: 0\n  air_util_tx: 0\n  uptime_seconds: 48159\n}\n"
    }
  },
  "id": 3064504743,
  "hopLimit": 3,
  "priority": "BACKGROUND",
  "raw": "from: 164906676\nto: 4294967295\ndecoded {\n  portnum: TELEMETRY_APP\n  payload: \"\\r]\\274\\000\\000\\022\\025\\010e\\025?5\\222@\\035\\000\\000\\000\\000%\\000\\000\\000\\000(\\237\\370\\002\"\n}\nid: 3064504743\nhop_limit: 3\npriority: BACKGROUND\n",
  "fromId": "!09d446b4",
  "toId": "^all"
}
============================================================
{
  "from": 164906676,
  "to": 4294967295,
  "decoded": {
    "portnum": "TELEMETRY_APP",
    "payload": "b'\\r\\x99\\xbc\\x00\\x00\\x12\\x15\\x08e\\x15m\\xe7\\x93@\\x1d\\x00\\x00\\x00\\x00%\\x00\\x00\\x00\\x00(\\xdb\\xf8\\x02'",
    "telemetry": {
      "time": 48281,
      "deviceMetrics": {
        "batteryLevel": 101,
        "voltage": 4.622,
        "channelUtilization": 0.0,
        "airUtilTx": 0.0,
        "uptimeSeconds": 48219
      },
      "raw": "time: 48281\ndevice_metrics {\n  battery_level: 101\n  voltage: 4.622\n  channel_utilization: 0\n  air_util_tx: 0\n  uptime_seconds: 48219\n}\n"
    }
  },
  "id": 3166589352,
  "hopLimit": 3,
  "priority": "BACKGROUND",
  "raw": "from: 164906676\nto: 4294967295\ndecoded {\n  portnum: TELEMETRY_APP\n  payload: \"\\r\\231\\274\\000\\000\\022\\025\\010e\\025m\\347\\223@\\035\\000\\000\\000\\000%\\000\\000\\000\\000(\\333\\370\\002\"\n}\nid: 3166589352\nhop_limit: 3\npriority: BACKGROUND\n",
  "fromId": "!09d446b4",
  "toId": "^all"
}
============================================================
{
  "from": 164906676,
  "to": 4294967295,
  "decoded": {
    "portnum": "TELEMETRY_APP",
    "payload": "b'\\r\\xd5\\xbc\\x00\\x00\\x12\\x15\\x08e\\x15\\xd5x\\x91@\\x1d\\x00\\x00\\x00\\x00%\\x00\\x00\\x00\\x00(\\x97\\xf9\\x02'",
    "telemetry": {
      "time": 48341,
      "deviceMetrics": {
        "batteryLevel": 101,
        "voltage": 4.546,
        "channelUtilization": 0.0,
        "airUtilTx": 0.0,
        "uptimeSeconds": 48279
      },
      "raw": "time: 48341\ndevice_metrics {\n  battery_level: 101\n  voltage: 4.546\n  channel_utilization: 0\n  air_util_tx: 0\n  uptime_seconds: 48279\n}\n"
    }
  },
  "id": 2090590633,
  "hopLimit": 3,
  "priority": "BACKGROUND",
  "raw": "from: 164906676\nto: 4294967295\ndecoded {\n  portnum: TELEMETRY_APP\n  payload: \"\\r\\325\\274\\000\\000\\022\\025\\010e\\025\\325x\\221@\\035\\000\\000\\000\\000%\\000\\000\\000\\000(\\227\\371\\002\"\n}\nid: 2090590633\nhop_limit: 3\npriority: BACKGROUND\n",
  "fromId": "!09d446b4",
  "toId": "^all"
}
============================================================
{
  "from": 164906676,
  "to": 4294967295,
  "decoded": {
    "portnum": "TELEMETRY_APP",
    "payload": "b'\\r\\x11\\xbd\\x00\\x00\\x12\\x15\\x08e\\x15#\\xdb\\x91@\\x1d\\x00\\x00\\x00\\x00%\\x00\\x00\\x00\\x00(\\xd3\\xf9\\x02'",
    "telemetry": {
      "time": 48401,
      "deviceMetrics": {
        "batteryLevel": 101,
        "voltage": 4.558,
        "channelUtilization": 0.0,
        "airUtilTx": 0.0,
        "uptimeSeconds": 48339
      },
      "raw": "time: 48401\ndevice_metrics {\n  battery_level: 101\n  voltage: 4.558\n  channel_utilization: 0\n  air_util_tx: 0\n  uptime_seconds: 48339\n}\n"
    }
  },
  "id": 2756200874,
  "hopLimit": 3,
  "priority": "BACKGROUND",
  "raw": "from: 164906676\nto: 4294967295\ndecoded {\n  portnum: TELEMETRY_APP\n  payload: \"\\r\\021\\275\\000\\000\\022\\025\\010e\\025#\\333\\221@\\035\\000\\000\\000\\000%\\000\\000\\000\\000(\\323\\371\\002\"\n}\nid: 2756200874\nhop_limit: 3\npriority: BACKGROUND\n",
  "fromId": "!09d446b4",
  "toId": "^all"
}
============================================================
{
  "from": 164906676,
  "to": 4294967295,
  "decoded": {
    "portnum": "TELEMETRY_APP",
    "payload": "b'\\rM\\xbd\\x00\\x00\\x12\\x15\\x08e\\x15\\n\\xd7\\x93@\\x1d\\x00\\x00\\x00\\x00%\\x00\\x00\\x00\\x00(\\x8f\\xfa\\x02'",
    "telemetry": {
      "time": 48461,
      "deviceMetrics": {
        "batteryLevel": 101,
        "voltage": 4.62,
        "channelUtilization": 0.0,
        "airUtilTx": 0.0,
        "uptimeSeconds": 48399
      },
      "raw": "time: 48461\ndevice_metrics {\n  battery_level: 101\n  voltage: 4.62\n  channel_utilization: 0\n  air_util_tx: 0\n  uptime_seconds: 48399\n}\n"
    }
  },
  "id": 2294184363,
  "hopLimit": 3,
  "priority": "BACKGROUND",
  "raw": "from: 164906676\nto: 4294967295\ndecoded {\n  portnum: TELEMETRY_APP\n  payload: \"\\rM\\275\\000\\000\\022\\025\\010e\\025\\n\\327\\223@\\035\\000\\000\\000\\000%\\000\\000\\000\\000(\\217\\372\\002\"\n}\nid: 2294184363\nhop_limit: 3\npriority: BACKGROUND\n",
  "fromId": "!09d446b4",
  "toId": "^all"
}
============================================================
{
  "from": 164906676,
  "to": 4294967295,
  "decoded": {
    "portnum": "TELEMETRY_APP",
    "payload": "b'\\r\\x89\\xbd\\x00\\x00\\x12\\x15\\x08e\\x15J\\x0c\\x92@\\x1d\\x00\\x00\\x00\\x00%\\x00\\x00\\x00\\x00(\\xcb\\xfa\\x02'",
    "telemetry": {
      "time": 48521,
      "deviceMetrics": {
        "batteryLevel": 101,
        "voltage": 4.564,
        "channelUtilization": 0.0,
        "airUtilTx": 0.0,
        "uptimeSeconds": 48459
      },
      "raw": "time: 48521\ndevice_metrics {\n  battery_level: 101\n  voltage: 4.564\n  channel_utilization: 0\n  air_util_tx: 0\n  uptime_seconds: 48459\n}\n"
    }
  },
  "id": 384444844,
  "hopLimit": 3,
  "priority": "BACKGROUND",
  "raw": "from: 164906676\nto: 4294967295\ndecoded {\n  portnum: TELEMETRY_APP\n  payload: \"\\r\\211\\275\\000\\000\\022\\025\\010e\\025J\\014\\222@\\035\\000\\000\\000\\000%\\000\\000\\000\\000(\\313\\372\\002\"\n}\nid: 384444844\nhop_limit: 3\npriority: BACKGROUND\n",
  "fromId": "!09d446b4",
  "toId": "^all"
}
============================================================
{
  "from": 164906676,
  "to": 4294967295,
  "decoded": {
    "portnum": "TELEMETRY_APP",
    "payload": "b'\\r\\xc5\\xbd\\x00\\x00\\x12\\x15\\x08e\\x15\\x02+\\x93@\\x1d\\x00\\x00\\x00\\x00%\\x00\\x00\\x00\\x00(\\x87\\xfb\\x02'",
    "telemetry": {
      "time": 48581,
      "deviceMetrics": {
        "batteryLevel": 101,
        "voltage": 4.599,
        "channelUtilization": 0.0,
        "airUtilTx": 0.0,
        "uptimeSeconds": 48519
      },
      "raw": "time: 48581\ndevice_metrics {\n  battery_level: 101\n  voltage: 4.599\n  channel_utilization: 0\n  air_util_tx: 0\n  uptime_seconds: 48519\n}\n"
    }
  },
  "id": 2287020461,
  "hopLimit": 3,
  "priority": "BACKGROUND",
  "raw": "from: 164906676\nto: 4294967295\ndecoded {\n  portnum: TELEMETRY_APP\n  payload: \"\\r\\305\\275\\000\\000\\022\\025\\010e\\025\\002+\\223@\\035\\000\\000\\000\\000%\\000\\000\\000\\000(\\207\\373\\002\"\n}\nid: 2287020461\nhop_limit: 3\npriority: BACKGROUND\n",
  "fromId": "!09d446b4",
  "toId": "^all"
}
============================================================
{
  "from": 164906676,
  "to": 4294967295,
  "decoded": {
    "portnum": "TELEMETRY_APP",
    "payload": "b'\\r\\x01\\xbe\\x00\\x00\\x12\\x15\\x08e\\x151\\x08\\x94@\\x1d\\x00\\x00\\x00\\x00%\\x00\\x00\\x00\\x00(\\xc3\\xfb\\x02'",
    "telemetry": {
      "time": 48641,
      "deviceMetrics": {
        "batteryLevel": 101,
        "voltage": 4.626,
        "channelUtilization": 0.0,
        "airUtilTx": 0.0,
        "uptimeSeconds": 48579
      },
      "raw": "time: 48641\ndevice_metrics {\n  battery_level: 101\n  voltage: 4.626\n  channel_utilization: 0\n  air_util_tx: 0\n  uptime_seconds: 48579\n}\n"
    }
  },
  "id": 1731108270,
  "hopLimit": 3,
  "priority": "BACKGROUND",
  "raw": "from: 164906676\nto: 4294967295\ndecoded {\n  portnum: TELEMETRY_APP\n  payload: \"\\r\\001\\276\\000\\000\\022\\025\\010e\\0251\\010\\224@\\035\\000\\000\\000\\000%\\000\\000\\000\\000(\\303\\373\\002\"\n}\nid: 1731108270\nhop_limit: 3\npriority: BACKGROUND\n",
  "fromId": "!09d446b4",
  "toId": "^all"
}
============================================================
{
  "from": 164906676,
  "to": 4294967295,
  "decoded": {
    "portnum": "TELEMETRY_APP",
    "payload": "b'\\r=\\xbe\\x00\\x00\\x12\\x15\\x08e\\x15?5\\x92@\\x1d\\x00\\x00\\x00\\x00%\\x00\\x00\\x00\\x00(\\xff\\xfb\\x02'",
    "telemetry": {
      "time": 48701,
      "deviceMetrics": {
        "batteryLevel": 101,
        "voltage": 4.569,
        "channelUtilization": 0.0,
        "airUtilTx": 0.0,
        "uptimeSeconds": 48639
      },
      "raw": "time: 48701\ndevice_metrics {\n  battery_level: 101\n  voltage: 4.569\n  channel_utilization: 0\n  air_util_tx: 0\n  uptime_seconds: 48639\n}\n"
    }
  },
  "id": 1528027567,
  "hopLimit": 3,
  "priority": "BACKGROUND",
  "raw": "from: 164906676\nto: 4294967295\ndecoded {\n  portnum: TELEMETRY_APP\n  payload: \"\\r=\\276\\000\\000\\022\\025\\010e\\025?5\\222@\\035\\000\\000\\000\\000%\\000\\000\\000\\000(\\377\\373\\002\"\n}\nid: 1528027567\nhop_limit: 3\npriority: BACKGROUND\n",
  "fromId": "!09d446b4",
  "toId": "^all"
}
============================================================
{
  "from": 164906676,
  "to": 4294967295,
  "decoded": {
    "portnum": "TELEMETRY_APP",
    "payload": "b'\\ry\\xbe\\x00\\x00\\x12\\x15\\x08e\\x15\\x93\\x18\\x94@\\x1d\\x00\\x00\\x00\\x00%\\x00\\x00\\x00\\x00(\\xbb\\xfc\\x02'",
    "telemetry": {
      "time": 48761,
      "deviceMetrics": {
        "batteryLevel": 101,
        "voltage": 4.628,
        "channelUtilization": 0.0,
        "airUtilTx": 0.0,
        "uptimeSeconds": 48699
      },
      "raw": "time: 48761\ndevice_metrics {\n  battery_level: 101\n  voltage: 4.628\n  channel_utilization: 0\n  air_util_tx: 0\n  uptime_seconds: 48699\n}\n"
    }
  },
  "id": 4246608304,
  "hopLimit": 3,
  "priority": "BACKGROUND",
  "raw": "from: 164906676\nto: 4294967295\ndecoded {\n  portnum: TELEMETRY_APP\n  payload: \"\\ry\\276\\000\\000\\022\\025\\010e\\025\\223\\030\\224@\\035\\000\\000\\000\\000%\\000\\000\\000\\000(\\273\\374\\002\"\n}\nid: 4246608304\nhop_limit: 3\npriority: BACKGROUND\n",
  "fromId": "!09d446b4",
  "toId": "^all"
}
============================================================
{
  "from": 164906676,
  "to": 4294967295,
  "decoded": {
    "portnum": "TELEMETRY_APP",
    "payload": "b'\\ry\\xbe\\x00\\x002\\x1f\\x08\\xbb\\xfc\\x02 \\x04(\\x040\\x04@\\x01`\\x90\\x99\\x0fh\\xd0\\xcf\\x04x\\x9c\\xff\\xff\\xff\\xff\\xff\\xff\\xff\\xff\\x01'",
    "telemetry": {
      "time": 48761,
      "localStats": {
        "uptimeSeconds": 48699,
        "numPacketsTx": 4,
        "numPacketsRx": 4,
        "numPacketsRxBad": 4,
        "numTotalNodes": 1,
        "heapTotalBytes": 248976,
        "heapFreeBytes": 75728,
        "noiseFloor": -100
      },
      "raw": "time: 48761\nlocal_stats {\n  uptime_seconds: 48699\n  num_packets_tx: 4\n  num_packets_rx: 4\n  num_packets_rx_bad: 4\n  num_total_nodes: 1\n  heap_total_bytes: 248976\n  heap_free_bytes: 75728\n  noise_floor: -100\n}\n"
    }
  },
  "id": 205907377,
  "hopLimit": 3,
  "priority": "BACKGROUND",
  "raw": "from: 164906676\nto: 4294967295\ndecoded {\n  portnum: TELEMETRY_APP\n  payload: \"\\ry\\276\\000\\0002\\037\\010\\273\\374\\002 \\004(\\0040\\004@\\001`\\220\\231\\017h\\320\\317\\004x\\234\\377\\377\\377\\377\\377\\377\\377\\377\\001\"\n}\nid: 205907377\nhop_limit: 3\npriority: BACKGROUND\n",
  "fromId": "!09d446b4",
  "toId": "^all"
}
============================================================
{
  "from": 164906676,
  "to": 4294967295,
  "decoded": {
    "portnum": "TELEMETRY_APP",
    "payload": "b'\\r\\xb5\\xbe\\x00\\x00\\x12\\x15\\x08e\\x15\\x98n\\x92@\\x1d\\x00\\x00\\x00\\x00%\\x00\\x00\\x00\\x00(\\xf7\\xfc\\x02'",
    "telemetry": {
      "time": 48821,
      "deviceMetrics": {
        "batteryLevel": 101,
        "voltage": 4.576,
        "channelUtilization": 0.0,
        "airUtilTx": 0.0,
        "uptimeSeconds": 48759
      },
      "raw": "time: 48821\ndevice_metrics {\n  battery_level: 101\n  voltage: 4.576\n  channel_utilization: 0\n  air_util_tx: 0\n  uptime_seconds: 48759\n}\n"
    }
  },
  "id": 1505098162,
  "hopLimit": 3,
  "priority": "BACKGROUND",
  "raw": "from: 164906676\nto: 4294967295\ndecoded {\n  portnum: TELEMETRY_APP\n  payload: \"\\r\\265\\276\\000\\000\\022\\025\\010e\\025\\230n\\222@\\035\\000\\000\\000\\000%\\000\\000\\000\\000(\\367\\374\\002\"\n}\nid: 1505098162\nhop_limit: 3\npriority: BACKGROUND\n",
  "fromId": "!09d446b4",
  "toId": "^all"
}
============================================================
{
  "from": 164906676,
  "to": 4294967295,
  "decoded": {
    "portnum": "TELEMETRY_APP",
    "payload": "b'\\r\\xf1\\xbe\\x00\\x00\\x12\\x15\\x08e\\x15\\xe3\\xa5\\x93@\\x1d\\x00\\x00\\x00\\x00%\\x00\\x00\\x00\\x00(\\xb3\\xfd\\x02'",
    "telemetry": {
      "time": 48881,
      "deviceMetrics": {
        "batteryLevel": 101,
        "voltage": 4.614,
        "channelUtilization": 0.0,
        "airUtilTx": 0.0,
        "uptimeSeconds": 48819
      },
      "raw": "time: 48881\ndevice_metrics {\n  battery_level: 101\n  voltage: 4.614\n  channel_utilization: 0\n  air_util_tx: 0\n  uptime_seconds: 48819\n}\n"
    }
  },
  "id": 2713520563,
  "hopLimit": 3,
  "priority": "BACKGROUND",
  "raw": "from: 164906676\nto: 4294967295\ndecoded {\n  portnum: TELEMETRY_APP\n  payload: \"\\r\\361\\276\\000\\000\\022\\025\\010e\\025\\343\\245\\223@\\035\\000\\000\\000\\000%\\000\\000\\000\\000(\\263\\375\\002\"\n}\nid: 2713520563\nhop_limit: 3\npriority: BACKGROUND\n",
  "fromId": "!09d446b4",
  "toId": "^all"
}
============================================================
{
  "from": 164906676,
  "to": 4294967295,
  "decoded": {
    "portnum": "TELEMETRY_APP",
    "payload": "b'\\r-\\xbf\\x00\\x00\\x12\\x15\\x08e\\x15\\x00\\x00\\x94@\\x1d\\x00\\x00\\x00\\x00%\\x00\\x00\\x00\\x00(\\xef\\xfd\\x02'",
    "telemetry": {
      "time": 48941,
      "deviceMetrics": {
        "batteryLevel": 101,
        "voltage": 4.625,
        "channelUtilization": 0.0,
        "airUtilTx": 0.0,
        "uptimeSeconds": 48879
      },
      "raw": "time: 48941\ndevice_metrics {\n  battery_level: 101\n  voltage: 4.625\n  channel_utilization: 0\n  air_util_tx: 0\n  uptime_seconds: 48879\n}\n"
    }
  },
  "id": 458447284,
  "hopLimit": 3,
  "priority": "BACKGROUND",
  "raw": "from: 164906676\nto: 4294967295\ndecoded {\n  portnum: TELEMETRY_APP\n  payload: \"\\r-\\277\\000\\000\\022\\025\\010e\\025\\000\\000\\224@\\035\\000\\000\\000\\000%\\000\\000\\000\\000(\\357\\375\\002\"\n}\nid: 458447284\nhop_limit: 3\npriority: BACKGROUND\n",
  "fromId": "!09d446b4",
  "toId": "^all"
}
============================================================
{
  "from": 164906676,
  "to": 4294967295,
  "decoded": {
    "portnum": "TELEMETRY_APP",
    "payload": "b'\\ri\\xbf\\x00\\x00\\x12\\x15\\x08e\\x15\\x7fj\\x94@\\x1d\\x00\\x00\\x00\\x00%\\x00\\x00\\x00\\x00(\\xab\\xfe\\x02'",
    "telemetry": {
      "time": 49001,
      "deviceMetrics": {
        "batteryLevel": 101,
        "voltage": 4.638,
        "channelUtilization": 0.0,
        "airUtilTx": 0.0,
        "uptimeSeconds": 48939
      },
      "raw": "time: 49001\ndevice_metrics {\n  battery_level: 101\n  voltage: 4.638\n  channel_utilization: 0\n  air_util_tx: 0\n  uptime_seconds: 48939\n}\n"
    }
  },
  "id": 884503989,
  "hopLimit": 3,
  "priority": "BACKGROUND",
  "raw": "from: 164906676\nto: 4294967295\ndecoded {\n  portnum: TELEMETRY_APP\n  payload: \"\\ri\\277\\000\\000\\022\\025\\010e\\025\\177j\\224@\\035\\000\\000\\000\\000%\\000\\000\\000\\000(\\253\\376\\002\"\n}\nid: 884503989\nhop_limit: 3\npriority: BACKGROUND\n",
  "fromId": "!09d446b4",
  "toId": "^all"
}
============================================================
{
  "from": 164906676,
  "to": 4294967295,
  "decoded": {
    "portnum": "TELEMETRY_APP",
    "payload": "b'\\r\\xa5\\xbf\\x00\\x00\\x12\\x15\\x08e\\x15\\x81\\x95\\x93@\\x1d\\x00\\x00\\x00\\x00%\\x00\\x00\\x00\\x00(\\xe7\\xfe\\x02'",
    "telemetry": {
      "time": 49061,
      "deviceMetrics": {
        "batteryLevel": 101,
        "voltage": 4.612,
        "channelUtilization": 0.0,
        "airUtilTx": 0.0,
        "uptimeSeconds": 48999
      },
      "raw": "time: 49061\ndevice_metrics {\n  battery_level: 101\n  voltage: 4.612\n  channel_utilization: 0\n  air_util_tx: 0\n  uptime_seconds: 48999\n}\n"
    }
  },
  "id": 2842296758,
  "hopLimit": 3,
  "priority": "BACKGROUND",
  "raw": "from: 164906676\nto: 4294967295\ndecoded {\n  portnum: TELEMETRY_APP\n  payload: \"\\r\\245\\277\\000\\000\\022\\025\\010e\\025\\201\\225\\223@\\035\\000\\000\\000\\000%\\000\\000\\000\\000(\\347\\376\\002\"\n}\nid: 2842296758\nhop_limit: 3\npriority: BACKGROUND\n",
  "fromId": "!09d446b4",
  "toId": "^all"
}
============================================================
{
  "from": 164906676,
  "to": 4294967295,
  "decoded": {
    "portnum": "TELEMETRY_APP",
    "payload": "b'\\r\\xe1\\xbf\\x00\\x00\\x12\\x15\\x08e\\x15\\x81\\x95\\x93@\\x1d\\x00\\x00\\x00\\x00%\\x00\\x00\\x00\\x00(\\xa3\\xff\\x02'",
    "telemetry": {
      "time": 49121,
      "deviceMetrics": {
        "batteryLevel": 101,
        "voltage": 4.612,
        "channelUtilization": 0.0,
        "airUtilTx": 0.0,
        "uptimeSeconds": 49059
      },
      "raw": "time: 49121\ndevice_metrics {\n  battery_level: 101\n  voltage: 4.612\n  channel_utilization: 0\n  air_util_tx: 0\n  uptime_seconds: 49059\n}\n"
    }
  },
  "id": 3940534711,
  "hopLimit": 3,
  "priority": "BACKGROUND",
  "raw": "from: 164906676\nto: 4294967295\ndecoded {\n  portnum: TELEMETRY_APP\n  payload: \"\\r\\341\\277\\000\\000\\022\\025\\010e\\025\\201\\225\\223@\\035\\000\\000\\000\\000%\\000\\000\\000\\000(\\243\\377\\002\"\n}\nid: 3940534711\nhop_limit: 3\npriority: BACKGROUND\n",
  "fromId": "!09d446b4",
  "toId": "^all"
}
============================================================
{
  "from": 164906676,
  "to": 4294967295,
  "decoded": {
    "portnum": "TELEMETRY_APP",
    "payload": "b'\\r\\x1e\\xc0\\x00\\x00\\x12\\x15\\x08e\\x15sh\\x91@\\x1d\\x00\\x00\\x00\\x00%\\x00\\x00\\x00\\x00(\\xdf\\xff\\x02'",
    "telemetry": {
      "time": 49182,
      "deviceMetrics": {
        "batteryLevel": 101,
        "voltage": 4.544,
        "channelUtilization": 0.0,
        "airUtilTx": 0.0,
        "uptimeSeconds": 49119
      },
      "raw": "time: 49182\ndevice_metrics {\n  battery_level: 101\n  voltage: 4.544\n  channel_utilization: 0\n  air_util_tx: 0\n  uptime_seconds: 49119\n}\n"
    }
  },
  "id": 3768466872,
  "hopLimit": 3,
  "priority": "BACKGROUND",
  "raw": "from: 164906676\nto: 4294967295\ndecoded {\n  portnum: TELEMETRY_APP\n  payload: \"\\r\\036\\300\\000\\000\\022\\025\\010e\\025sh\\221@\\035\\000\\000\\000\\000%\\000\\000\\000\\000(\\337\\377\\002\"\n}\nid: 3768466872\nhop_limit: 3\npriority: BACKGROUND\n",
  "fromId": "!09d446b4",
  "toId": "^all"
}
============================================================
{
  "from": 164906676,
  "to": 4294967295,
  "decoded": {
    "portnum": "TELEMETRY_APP",
    "payload": "b'\\rZ\\xc0\\x00\\x00\\x12\\x15\\x08e\\x15#\\xdb\\x91@\\x1d\\x00\\x00\\x00\\x00%\\x00\\x00\\x00\\x00(\\x9b\\x80\\x03'",
    "telemetry": {
      "time": 49242,
      "deviceMetrics": {
        "batteryLevel": 101,
        "voltage": 4.558,
        "channelUtilization": 0.0,
        "airUtilTx": 0.0,
        "uptimeSeconds": 49179
      },
      "raw": "time: 49242\ndevice_metrics {\n  battery_level: 101\n  voltage: 4.558\n  channel_utilization: 0\n  air_util_tx: 0\n  uptime_seconds: 49179\n}\n"
    }
  },
  "id": 2235339193,
  "hopLimit": 3,
  "priority": "BACKGROUND",
  "raw": "from: 164906676\nto: 4294967295\ndecoded {\n  portnum: TELEMETRY_APP\n  payload: \"\\rZ\\300\\000\\000\\022\\025\\010e\\025#\\333\\221@\\035\\000\\000\\000\\000%\\000\\000\\000\\000(\\233\\200\\003\"\n}\nid: 2235339193\nhop_limit: 3\npriority: BACKGROUND\n",
  "fromId": "!09d446b4",
  "toId": "^all"
}
============================================================
{
  "from": 164906676,
  "to": 4294967295,
  "decoded": {
    "portnum": "TELEMETRY_APP",
    "payload": "b'\\r\\x96\\xc0\\x00\\x00\\x12\\x15\\x08e\\x15\\xb2\\x9d\\x93@\\x1d\\x00\\x00\\x00\\x00%\\x00\\x00\\x00\\x00(\\xd8\\x80\\x03'",
    "telemetry": {
      "time": 49302,
      "deviceMetrics": {
        "batteryLevel": 101,
        "voltage": 4.613,
        "channelUtilization": 0.0,
        "airUtilTx": 0.0,
        "uptimeSeconds": 49240
      },
      "raw": "time: 49302\ndevice_metrics {\n  battery_level: 101\n  voltage: 4.613\n  channel_utilization: 0\n  air_util_tx: 0\n  uptime_seconds: 49240\n}\n"
    }
  },
  "id": 1369750970,
  "hopLimit": 3,
  "priority": "BACKGROUND",
  "raw": "from: 164906676\nto: 4294967295\ndecoded {\n  portnum: TELEMETRY_APP\n  payload: \"\\r\\226\\300\\000\\000\\022\\025\\010e\\025\\262\\235\\223@\\035\\000\\000\\000\\000%\\000\\000\\000\\000(\\330\\200\\003\"\n}\nid: 1369750970\nhop_limit: 3\npriority: BACKGROUND\n",
  "fromId": "!09d446b4",
  "toId": "^all"
}
============================================================
{
  "from": 164906676,
  "to": 4294967295,
  "decoded": {
    "portnum": "TELEMETRY_APP",
    "payload": "b'\\r\\xd2\\xc0\\x00\\x00\\x12\\x15\\x08e\\x15\\xd3M\\x92@\\x1d\\x00\\x00\\x00\\x00%\\x00\\x00\\x00\\x00(\\x94\\x81\\x03'",
    "telemetry": {
      "time": 49362,
      "deviceMetrics": {
        "batteryLevel": 101,
        "voltage": 4.572,
        "channelUtilization": 0.0,
        "airUtilTx": 0.0,
        "uptimeSeconds": 49300
      },
      "raw": "time: 49362\ndevice_metrics {\n  battery_level: 101\n  voltage: 4.572\n  channel_utilization: 0\n  air_util_tx: 0\n  uptime_seconds: 49300\n}\n"
    }
  },
  "id": 1712329147,
  "hopLimit": 3,
  "priority": "BACKGROUND",
  "raw": "from: 164906676\nto: 4294967295\ndecoded {\n  portnum: TELEMETRY_APP\n  payload: \"\\r\\322\\300\\000\\000\\022\\025\\010e\\025\\323M\\222@\\035\\000\\000\\000\\000%\\000\\000\\000\\000(\\224\\201\\003\"\n}\nid: 1712329147\nhop_limit: 3\npriority: BACKGROUND\n",
  "fromId": "!09d446b4",
  "toId": "^all"
}
============================================================
